Date,Time,Open,High,Low,Close,Volume
03/01/2024,00:00:00,18127.75,18131.0,18127.25,18128.75,178
03/01/2024,00:03:00,18129.25,18129.25,18126.5,18128.0,163
03/01/2024,00:06:00,18128.25,18135.25,18128.25,18134.0,413
03/01/2024,00:09:00,18134.0,18136.25,18128.5,18135.5,337
03/01/2024,00:12:00,18135.75,18137.5,18134.25,18136.5,259
03/01/2024,00:15:00,18137.0,18142.5,18137.0,18141.25,514
03/01/2024,00:18:00,18141.25,18142.5,18140.25,18140.75,168
03/01/2024,00:21:00,18140.75,18141.5,18137.0,18137.25,204
03/01/2024,00:24:00,18137.25,18138.5,18134.75,18137.5,219
03/01/2024,00:27:00,18138.0,18141.25,18137.5,18140.5,143
03/01/2024,00:30:00,18141.0,18142.5,18135.5,18137.25,233
03/01/2024,00:33:00,18136.5,18136.75,18132.75,18135.0,146
03/01/2024,00:36:00,18135.25,18135.25,18130.75,18131.5,94
03/01/2024,00:39:00,18131.5,18139.25,18130.25,18137.75,187
03/01/2024,00:42:00,18137.75,18137.75,18133.75,18136.0,84
03/01/2024,00:45:00,18136.5,18141.75,18136.0,18138.5,198
03/01/2024,00:48:00,18138.0,18138.0,18134.5,18136.75,85
03/01/2024,00:51:00,18136.0,18137.0,18134.0,18136.0,53
03/01/2024,00:54:00,18136.25,18137.0,18136.25,18137.0,31
03/01/2024,00:57:00,18136.75,18141.0,18136.5,18140.25,136
03/01/2024,01:00:00,18140.5,18142.25,18134.0,18142.25,307
03/01/2024,01:03:00,18142.5,18157.0,18141.75,18145.25,2183
03/01/2024,01:06:00,18145.5,18150.5,18141.25,18145.75,369
03/01/2024,01:09:00,18145.5,18149.0,18144.5,18145.5,145
03/01/2024,01:12:00,18145.75,18147.5,18144.75,18146.5,143
03/01/2024,01:15:00,18146.25,18151.25,18144.5,18150.75,227
03/01/2024,01:18:00,18150.25,18154.5,18148.5,18149.25,355
03/01/2024,01:21:00,18149.5,18151.25,18146.0,18147.75,212
03/01/2024,01:24:00,18148.5,18154.0,18148.25,18151.75,265
03/01/2024,01:27:00,18151.75,18154.0,18149.5,18152.75,241
03/01/2024,01:30:00,18152.5,18158.75,18150.5,18155.0,492
03/01/2024,01:33:00,18155.25,18163.0,18153.75,18157.25,589
03/01/2024,01:36:00,18157.25,18160.25,18156.25,18157.75,235
03/01/2024,01:39:00,18158.0,18161.5,18156.5,18160.5,234
03/01/2024,01:42:00,18160.0,18160.0,18155.25,18156.25,207
03/01/2024,01:45:00,18156.0,18157.25,18151.5,18156.75,344
03/01/2024,01:48:00,18156.75,18157.25,18154.25,18155.0,129
03/01/2024,01:51:00,18154.75,18155.75,18151.25,18153.5,156
03/01/2024,01:54:00,18153.0,18154.5,18150.75,18152.0,100
03/01/2024,01:57:00,18152.5,18156.0,18151.25,18154.75,231
03/01/2024,02:00:00,18154.5,18154.5,18145.75,18146.0,575
03/01/2024,02:03:00,18145.75,18155.0,18144.0,18153.0,625
03/01/2024,02:06:00,18153.0,18156.5,18146.5,18149.75,568
03/01/2024,02:09:00,18149.75,18151.75,18145.0,18145.75,350
03/01/2024,02:12:00,18146.0,18147.75,18138.25,18139.25,590
03/01/2024,02:15:00,18139.0,18143.0,18133.0,18143.0,713
03/01/2024,02:18:00,18142.75,18144.75,18137.5,18144.25,365
03/01/2024,02:21:00,18144.25,18144.25,18136.0,18138.75,302
03/01/2024,02:24:00,18138.75,18138.75,18131.25,18133.75,437
03/01/2024,02:27:00,18134.5,18138.0,18132.75,18135.25,256
03/01/2024,02:30:00,18135.25,18137.75,18129.5,18132.25,419
03/01/2024,02:33:00,18132.0,18134.75,18124.75,18129.0,743
03/01/2024,02:36:00,18128.75,18129.75,18125.5,18127.0,271
03/01/2024,02:39:00,18127.0,18133.5,18126.5,18130.0,312
03/01/2024,02:42:00,18130.5,18134.5,18124.25,18127.25,515
03/01/2024,02:45:00,18127.25,18130.0,18121.75,18124.25,608
03/01/2024,02:48:00,18124.75,18125.25,18118.5,18119.5,629
03/01/2024,02:51:00,18120.75,18125.5,18116.0,18118.5,613
03/01/2024,02:54:00,18118.5,18127.25,18118.5,18125.75,423
03/01/2024,02:57:00,18126.0,18130.0,18120.5,18123.75,408
03/01/2024,03:00:00,18124.0,18129.5,18120.5,18128.5,560
03/01/2024,03:03:00,18128.75,18129.25,18119.25,18121.75,540
03/01/2024,03:06:00,18122.0,18127.0,18118.25,18124.75,480
03/01/2024,03:09:00,18125.0,18134.0,18125.0,18129.25,706
03/01/2024,03:12:00,18129.25,18132.5,18124.75,18131.75,333
03/01/2024,03:15:00,18131.5,18137.25,18130.75,18135.0,489
03/01/2024,03:18:00,18135.25,18139.0,18132.75,18138.5,628
03/01/2024,03:21:00,18138.25,18141.5,18136.0,18140.75,448
03/01/2024,03:24:00,18141.0,18146.75,18138.0,18140.5,599
03/01/2024,03:27:00,18141.25,18142.0,18138.75,18140.0,247
03/01/2024,03:30:00,18140.5,18141.0,18128.75,18135.75,895
03/01/2024,03:33:00,18136.0,18141.25,18133.0,18140.5,356
03/01/2024,03:36:00,18141.0,18146.0,18139.0,18142.75,545
03/01/2024,03:39:00,18143.0,18145.5,18141.25,18145.5,212
03/01/2024,03:42:00,18145.0,18145.75,18140.5,18141.0,248
03/01/2024,03:45:00,18140.75,18141.75,18136.0,18141.5,537
03/01/2024,03:48:00,18141.75,18142.5,18136.5,18137.75,245
03/01/2024,03:51:00,18138.0,18138.5,18135.0,18137.75,192
03/01/2024,03:54:00,18138.75,18139.75,18130.75,18131.75,313
03/01/2024,03:57:00,18131.0,18133.75,18126.5,18128.25,419
03/01/2024,04:00:00,18127.5,18128.0,18120.25,18123.5,653
03/01/2024,04:03:00,18123.0,18124.75,18116.0,18120.25,612
03/01/2024,04:06:00,18119.75,18125.75,18119.75,18121.5,388
03/01/2024,04:09:00,18121.5,18123.0,18116.0,18118.25,377
03/01/2024,04:12:00,18117.5,18118.25,18087.0,18088.75,2027
03/01/2024,04:15:00,18088.75,18092.0,18065.75,18071.25,1657
03/01/2024,04:18:00,18070.0,18071.0,18048.5,18055.5,1928
03/01/2024,04:21:00,18055.0,18057.5,18041.25,18044.5,1702
03/01/2024,04:24:00,18045.25,18045.5,18029.5,18038.0,1916
03/01/2024,04:27:00,18037.5,18044.25,18035.0,18042.0,1122
03/01/2024,04:30:00,18042.0,18053.25,18040.0,18051.25,1385
03/01/2024,04:33:00,18050.75,18066.5,18050.0,18060.0,1452
03/01/2024,04:36:00,18060.25,18076.5,18059.75,18074.0,1059
03/01/2024,04:39:00,18074.25,18076.0,18064.25,18065.0,605
03/01/2024,04:42:00,18064.75,18072.75,18063.5,18071.0,434
03/01/2024,04:45:00,18071.0,18074.25,18066.0,18073.5,469
03/01/2024,04:48:00,18074.0,18074.5,18068.0,18071.0,468
03/01/2024,04:51:00,18071.0,18072.0,18056.5,18057.0,658
03/01/2024,04:54:00,18057.0,18061.5,18049.0,18061.0,906
03/01/2024,04:57:00,18060.5,18067.0,18057.5,18064.75,426
03/01/2024,05:00:00,18064.75,18073.75,18061.0,18073.0,677
03/01/2024,05:03:00,18072.75,18074.0,18066.75,18070.75,275
03/01/2024,05:06:00,18069.75,18073.5,18063.25,18068.75,381
03/01/2024,05:09:00,18068.25,18069.75,18059.75,18062.25,577
03/01/2024,05:12:00,18062.0,18073.5,18059.0,18072.75,478
03/01/2024,05:15:00,18073.0,18079.0,18072.5,18078.0,737
03/01/2024,05:18:00,18078.0,18081.5,18074.75,18075.75,658
03/01/2024,05:21:00,18076.0,18078.0,18071.0,18072.25,399
03/01/2024,05:24:00,18071.5,18079.0,18071.25,18075.0,278
03/01/2024,05:27:00,18075.75,18082.5,18075.5,18081.25,335
03/01/2024,05:30:00,18081.5,18083.5,18077.0,18079.0,401
03/01/2024,05:33:00,18079.5,18081.75,18076.5,18079.25,315
03/01/2024,05:36:00,18079.0,18079.25,18072.25,18076.75,493
03/01/2024,05:39:00,18076.75,18089.0,18076.5,18087.25,802
03/01/2024,05:42:00,18087.0,18087.75,18083.0,18085.75,347
03/01/2024,05:45:00,18085.25,18093.5,18084.0,18093.0,417
03/01/2024,05:48:00,18092.75,18094.5,18086.25,18087.75,388
03/01/2024,05:51:00,18087.25,18091.5,18085.25,18089.0,379
03/01/2024,05:54:00,18089.5,18093.0,18087.5,18089.0,288
03/01/2024,05:57:00,18089.0,18092.5,18087.75,18092.5,259
03/01/2024,06:00:00,18092.25,18096.0,18085.25,18088.25,847
03/01/2024,06:03:00,18087.75,18093.5,18080.75,18082.0,513
03/01/2024,06:06:00,18082.0,18090.0,18081.25,18082.5,604
03/01/2024,06:09:00,18082.75,18086.5,18078.25,18082.5,527
03/01/2024,06:12:00,18082.5,18086.25,18081.5,18085.75,178
03/01/2024,06:15:00,18086.0,18090.25,18083.5,18090.0,315
03/01/2024,06:18:00,18089.75,18093.25,18085.5,18089.0,330
03/01/2024,06:21:00,18089.0,18090.0,18074.75,18075.25,608
03/01/2024,06:24:00,18074.75,18082.5,18074.25,18082.25,482
03/01/2024,06:27:00,18082.75,18083.75,18077.0,18079.5,248
03/01/2024,06:30:00,18079.25,18083.75,18076.25,18078.0,330
03/01/2024,06:33:00,18078.5,18086.0,18078.5,18083.0,294
03/01/2024,06:36:00,18082.0,18088.75,18080.0,18088.5,283
03/01/2024,06:39:00,18088.25,18092.0,18088.0,18088.75,404
03/01/2024,06:42:00,18089.25,18092.0,18087.25,18089.75,302
03/01/2024,06:45:00,18088.75,18092.5,18087.75,18090.75,303
03/01/2024,06:48:00,18090.75,18098.0,18088.25,18097.25,550
03/01/2024,06:51:00,18097.5,18101.5,18096.5,18101.5,722
03/01/2024,06:54:00,18101.5,18103.5,18097.0,18097.75,487
03/01/2024,06:57:00,18097.5,18097.75,18091.25,18092.5,505
03/01/2024,07:00:00,18093.25,18100.75,18090.75,18099.5,638
03/01/2024,07:03:00,18099.75,18102.75,18094.0,18102.0,563
03/01/2024,07:06:00,18102.5,18109.0,18102.25,18106.75,868
03/01/2024,07:09:00,18106.5,18109.0,18103.25,18104.5,445
03/01/2024,07:12:00,18104.0,18109.0,18104.0,18107.0,284
03/01/2024,07:15:00,18107.0,18108.5,18102.0,18108.0,437
03/01/2024,07:18:00,18107.5,18110.5,18101.5,18103.5,639
03/01/2024,07:21:00,18104.25,18105.0,18092.75,18093.25,679
03/01/2024,07:24:00,18093.5,18095.25,18087.25,18095.0,824
03/01/2024,07:27:00,18094.75,18103.0,18094.75,18102.5,643
03/01/2024,07:30:00,18102.5,18109.25,18096.25,18096.25,1004
03/01/2024,07:33:00,18096.0,18100.0,18078.25,18093.75,2097
03/01/2024,07:36:00,18094.25,18095.5,18073.5,18080.25,2382
03/01/2024,07:39:00,18080.25,18088.5,18076.0,18076.75,1077
03/01/2024,07:42:00,18077.25,18083.75,18070.5,18083.5,1205
03/01/2024,07:45:00,18083.0,18098.5,18081.0,18097.75,1257
03/01/2024,07:48:00,18097.5,18099.75,18093.5,18094.75,690
03/01/2024,07:51:00,18095.0,18097.0,18088.0,18090.25,820
03/01/2024,07:54:00,18090.0,18091.0,18080.75,18085.25,769
03/01/2024,07:57:00,18084.75,18090.5,18084.25,18089.25,474
03/01/2024,08:00:00,18089.0,18089.5,18082.25,18085.5,665
03/01/2024,08:03:00,18085.75,18087.75,18082.75,18083.5,575
03/01/2024,08:06:00,18082.75,18091.25,18081.25,18086.5,585
03/01/2024,08:09:00,18086.25,18087.5,18081.25,18085.25,643
03/01/2024,08:12:00,18086.0,18089.25,18084.25,18087.0,466
03/01/2024,08:15:00,18087.5,18092.5,18085.5,18092.0,714
03/01/2024,08:18:00,18092.0,18093.25,18085.5,18086.75,562
03/01/2024,08:21:00,18087.25,18095.0,18087.25,18093.5,699
03/01/2024,08:24:00,18094.0,18096.25,18088.0,18091.25,989
03/01/2024,08:27:00,18091.0,18097.75,18090.0,18096.5,1055
03/01/2024,08:30:00,18096.5,18136.25,18093.75,18133.5,13597
03/01/2024,08:33:00,18133.5,18144.5,18126.0,18129.0,8842
03/01/2024,08:36:00,18129.25,18132.0,18105.5,18125.5,9987
03/01/2024,08:39:00,18124.75,18133.5,18112.5,18115.5,7164
03/01/2024,08:42:00,18115.75,18144.25,18113.25,18135.0,5205
03/01/2024,08:45:00,18134.0,18137.5,18107.5,18110.0,6052
03/01/2024,08:48:00,18110.0,18123.5,18095.25,18112.0,6816
03/01/2024,08:51:00,18111.75,18127.5,18107.25,18121.5,4372
03/01/2024,08:54:00,18121.75,18128.5,18110.0,18122.5,4012
03/01/2024,08:57:00,18122.5,18134.0,18121.5,18133.0,2721
03/01/2024,09:00:00,18134.0,18176.0,18131.0,18143.0,15130
03/01/2024,09:03:00,18143.5,18157.5,18122.0,18149.5,11004
03/01/2024,09:06:00,18149.75,18173.75,18140.5,18165.25,7262
03/01/2024,09:09:00,18164.5,18186.0,18164.5,18173.75,7169
03/01/2024,09:12:00,18174.5,18189.25,18174.0,18185.0,4153
03/01/2024,09:15:00,18184.5,18196.75,18182.0,18186.75,5402
03/01/2024,09:18:00,18187.0,18188.0,18170.0,18178.25,4905
03/01/2024,09:21:00,18178.0,18184.25,18159.5,18165.75,4911
03/01/2024,09:24:00,18165.75,18189.5,18164.25,18182.25,5114
03/01/2024,09:27:00,18182.0,18186.0,18175.75,18180.0,3174
03/01/2024,09:30:00,18180.0,18184.5,18147.75,18158.0,6944
03/01/2024,09:33:00,18157.75,18164.75,18143.75,18162.75,5642
03/01/2024,09:36:00,18163.25,18168.25,18155.5,18159.5,3434
03/01/2024,09:39:00,18159.25,18167.25,18153.25,18166.0,2781
03/01/2024,09:42:00,18166.25,18172.25,18164.5,18170.0,2646
03/01/2024,09:45:00,18169.75,18189.25,18167.75,18186.75,4302
03/01/2024,09:48:00,18187.0,18188.25,18171.25,18177.75,3637
03/01/2024,09:51:00,18177.5,18186.25,18170.25,18182.75,2999
03/01/2024,09:54:00,18182.75,18204.5,18182.75,18191.5,6229
03/01/2024,09:57:00,18191.5,18195.0,18184.75,18191.75,3404
03/01/2024,10:00:00,18192.0,18205.25,18188.25,18200.5,4510
03/01/2024,10:03:00,18201.0,18218.75,18201.0,18216.25,5331
03/01/2024,10:06:00,18216.25,18235.25,18216.25,18229.0,5074
03/01/2024,10:09:00,18229.25,18234.25,18222.0,18224.75,4019
03/01/2024,10:12:00,18224.75,18225.0,18214.25,18216.25,3590
03/01/2024,10:15:00,18216.75,18233.0,18216.5,18227.75,3450
03/01/2024,10:18:00,18228.0,18241.5,18223.0,18240.0,3047
03/01/2024,10:21:00,18239.75,18242.0,18229.5,18233.25,2734
03/01/2024,10:24:00,18233.25,18233.75,18220.25,18224.25,3038
03/01/2024,10:27:00,18223.75,18232.75,18221.5,18229.0,2480
03/01/2024,10:30:00,18229.75,18234.5,18215.5,18218.75,3908
03/01/2024,10:33:00,18218.75,18225.75,18208.75,18215.0,4122
03/01/2024,10:36:00,18215.25,18233.25,18213.75,18224.0,3843
03/01/2024,10:39:00,18224.5,18235.5,18222.0,18229.5,2952
03/01/2024,10:42:00,18229.5,18233.5,18225.75,18229.25,1730
03/01/2024,10:45:00,18228.75,18238.75,18226.0,18238.75,2191
03/01/2024,10:48:00,18238.75,18243.75,18234.0,18239.75,2874
03/01/2024,10:51:00,18240.25,18249.25,18238.5,18246.5,3324
03/01/2024,10:54:00,18246.75,18247.5,18240.0,18244.25,2075
03/01/2024,10:57:00,18244.25,18246.0,18234.5,18239.25,2343
03/01/2024,11:00:00,18240.0,18240.5,18225.0,18231.0,3029
03/01/2024,11:03:00,18230.75,18233.0,18222.5,18225.5,1950
03/01/2024,11:06:00,18226.0,18235.0,18221.75,18224.75,2308
03/01/2024,11:09:00,18224.5,18239.75,18222.25,18239.25,2347
03/01/2024,11:12:00,18239.5,18253.25,18239.25,18251.0,3902
03/01/2024,11:15:00,18251.5,18254.75,18247.75,18251.5,2355
03/01/2024,11:18:00,18251.5,18263.75,18250.25,18262.0,3421
03/01/2024,11:21:00,18262.25,18263.0,18255.5,18259.5,1767
03/01/2024,11:24:00,18260.0,18270.0,18259.0,18269.5,2846
03/01/2024,11:27:00,18269.5,18271.5,18263.0,18266.25,2316
03/01/2024,11:30:00,18266.0,18268.5,18256.25,18264.25,3166
03/01/2024,11:33:00,18264.75,18273.75,18263.0,18267.75,2906
03/01/2024,11:36:00,18267.75,18277.25,18265.25,18267.75,3342
03/01/2024,11:39:00,18267.75,18271.25,18262.0,18265.25,1611
03/01/2024,11:42:00,18265.5,18273.5,18264.25,18270.25,2288
03/01/2024,11:45:00,18270.5,18274.0,18262.75,18268.25,1854
03/01/2024,11:48:00,18268.0,18285.5,18267.75,18283.0,5131
03/01/2024,11:51:00,18283.0,18287.75,18276.75,18284.5,3330
03/01/2024,11:54:00,18284.5,18291.0,18279.75,18282.0,3243
03/01/2024,11:57:00,18281.75,18291.75,18281.75,18286.0,2376
03/01/2024,12:00:00,18286.5,18290.0,18280.0,18287.75,2418
03/01/2024,12:03:00,18288.0,18296.25,18285.5,18292.25,2881
03/01/2024,12:06:00,18292.25,18306.25,18290.5,18304.5,3818
03/01/2024,12:09:00,18304.5,18309.75,18300.5,18308.75,2366
03/01/2024,12:12:00,18309.0,18311.5,18302.25,18305.5,2420
03/01/2024,12:15:00,18305.5,18309.0,18300.0,18302.25,2004
03/01/2024,12:18:00,18301.75,18307.0,18299.75,18305.75,1991
03/01/2024,12:21:00,18306.5,18312.75,18302.5,18310.5,2247
03/01/2024,12:24:00,18310.5,18316.75,18308.75,18314.0,2741
03/01/2024,12:27:00,18314.0,18320.25,18311.0,18318.75,2645
03/01/2024,12:30:00,18318.5,18325.5,18313.0,18316.75,2784
03/01/2024,12:33:00,18317.0,18323.0,18315.25,18318.0,2014
03/01/2024,12:36:00,18318.0,18328.5,18317.5,18328.0,2172
03/01/2024,12:39:00,18328.0,18341.5,18326.0,18339.5,4906
03/01/2024,12:42:00,18339.25,18345.75,18337.5,18338.25,3242
03/01/2024,12:45:00,18338.5,18346.75,18336.5,18343.0,2371
03/01/2024,12:48:00,18342.5,18343.0,18333.75,18336.75,2570
03/01/2024,12:51:00,18336.5,18341.75,18334.25,18338.25,2056
03/01/2024,12:54:00,18338.5,18347.75,18337.25,18345.75,2319
03/01/2024,12:57:00,18346.25,18348.25,18341.75,18345.0,1711
03/01/2024,13:00:00,18344.75,18358.0,18343.75,18356.5,4752
03/01/2024,13:03:00,18356.25,18360.75,18352.5,18354.5,2721
03/01/2024,13:06:00,18354.5,18356.5,18343.0,18350.0,3197
03/01/2024,13:09:00,18349.75,18359.5,18348.5,18359.0,2054
03/01/2024,13:12:00,18358.5,18363.75,18350.25,18357.25,3528
03/01/2024,13:15:00,18357.5,18368.5,18354.75,18366.25,3117
03/01/2024,13:18:00,18366.5,18367.25,18353.25,18361.75,2595
03/01/2024,13:21:00,18361.5,18365.5,18350.25,18351.75,2773
03/01/2024,13:24:00,18352.0,18362.75,18341.75,18360.0,4030
03/01/2024,13:27:00,18360.25,18370.5,18357.75,18367.75,2737
03/01/2024,13:30:00,18368.0,18372.75,18353.0,18356.25,3837
03/01/2024,13:33:00,18356.25,18356.25,18343.25,18343.75,3531
03/01/2024,13:36:00,18343.75,18356.75,18339.0,18348.25,3855
03/01/2024,13:39:00,18348.75,18350.0,18332.75,18337.75,4553
03/01/2024,13:42:00,18338.0,18348.0,18336.25,18347.0,3559
03/01/2024,13:45:00,18347.0,18355.75,18345.5,18355.5,2691
03/01/2024,13:48:00,18355.5,18362.5,18352.0,18361.0,3144
03/01/2024,13:51:00,18360.75,18365.5,18354.0,18364.25,2321
03/01/2024,13:54:00,18364.75,18368.5,18361.25,18366.75,1859
03/01/2024,13:57:00,18367.25,18371.25,18365.0,18366.25,2277
03/01/2024,14:00:00,18366.5,18367.0,18348.25,18351.25,3756
03/01/2024,14:03:00,18351.0,18356.0,18339.75,18352.75,2934
03/01/2024,14:06:00,18352.75,18354.0,18331.25,18342.25,4462
03/01/2024,14:09:00,18342.0,18347.25,18330.5,18332.25,3352
03/01/2024,14:12:00,18332.25,18341.75,18323.75,18338.5,3500
03/01/2024,14:15:00,18338.25,18338.5,18321.75,18326.0,2826
03/01/2024,14:18:00,18326.0,18340.5,18323.75,18336.25,4077
03/01/2024,14:21:00,18336.0,18339.25,18328.5,18335.0,2070
03/01/2024,14:24:00,18335.25,18342.0,18329.25,18341.25,2772
03/01/2024,14:27:00,18341.25,18348.0,18338.0,18344.5,2442
03/01/2024,14:30:00,18345.0,18346.5,18331.5,18333.5,2642
03/01/2024,14:33:00,18333.25,18340.0,18331.75,18335.5,2079
03/01/2024,14:36:00,18335.5,18341.0,18330.75,18333.0,2345
03/01/2024,14:39:00,18332.5,18338.75,18329.0,18334.25,2294
03/01/2024,14:42:00,18334.25,18340.5,18330.0,18340.5,2369
03/01/2024,14:45:00,18340.0,18347.75,18335.75,18345.25,3059
03/01/2024,14:48:00,18345.5,18346.75,18333.25,18338.5,4208
03/01/2024,14:51:00,18338.25,18341.5,18329.75,18339.0,4018
03/01/2024,14:54:00,18339.0,18344.5,18334.25,18340.5,4970
03/01/2024,14:57:00,18340.75,18344.25,18333.0,18335.0,11855
03/01/2024,15:00:00,18335.0,18335.25,18322.5,18326.25,6785
03/01/2024,15:03:00,18326.5,18326.5,18315.0,18321.75,2946
03/01/2024,15:06:00,18321.75,18324.25,18318.25,18324.25,1298
03/01/2024,15:09:00,18324.0,18327.5,18322.25,18327.5,1315
03/01/2024,15:12:00,18327.25,18327.25,18322.0,18324.25,995
03/01/2024,15:15:00,18324.0,18324.25,18319.0,18322.5,710
03/01/2024,15:18:00,18322.75,18325.75,18322.5,18324.0,293
03/01/2024,15:21:00,18323.75,18328.0,18323.5,18326.75,292
03/01/2024,15:24:00,18326.5,18326.5,18323.25,18323.75,276
03/01/2024,15:27:00,18323.75,18326.75,18322.75,18322.75,201
03/01/2024,15:30:00,18323.25,18324.0,18321.5,18323.25,197
03/01/2024,15:33:00,18323.0,18323.25,18321.5,18323.0,188
03/01/2024,15:36:00,18323.0,18325.0,18322.25,18324.25,136
03/01/2024,15:39:00,18324.25,18325.0,18321.5,18322.0,361
03/01/2024,15:42:00,18322.25,18325.25,18322.0,18324.5,201
03/01/2024,15:45:00,18324.25,18324.25,18320.0,18321.75,367
03/01/2024,15:48:00,18321.5,18321.5,18317.0,18317.0,178
03/01/2024,15:51:00,18317.0,18318.5,18316.0,18318.0,184
03/01/2024,15:54:00,18318.25,18322.75,18316.0,18321.5,426
03/01/2024,15:57:00,18321.25,18323.25,18319.0,18321.0,716
03/03/2024,17:00:00,18336.0,18355.5,18333.0,18344.0,1333
03/03/2024,17:03:00,18343.5,18350.0,18337.25,18348.0,514
03/03/2024,17:06:00,18348.25,18359.0,18348.25,18358.0,674
03/03/2024,17:09:00,18357.5,18363.75,18355.75,18362.5,483
03/03/2024,17:12:00,18363.0,18365.5,18359.0,18359.75,406
03/03/2024,17:15:00,18360.0,18362.5,18357.5,18358.0,397
03/03/2024,17:18:00,18357.75,18359.5,18354.0,18354.25,298
03/03/2024,17:21:00,18354.25,18355.75,18346.25,18348.0,522
03/03/2024,17:24:00,18347.25,18351.75,18346.75,18349.5,382
03/03/2024,17:27:00,18349.75,18356.25,18347.5,18347.5,396
03/03/2024,17:30:00,18347.5,18354.25,18347.5,18350.25,414
03/03/2024,17:33:00,18350.5,18353.5,18347.5,18348.0,276
03/03/2024,17:36:00,18347.75,18347.75,18339.0,18342.0,572
03/03/2024,17:39:00,18342.0,18343.5,18331.75,18332.75,756
03/03/2024,17:42:00,18332.5,18338.5,18327.75,18337.25,506
03/03/2024,17:45:00,18337.0,18339.0,18334.25,18338.25,199
03/03/2024,17:48:00,18338.5,18341.5,18338.25,18340.25,190
03/03/2024,17:51:00,18339.75,18342.0,18338.25,18340.5,89
03/03/2024,17:54:00,18340.5,18341.5,18337.5,18339.5,153
03/03/2024,17:57:00,18340.5,18344.5,18340.25,18343.0,124
03/03/2024,18:00:00,18344.5,18344.75,18328.25,18337.0,600
03/03/2024,18:03:00,18337.5,18339.0,18331.25,18331.5,193
03/03/2024,18:06:00,18332.0,18336.75,18326.5,18333.75,487
03/03/2024,18:09:00,18333.25,18339.0,18330.25,18330.75,263
03/03/2024,18:12:00,18330.75,18335.0,18330.25,18333.75,106
03/03/2024,18:15:00,18334.5,18337.0,18331.0,18335.0,334
03/03/2024,18:18:00,18334.0,18334.0,18329.25,18331.5,188
03/03/2024,18:21:00,18331.75,18335.75,18331.0,18335.5,148
03/03/2024,18:24:00,18335.0,18337.5,18334.0,18337.5,154
03/03/2024,18:27:00,18336.75,18340.0,18335.5,18339.75,246
03/03/2024,18:30:00,18340.0,18344.5,18337.25,18339.0,526
03/03/2024,18:33:00,18339.75,18346.75,18339.5,18341.75,307
03/03/2024,18:36:00,18341.75,18342.75,18340.75,18342.25,100
03/03/2024,18:39:00,18342.25,18342.25,18337.5,18338.5,177
03/03/2024,18:42:00,18338.75,18341.75,18338.75,18340.0,105
03/03/2024,18:45:00,18340.25,18340.25,18336.25,18338.5,124
03/03/2024,18:48:00,18339.0,18342.0,18338.25,18340.75,115
03/03/2024,18:51:00,18341.0,18345.25,18340.75,18342.0,232
03/03/2024,18:54:00,18342.0,18345.75,18340.0,18340.0,169
03/03/2024,18:57:00,18340.25,18343.75,18340.25,18340.25,74
03/03/2024,19:00:00,18340.75,18346.25,18340.0,18340.75,347
03/03/2024,19:03:00,18341.0,18342.0,18338.25,18341.25,161
03/03/2024,19:06:00,18341.0,18341.0,18336.0,18336.5,172
03/03/2024,19:09:00,18337.25,18341.25,18335.75,18337.25,215
03/03/2024,19:12:00,18337.25,18342.0,18336.5,18341.0,133
03/03/2024,19:15:00,18340.25,18344.25,18340.25,18342.5,140
03/03/2024,19:18:00,18342.5,18343.25,18340.25,18342.0,114
03/03/2024,19:21:00,18341.75,18347.25,18341.0,18345.25,164
03/03/2024,19:24:00,18346.0,18346.0,18339.25,18344.5,184
03/03/2024,19:27:00,18344.5,18345.75,18342.0,18345.0,118
03/03/2024,19:30:00,18345.75,18345.75,18340.5,18341.25,129
03/03/2024,19:33:00,18341.5,18350.0,18341.5,18348.75,277
03/03/2024,19:36:00,18349.25,18349.5,18346.25,18348.0,151
03/03/2024,19:39:00,18348.0,18348.0,18345.75,18346.25,69
03/03/2024,19:42:00,18346.75,18348.0,18345.25,18345.5,119
03/03/2024,19:45:00,18345.25,18347.75,18344.0,18346.0,137
03/03/2024,19:48:00,18346.0,18349.75,18346.0,18347.75,161
03/03/2024,19:51:00,18347.5,18347.5,18341.0,18342.75,195
03/03/2024,19:54:00,18343.5,18345.5,18342.0,18345.5,103
03/03/2024,19:57:00,18345.0,18350.5,18344.75,18347.0,324
03/03/2024,20:00:00,18347.0,18352.0,18346.75,18350.25,280
03/03/2024,20:03:00,18350.0,18351.5,18348.5,18349.5,128
03/03/2024,20:06:00,18349.5,18349.5,18345.0,18345.0,254
03/03/2024,20:09:00,18345.0,18346.5,18342.25,18346.5,259
03/03/2024,20:12:00,18346.0,18347.5,18344.25,18346.5,133
03/03/2024,20:15:00,18345.5,18349.5,18345.5,18348.5,188
03/03/2024,20:18:00,18348.0,18350.75,18348.0,18349.5,140
03/03/2024,20:21:00,18349.5,18351.75,18348.25,18350.75,221
03/03/2024,20:24:00,18350.75,18351.75,18349.25,18349.25,107
03/03/2024,20:27:00,18349.5,18352.5,18349.25,18352.0,118
03/03/2024,20:30:00,18352.25,18352.5,18348.75,18350.5,145
03/03/2024,20:33:00,18351.0,18353.75,18350.75,18352.25,152
03/03/2024,20:36:00,18353.0,18354.0,18351.25,18352.25,90
03/03/2024,20:39:00,18352.75,18355.25,18351.75,18353.0,192
03/03/2024,20:42:00,18353.25,18357.0,18353.25,18356.25,169
03/03/2024,20:45:00,18356.25,18360.75,18355.75,18359.75,341
03/03/2024,20:48:00,18360.25,18361.75,18356.5,18358.0,346
03/03/2024,20:51:00,18357.5,18360.0,18356.75,18357.75,135
03/03/2024,20:54:00,18357.25,18357.75,18355.75,18357.25,131
03/03/2024,20:57:00,18356.5,18358.0,18355.0,18356.5,101
03/03/2024,21:00:00,18356.75,18357.75,18355.5,18355.5,79
03/03/2024,21:03:00,18355.5,18357.0,18354.75,18355.75,107
03/03/2024,21:06:00,18355.25,18356.0,18352.75,18353.5,148
03/03/2024,21:09:00,18354.25,18354.75,18353.0,18353.0,80
03/03/2024,21:12:00,18353.0,18354.5,18352.25,18354.5,112
03/03/2024,21:15:00,18354.0,18357.0,18353.5,18354.25,214
03/03/2024,21:18:00,18354.25,18355.25,18353.75,18354.25,49
03/03/2024,21:21:00,18354.75,18356.0,18354.0,18355.5,130
03/03/2024,21:24:00,18356.0,18356.5,18353.0,18354.75,110
03/03/2024,21:27:00,18355.0,18355.25,18353.75,18355.25,22
03/03/2024,21:30:00,18355.0,18355.0,18354.0,18354.75,42
03/03/2024,21:33:00,18354.5,18354.75,18352.25,18353.0,112
03/03/2024,21:36:00,18353.0,18353.25,18351.25,18351.5,114
03/03/2024,21:39:00,18352.0,18352.0,18349.5,18349.5,183
03/03/2024,21:42:00,18349.5,18354.25,18348.0,18354.0,317
03/03/2024,21:45:00,18354.0,18354.0,18351.75,18353.25,106
03/03/2024,21:48:00,18353.25,18354.0,18352.0,18353.0,52
03/03/2024,21:51:00,18353.25,18353.25,18351.5,18352.5,53
03/03/2024,21:54:00,18353.0,18354.75,18353.0,18354.0,74
03/03/2024,21:57:00,18354.5,18354.5,18351.25,18352.25,90
03/03/2024,22:00:00,18353.0,18353.75,18352.5,18353.5,69
03/03/2024,22:03:00,18353.0,18355.0,18352.25,18352.75,145
03/03/2024,22:06:00,18353.0,18353.75,18351.75,18353.25,74
03/03/2024,22:09:00,18353.5,18354.5,18352.0,18353.5,94
03/03/2024,22:12:00,18353.0,18353.5,18351.25,18352.25,100
03/03/2024,22:15:00,18352.0,18352.75,18349.0,18351.25,185
03/03/2024,22:18:00,18351.5,18351.5,18349.75,18349.75,66
03/03/2024,22:21:00,18349.75,18351.75,18349.75,18351.25,82
03/03/2024,22:24:00,18351.5,18353.0,18351.25,18352.75,97
03/03/2024,22:27:00,18352.5,18352.5,18349.5,18349.5,138
03/03/2024,22:30:00,18349.5,18350.5,18348.75,18350.25,76
03/03/2024,22:33:00,18350.0,18350.75,18349.5,18350.25,70
03/03/2024,22:36:00,18350.25,18352.0,18348.5,18351.5,116
03/03/2024,22:39:00,18351.0,18351.5,18350.0,18350.25,45
03/03/2024,22:42:00,18350.75,18351.5,18350.25,18350.25,38
03/03/2024,22:45:00,18350.25,18350.25,18346.25,18347.0,173
03/03/2024,22:48:00,18346.75,18347.5,18343.75,18345.75,209
03/03/2024,22:51:00,18345.0,18348.5,18344.75,18347.75,123
03/03/2024,22:54:00,18347.75,18349.25,18347.75,18348.5,90
03/03/2024,22:57:00,18348.0,18349.25,18348.0,18348.75,37
03/03/2024,23:00:00,18349.0,18350.75,18348.25,18350.0,176
03/03/2024,23:03:00,18350.0,18350.25,18348.5,18349.5,71
03/03/2024,23:06:00,18349.25,18349.75,18348.5,18348.75,56
03/03/2024,23:09:00,18348.75,18351.5,18348.75,18351.0,87
03/03/2024,23:12:00,18351.25,18352.0,18349.25,18349.25,139
03/03/2024,23:15:00,18349.75,18351.75,18349.25,18351.5,64
03/03/2024,23:18:00,18351.25,18352.0,18349.75,18350.0,72
03/03/2024,23:21:00,18350.25,18354.5,18350.25,18353.5,238
03/03/2024,23:24:00,18353.25,18354.25,18352.75,18354.25,42
03/03/2024,23:27:00,18354.0,18354.25,18351.25,18351.5,115
03/03/2024,23:30:00,18351.0,18351.5,18349.0,18351.25,179
03/03/2024,23:33:00,18351.25,18352.25,18349.0,18349.0,71
03/03/2024,23:36:00,18349.0,18350.25,18346.75,18347.25,98
03/03/2024,23:39:00,18347.0,18348.0,18346.0,18347.25,123
03/03/2024,23:42:00,18347.0,18348.5,18346.25,18347.5,71
03/03/2024,23:45:00,18347.75,18349.25,18346.75,18348.5,63
03/03/2024,23:48:00,18348.5,18349.25,18347.25,18348.0,64
03/03/2024,23:51:00,18348.5,18351.75,18348.5,18350.75,110
03/03/2024,23:54:00,18350.75,18352.75,18350.25,18351.75,64
03/03/2024,23:57:00,18351.75,18351.75,18347.25,18347.5,182
03/04/2024,00:00:00,18347.0,18348.0,18342.75,18347.75,351
03/04/2024,00:03:00,18348.0,18348.75,18344.5,18346.25,113
03/04/2024,00:06:00,18345.25,18347.0,18345.0,18347.0,52
03/04/2024,00:09:00,18346.75,18347.5,18345.75,18347.25,54
03/04/2024,00:12:00,18347.5,18351.0,18347.5,18351.0,86
03/04/2024,00:15:00,18350.75,18351.25,18349.25,18350.5,130
03/04/2024,00:18:00,18350.75,18354.75,18350.0,18354.0,218
03/04/2024,00:21:00,18354.0,18354.0,18351.25,18353.25,70
03/04/2024,00:24:00,18352.75,18352.75,18349.25,18350.25,69
03/04/2024,00:27:00,18350.5,18352.0,18350.0,18350.5,97
03/04/2024,00:30:00,18350.0,18354.0,18348.5,18353.25,142
03/04/2024,00:33:00,18352.75,18355.75,18351.5,18354.0,164
03/04/2024,00:36:00,18353.75,18357.25,18351.5,18353.25,144
03/04/2024,00:39:00,18354.0,18354.0,18352.5,18353.0,39
03/04/2024,00:42:00,18353.0,18353.75,18351.75,18351.75,33
03/04/2024,00:45:00,18352.25,18353.25,18347.75,18353.25,148
03/04/2024,00:48:00,18353.25,18353.25,18347.75,18347.75,87
03/04/2024,00:51:00,18348.0,18353.25,18347.5,18352.75,104
03/04/2024,00:54:00,18352.5,18354.0,18349.25,18349.5,83
03/04/2024,00:57:00,18349.75,18353.0,18349.5,18351.5,60
03/04/2024,01:00:00,18352.0,18352.5,18348.25,18349.5,124
03/04/2024,01:03:00,18349.25,18356.0,18348.0,18356.0,238
03/04/2024,01:06:00,18355.5,18358.75,18354.75,18358.25,230
03/04/2024,01:09:00,18358.0,18360.75,18355.25,18355.25,341
03/04/2024,01:12:00,18356.0,18360.25,18354.75,18357.5,148
03/04/2024,01:15:00,18357.0,18358.0,18354.0,18355.5,121
03/04/2024,01:18:00,18355.25,18355.25,18351.5,18352.75,102
03/04/2024,01:21:00,18353.25,18355.75,18352.0,18352.25,152
03/04/2024,01:24:00,18352.25,18354.25,18350.5,18350.75,152
03/04/2024,01:27:00,18351.0,18356.25,18350.0,18356.25,163
03/04/2024,01:30:00,18356.5,18358.25,18352.5,18355.25,338
03/04/2024,01:33:00,18355.0,18357.0,18354.0,18356.5,140
03/04/2024,01:36:00,18356.75,18357.0,18350.25,18353.5,172
03/04/2024,01:39:00,18353.5,18355.25,18352.0,18354.5,99
03/04/2024,01:42:00,18353.75,18354.5,18351.75,18353.25,103
03/04/2024,01:45:00,18353.25,18354.5,18351.75,18353.75,78
03/04/2024,01:48:00,18354.0,18355.75,18352.25,18353.5,144
03/04/2024,01:51:00,18353.0,18355.75,18352.75,18355.5,133
03/04/2024,01:54:00,18355.25,18359.25,18355.25,18357.75,232
03/04/2024,01:57:00,18358.0,18360.25,18357.5,18359.0,170
03/04/2024,02:00:00,18359.5,18364.25,18352.5,18358.25,787
03/04/2024,02:03:00,18358.25,18362.0,18356.25,18358.0,251
03/04/2024,02:06:00,18358.0,18364.25,18356.75,18364.0,269
03/04/2024,02:09:00,18364.5,18371.0,18363.0,18366.0,1056
03/04/2024,02:12:00,18366.25,18368.5,18357.25,18360.0,478
03/04/2024,02:15:00,18359.75,18364.75,18354.0,18363.5,456
03/04/2024,02:18:00,18364.0,18366.5,18361.25,18362.0,296
03/04/2024,02:21:00,18362.25,18364.25,18358.25,18359.5,256
03/04/2024,02:24:00,18358.75,18361.5,18356.25,18361.5,226
03/04/2024,02:27:00,18361.5,18365.5,18359.5,18362.0,231
03/04/2024,02:30:00,18361.75,18365.25,18358.25,18361.0,242
03/04/2024,02:33:00,18361.25,18364.5,18360.0,18362.0,124
03/04/2024,02:36:00,18362.5,18364.75,18359.0,18360.25,149
03/04/2024,02:39:00,18360.5,18363.25,18358.25,18363.25,222
03/04/2024,02:42:00,18363.25,18364.25,18360.5,18362.75,280
03/04/2024,02:45:00,18363.5,18364.75,18359.25,18361.25,336
03/04/2024,02:48:00,18361.25,18362.0,18357.25,18360.75,169
03/04/2024,02:51:00,18360.75,18364.0,18358.75,18360.25,171
03/04/2024,02:54:00,18360.5,18363.5,18358.75,18359.75,156
03/04/2024,02:57:00,18359.25,18364.5,18358.0,18364.25,167
03/04/2024,03:00:00,18364.0,18367.5,18362.0,18364.75,461
03/04/2024,03:03:00,18365.25,18370.0,18360.0,18370.0,481
03/04/2024,03:06:00,18370.0,18377.75,18363.75,18364.0,1477
03/04/2024,03:09:00,18364.25,18364.5,18359.5,18361.0,621
03/04/2024,03:12:00,18361.0,18361.25,18351.25,18357.25,727
03/04/2024,03:15:00,18357.0,18360.25,18353.75,18359.25,447
03/04/2024,03:18:00,18359.25,18359.25,18352.25,18352.75,307
03/04/2024,03:21:00,18352.25,18352.75,18347.5,18349.0,518
03/04/2024,03:24:00,18349.5,18352.25,18346.75,18347.5,316
03/04/2024,03:27:00,18347.25,18350.25,18343.0,18343.75,452
03/04/2024,03:30:00,18343.75,18347.5,18340.25,18343.25,579
03/04/2024,03:33:00,18343.0,18343.5,18338.0,18342.0,593
03/04/2024,03:36:00,18341.5,18342.25,18336.25,18340.75,417
03/04/2024,03:39:00,18340.25,18341.5,18338.5,18339.25,319
03/04/2024,03:42:00,18339.75,18342.25,18336.25,18340.75,571
03/04/2024,03:45:00,18340.25,18342.25,18337.0,18339.75,546
03/04/2024,03:48:00,18339.75,18341.25,18337.5,18338.0,357
03/04/2024,03:51:00,18337.5,18343.0,18336.75,18341.75,315
03/04/2024,03:54:00,18342.5,18344.5,18340.5,18340.75,281
03/04/2024,03:57:00,18340.75,18342.0,18330.75,18332.0,557
03/04/2024,04:00:00,18332.0,18333.25,18325.0,18331.25,907
03/04/2024,04:03:00,18331.0,18335.5,18328.25,18333.75,377
03/04/2024,04:06:00,18332.5,18334.75,18331.75,18332.75,167
03/04/2024,04:09:00,18332.5,18333.25,18324.75,18325.75,430
03/04/2024,04:12:00,18325.5,18333.0,18325.25,18325.75,407
03/04/2024,04:15:00,18326.0,18331.25,18325.0,18329.0,358
03/04/2024,04:18:00,18329.0,18329.25,18320.75,18321.25,671
03/04/2024,04:21:00,18321.25,18329.25,18318.5,18328.5,812
03/04/2024,04:24:00,18328.75,18332.0,18327.0,18327.25,414
03/04/2024,04:27:00,18327.25,18328.25,18323.5,18325.0,262
03/04/2024,04:30:00,18325.0,18327.75,18323.25,18326.25,271
03/04/2024,04:33:00,18327.0,18333.75,18325.5,18330.5,356
03/04/2024,04:36:00,18331.0,18333.0,18323.0,18325.5,682
03/04/2024,04:39:00,18326.0,18331.0,18325.0,18330.75,383
03/04/2024,04:42:00,18330.25,18331.25,18327.5,18329.25,281
03/04/2024,04:45:00,18329.5,18330.25,18325.5,18326.75,361
03/04/2024,04:48:00,18327.25,18329.5,18325.5,18329.5,203
03/04/2024,04:51:00,18329.5,18329.5,18325.0,18328.5,279
03/04/2024,04:54:00,18329.0,18330.75,18328.0,18330.5,237
03/04/2024,04:57:00,18331.0,18332.75,18328.25,18328.75,311
03/04/2024,05:00:00,18329.25,18331.75,18325.25,18328.0,474
03/04/2024,05:03:00,18328.0,18328.5,18323.5,18324.25,248
03/04/2024,05:06:00,18325.0,18325.0,18310.75,18318.0,1408
03/04/2024,05:09:00,18318.75,18321.25,18312.25,18319.25,683
03/04/2024,05:12:00,18319.0,18319.5,18311.75,18314.5,806
03/04/2024,05:15:00,18314.75,18321.5,18310.75,18320.75,492
03/04/2024,05:18:00,18321.0,18321.0,18316.75,18318.75,292
03/04/2024,05:21:00,18319.5,18321.25,18315.75,18320.0,405
03/04/2024,05:24:00,18319.75,18321.5,18317.25,18318.25,379
03/04/2024,05:27:00,18318.5,18322.0,18318.0,18320.0,257
03/04/2024,05:30:00,18320.25,18326.5,18320.0,18325.5,531
03/04/2024,05:33:00,18325.75,18326.0,18321.25,18322.75,287
03/04/2024,05:36:00,18323.0,18324.0,18319.5,18322.5,392
03/04/2024,05:39:00,18322.5,18322.75,18319.0,18320.75,283
03/04/2024,05:42:00,18320.5,18326.25,18319.25,18325.5,396
03/04/2024,05:45:00,18325.5,18333.0,18324.5,18330.75,559
03/04/2024,05:48:00,18330.5,18333.5,18328.5,18332.0,372
03/04/2024,05:51:00,18331.75,18333.0,18330.5,18331.0,192
03/04/2024,05:54:00,18330.75,18332.0,18328.0,18332.0,310
03/04/2024,05:57:00,18332.0,18336.75,18331.25,18334.5,446
03/04/2024,06:00:00,18335.0,18337.5,18329.0,18334.75,1360
03/04/2024,06:03:00,18334.5,18342.75,18334.5,18339.25,839
03/04/2024,06:06:00,18339.0,18342.0,18338.0,18339.5,258
03/04/2024,06:09:00,18339.0,18339.0,18334.5,18337.75,290
03/04/2024,06:12:00,18337.75,18346.0,18337.5,18345.25,534
03/04/2024,06:15:00,18345.5,18348.0,18341.25,18347.5,529
03/04/2024,06:18:00,18347.5,18348.25,18342.5,18344.75,397
03/04/2024,06:21:00,18344.0,18345.75,18341.0,18345.75,262
03/04/2024,06:24:00,18346.0,18347.25,18344.0,18345.0,270
03/04/2024,06:27:00,18345.0,18350.5,18343.5,18349.0,460
03/04/2024,06:30:00,18349.25,18349.75,18345.75,18347.25,316
03/04/2024,06:33:00,18347.0,18347.5,18342.25,18343.75,343
03/04/2024,06:36:00,18344.5,18346.0,18342.5,18343.25,289
03/04/2024,06:39:00,18343.0,18344.5,18338.5,18343.0,543
03/04/2024,06:42:00,18343.75,18352.75,18343.0,18352.25,643
03/04/2024,06:45:00,18352.0,18352.0,18346.0,18348.5,572
03/04/2024,06:48:00,18348.5,18350.25,18345.0,18345.5,314
03/04/2024,06:51:00,18345.75,18346.25,18339.0,18340.25,420
03/04/2024,06:54:00,18340.25,18341.25,18334.0,18335.0,642
03/04/2024,06:57:00,18335.0,18336.25,18332.5,18333.75,396
03/04/2024,07:00:00,18333.75,18336.75,18326.75,18328.0,815
03/04/2024,07:03:00,18328.0,18333.5,18327.0,18333.25,653
03/04/2024,07:06:00,18333.5,18340.5,18333.5,18337.25,591
03/04/2024,07:09:00,18336.75,18344.25,18334.5,18342.75,511
03/04/2024,07:12:00,18343.25,18349.5,18343.25,18349.25,657
03/04/2024,07:15:00,18349.0,18350.25,18345.75,18349.0,529
03/04/2024,07:18:00,18349.0,18351.0,18346.75,18347.5,444
03/04/2024,07:21:00,18348.0,18348.25,18339.25,18341.0,710
03/04/2024,07:24:00,18340.75,18343.75,18338.75,18340.5,580
03/04/2024,07:27:00,18340.25,18340.5,18333.0,18339.25,1081
03/04/2024,07:30:00,18339.5,18340.0,18334.25,18337.25,505
03/04/2024,07:33:00,18337.25,18344.5,18337.25,18343.0,562
03/04/2024,07:36:00,18343.25,18346.75,18336.0,18339.0,711
03/04/2024,07:39:00,18339.0,18343.75,18337.5,18343.0,367
03/04/2024,07:42:00,18343.25,18346.25,18341.75,18342.25,467
03/04/2024,07:45:00,18341.5,18344.0,18340.0,18340.75,250
03/04/2024,07:48:00,18340.25,18340.5,18333.25,18338.25,603
03/04/2024,07:51:00,18338.0,18338.0,18327.75,18336.0,1024
03/04/2024,07:54:00,18336.0,18340.25,18333.5,18334.25,545
03/04/2024,07:57:00,18334.5,18339.25,18332.75,18335.0,645
03/04/2024,08:00:00,18335.0,18336.25,18325.75,18328.75,1134
03/04/2024,08:03:00,18329.25,18332.0,18324.0,18329.0,825
03/04/2024,08:06:00,18329.0,18329.25,18325.5,18326.25,571
03/04/2024,08:09:00,18326.0,18334.75,18325.5,18334.5,731
03/04/2024,08:12:00,18334.25,18335.25,18327.25,18328.25,685
03/04/2024,08:15:00,18328.5,18336.25,18327.75,18333.5,585
03/04/2024,08:18:00,18333.5,18335.5,18328.0,18329.0,622
03/04/2024,08:21:00,18328.5,18329.5,18325.25,18327.25,605
03/04/2024,08:24:00,18326.5,18326.75,18320.5,18325.5,1387
03/04/2024,08:27:00,18325.25,18332.75,18316.25,18330.0,2678
03/04/2024,08:30:00,18330.25,18334.75,18297.75,18301.0,16785
03/04/2024,08:33:00,18301.75,18318.75,18288.0,18314.75,11423
03/04/2024,08:36:00,18315.0,18320.5,18302.0,18310.5,8036
03/04/2024,08:39:00,18310.25,18328.75,18306.0,18324.25,7897
03/04/2024,08:42:00,18324.25,18327.0,18305.0,18306.25,6624
03/04/2024,08:45:00,18306.75,18320.0,18301.25,18303.75,6535
03/04/2024,08:48:00,18303.75,18309.0,18290.25,18295.75,6909
03/04/2024,08:51:00,18296.25,18307.5,18295.75,18301.75,5029
03/04/2024,08:54:00,18301.25,18315.0,18295.25,18310.0,5287
03/04/2024,08:57:00,18310.25,18310.75,18291.25,18296.25,5131
03/04/2024,09:00:00,18296.75,18305.75,18280.25,18300.25,7324
03/04/2024,09:03:00,18300.25,18303.75,18285.0,18285.0,4203
03/04/2024,09:06:00,18285.5,18299.25,18285.5,18298.25,2828
03/04/2024,09:09:00,18298.5,18305.0,18294.25,18295.25,3525
03/04/2024,09:12:00,18296.0,18312.0,18292.5,18300.0,5129
03/04/2024,09:15:00,18299.75,18308.0,18288.25,18304.0,3955
03/04/2024,09:18:00,18304.0,18304.5,18286.25,18289.25,3989
03/04/2024,09:21:00,18289.25,18294.25,18284.0,18289.25,3075
03/04/2024,09:24:00,18289.75,18306.75,18289.0,18299.0,4531
03/04/2024,09:27:00,18299.0,18300.5,18280.5,18289.75,4526
03/04/2024,09:30:00,18290.5,18302.75,18286.75,18299.5,4015
03/04/2024,09:33:00,18299.25,18314.0,18296.5,18313.25,4429
03/04/2024,09:36:00,18313.0,18330.5,18313.0,18328.25,6634
03/04/2024,09:39:00,18328.25,18329.5,18320.5,18326.75,3004
03/04/2024,09:42:00,18327.0,18330.0,18318.0,18323.5,3538
03/04/2024,09:45:00,18323.5,18333.0,18321.25,18330.75,3143
03/04/2024,09:48:00,18331.0,18333.0,18322.25,18329.25,2938
03/04/2024,09:51:00,18329.25,18329.25,18310.25,18313.5,3723
03/04/2024,09:54:00,18313.5,18320.5,18309.25,18320.0,2842
03/04/2024,09:57:00,18319.75,18322.0,18314.0,18322.0,2047
03/04/2024,10:00:00,18321.75,18326.5,18318.25,18322.0,3319
03/04/2024,10:03:00,18322.25,18323.0,18309.75,18312.0,3035
03/04/2024,10:06:00,18312.0,18312.5,18301.75,18311.75,3715
03/04/2024,10:09:00,18311.5,18319.5,18308.5,18313.0,2725
03/04/2024,10:12:00,18313.25,18314.0,18303.25,18311.5,2497
03/04/2024,10:15:00,18311.75,18315.0,18307.25,18310.25,2130
03/04/2024,10:18:00,18310.25,18325.5,18307.25,18316.5,5340
03/04/2024,10:21:00,18316.25,18319.0,18305.0,18309.0,3534
03/04/2024,10:24:00,18309.25,18310.5,18299.0,18308.0,3433
03/04/2024,10:27:00,18308.25,18310.75,18303.0,18303.75,1621
03/04/2024,10:30:00,18304.0,18308.0,18289.75,18289.75,3540
03/04/2024,10:33:00,18289.75,18295.0,18281.25,18282.25,4665
03/04/2024,10:36:00,18282.5,18304.25,18282.0,18302.0,4002
03/04/2024,10:39:00,18302.0,18307.5,18298.25,18301.0,2702
03/04/2024,10:42:00,18300.75,18310.0,18296.5,18300.75,2872
03/04/2024,10:45:00,18300.75,18306.25,18297.0,18299.25,1848
03/04/2024,10:48:00,18300.0,18309.0,18299.0,18305.25,2824
03/04/2024,10:51:00,18305.0,18315.25,18302.25,18314.25,3075
03/04/2024,10:54:00,18314.0,18316.75,18307.75,18314.75,2877
03/04/2024,10:57:00,18314.75,18320.0,18311.5,18316.5,3381
03/04/2024,11:00:00,18316.75,18316.75,18301.25,18308.75,3741
03/04/2024,11:03:00,18308.5,18310.0,18302.25,18303.75,1358
03/04/2024,11:06:00,18304.0,18307.0,18296.75,18300.25,2007
03/04/2024,11:09:00,18300.0,18308.0,18297.25,18306.5,1745
03/04/2024,11:12:00,18306.75,18313.5,18306.5,18309.0,1492
03/04/2024,11:15:00,18309.5,18318.75,18308.0,18316.5,1878
03/04/2024,11:18:00,18316.5,18318.5,18310.5,18318.0,1756
03/04/2024,11:21:00,18318.0,18323.0,18316.5,18320.75,2542
03/04/2024,11:24:00,18320.75,18323.5,18314.75,18316.5,1857
03/04/2024,11:27:00,18316.25,18325.0,18316.0,18324.25,1814
03/04/2024,11:30:00,18324.25,18327.5,18316.75,18317.5,2643
03/04/2024,11:33:00,18317.25,18318.25,18307.25,18309.5,2668
03/04/2024,11:36:00,18309.25,18310.0,18303.5,18306.5,1928
03/04/2024,11:39:00,18306.75,18310.75,18298.75,18307.75,2306
03/04/2024,11:42:00,18307.5,18310.5,18295.25,18296.0,1892
03/04/2024,11:45:00,18296.25,18308.75,18293.25,18306.75,2810
03/04/2024,11:48:00,18307.0,18308.25,18299.0,18299.0,1635
03/04/2024,11:51:00,18299.25,18304.25,18296.5,18303.0,1839
03/04/2024,11:54:00,18303.25,18306.5,18298.75,18303.25,1335
03/04/2024,11:57:00,18303.0,18310.5,18302.0,18302.75,1681
03/04/2024,12:00:00,18303.25,18312.0,18302.5,18309.5,1731
03/04/2024,12:03:00,18309.0,18310.5,18302.5,18304.75,1488
03/04/2024,12:06:00,18304.75,18305.75,18296.5,18304.0,2048
03/04/2024,12:09:00,18304.25,18306.75,18300.75,18304.75,1128
03/04/2024,12:12:00,18304.75,18304.75,18294.0,18295.0,1994
03/04/2024,12:15:00,18295.5,18300.25,18289.25,18299.25,2490
03/04/2024,12:18:00,18299.0,18299.75,18285.25,18289.0,2149
03/04/2024,12:21:00,18288.75,18294.75,18282.0,18283.0,2455
03/04/2024,12:24:00,18282.75,18284.5,18270.25,18283.25,5400
03/04/2024,12:27:00,18283.75,18290.5,18283.25,18284.75,2316
03/04/2024,12:30:00,18285.25,18292.75,18283.25,18292.0,2052
03/04/2024,12:33:00,18292.25,18298.5,18287.0,18294.25,2207
03/04/2024,12:36:00,18294.0,18297.25,18290.75,18294.5,1169
03/04/2024,12:39:00,18293.75,18295.0,18288.75,18290.25,1279
03/04/2024,12:42:00,18290.5,18301.5,18288.5,18300.5,1892
03/04/2024,12:45:00,18300.75,18301.75,18296.0,18299.75,1451
03/04/2024,12:48:00,18299.75,18301.75,18293.25,18296.25,1460
03/04/2024,12:51:00,18296.0,18303.5,18294.5,18298.25,1372
03/04/2024,12:54:00,18298.75,18305.0,18298.75,18304.5,1302
03/04/2024,12:57:00,18304.5,18306.25,18300.0,18301.75,1814
03/04/2024,13:00:00,18302.0,18306.0,18295.5,18304.25,2119
03/04/2024,13:03:00,18304.25,18307.25,18296.0,18297.75,2069
03/04/2024,13:06:00,18297.5,18302.0,18289.0,18294.0,2362
03/04/2024,13:09:00,18294.75,18298.25,18291.75,18298.0,1392
03/04/2024,13:12:00,18298.0,18301.0,18296.0,18298.0,919
03/04/2024,13:15:00,18297.75,18302.5,18295.75,18301.25,1332
03/04/2024,13:18:00,18301.0,18311.5,18300.5,18308.5,2591
03/04/2024,13:21:00,18309.0,18309.25,18298.25,18300.0,2050
03/04/2024,13:24:00,18300.0,18303.25,18297.0,18297.75,1642
03/04/2024,13:27:00,18298.25,18301.5,18296.0,18299.5,1428
03/04/2024,13:30:00,18299.75,18304.5,18297.5,18301.0,1687
03/04/2024,13:33:00,18301.0,18315.25,18299.75,18314.5,2898
03/04/2024,13:36:00,18314.5,18333.0,18314.5,18330.5,7273
03/04/2024,13:39:00,18330.75,18346.5,18323.25,18326.0,7040
03/04/2024,13:42:00,18326.0,18334.25,18323.5,18332.75,4731
03/04/2024,13:45:00,18333.0,18334.75,18327.25,18328.75,2448
03/04/2024,13:48:00,18328.75,18344.25,18328.25,18337.0,4193
03/04/2024,13:51:00,18337.25,18338.75,18331.5,18335.75,2087
03/04/2024,13:54:00,18336.0,18343.75,18334.25,18336.0,2094
03/04/2024,13:57:00,18336.25,18339.75,18330.5,18331.0,2240
03/04/2024,14:00:00,18331.25,18334.25,18327.75,18329.5,2745
03/04/2024,14:03:00,18330.0,18334.75,18323.5,18331.5,2499
03/04/2024,14:06:00,18331.0,18335.75,18322.0,18335.0,2904
03/04/2024,14:09:00,18334.75,18339.75,18329.75,18335.75,3584
03/04/2024,14:12:00,18336.0,18346.0,18333.0,18343.5,2833
03/04/2024,14:15:00,18343.5,18346.0,18334.25,18341.0,4801
03/04/2024,14:18:00,18341.0,18345.75,18335.5,18337.75,3043
03/04/2024,14:21:00,18338.0,18340.25,18332.75,18337.5,1548
03/04/2024,14:24:00,18337.0,18341.0,18334.5,18335.0,1880
03/04/2024,14:27:00,18335.0,18338.0,18316.5,18320.75,3888
03/04/2024,14:30:00,18321.0,18329.5,18312.0,18316.25,4133
03/04/2024,14:33:00,18316.0,18320.75,18288.0,18292.0,6748
03/04/2024,14:36:00,18292.5,18309.0,18285.25,18306.25,5718
03/04/2024,14:39:00,18306.25,18316.0,18305.0,18305.75,3439
03/04/2024,14:42:00,18306.5,18309.75,18288.25,18291.0,3328
03/04/2024,14:45:00,18291.25,18291.5,18269.0,18272.5,6778
03/04/2024,14:48:00,18273.0,18274.5,18254.25,18258.0,7905
03/04/2024,14:51:00,18258.0,18263.5,18252.25,18260.25,5956
03/04/2024,14:54:00,18260.0,18269.0,18255.25,18259.5,6295
03/04/2024,14:57:00,18259.25,18266.5,18258.0,18258.5,9169
03/04/2024,15:00:00,18258.5,18261.5,18246.5,18250.25,6013
03/04/2024,15:03:00,18250.25,18251.75,18245.25,18246.75,1788
03/04/2024,15:06:00,18246.5,18249.75,18244.75,18246.0,1208
03/04/2024,15:09:00,18246.0,18246.25,18236.75,18238.75,1905
03/04/2024,15:12:00,18238.5,18242.75,18238.5,18241.0,877
03/04/2024,15:15:00,18240.5,18246.0,18239.75,18240.5,357
03/04/2024,15:18:00,18240.5,18241.25,18236.75,18239.0,360
03/04/2024,15:21:00,18239.25,18239.75,18235.75,18238.25,309
03/04/2024,15:24:00,18238.5,18239.0,18236.25,18238.5,269
03/04/2024,15:27:00,18238.75,18239.5,18235.25,18237.5,283
03/04/2024,15:30:00,18237.0,18241.25,18237.0,18241.25,237
03/04/2024,15:33:00,18241.0,18242.25,18240.25,18240.75,152
03/04/2024,15:36:00,18240.0,18242.25,18239.5,18241.75,139
03/04/2024,15:39:00,18241.25,18242.0,18239.0,18239.0,185
03/04/2024,15:42:00,18239.0,18240.0,18237.25,18238.5,248
03/04/2024,15:45:00,18239.0,18239.25,18237.25,18237.75,240
03/04/2024,15:48:00,18237.75,18238.75,18236.75,18238.25,350
03/04/2024,15:51:00,18238.0,18238.5,18234.5,18234.75,297
03/04/2024,15:54:00,18234.75,18239.75,18234.25,18238.5,282
03/04/2024,15:57:00,18239.0,18247.0,18239.0,18244.25,423
03/04/2024,17:00:00,18246.0,18252.0,18240.0,18252.0,596
03/04/2024,17:03:00,18252.0,18252.0,18247.0,18249.25,195
03/04/2024,17:06:00,18249.5,18249.5,18232.5,18234.0,450
03/04/2024,17:09:00,18234.0,18240.5,18217.0,18221.5,1851
03/04/2024,17:12:00,18222.0,18229.75,18221.0,18229.0,206
03/04/2024,17:15:00,18229.5,18229.75,18224.5,18227.0,158
03/04/2024,17:18:00,18226.25,18234.75,18222.25,18233.5,394
03/04/2024,17:21:00,18234.0,18236.0,18231.75,18233.75,212
03/04/2024,17:24:00,18234.0,18237.0,18230.5,18236.5,150
03/04/2024,17:27:00,18236.25,18236.25,18231.0,18235.25,139
03/04/2024,17:30:00,18234.75,18236.5,18232.0,18233.5,119
03/04/2024,17:33:00,18232.75,18239.0,18232.5,18238.0,174
03/04/2024,17:36:00,18238.25,18238.5,18233.5,18234.5,139
03/04/2024,17:39:00,18235.25,18237.25,18233.5,18235.5,103
03/04/2024,17:42:00,18235.0,18237.0,18230.75,18232.25,105
03/04/2024,17:45:00,18231.75,18232.75,18227.0,18228.25,252
03/04/2024,17:48:00,18228.5,18230.0,18224.75,18225.0,226
03/04/2024,17:51:00,18225.0,18228.25,18223.25,18226.0,183
03/04/2024,17:54:00,18226.25,18227.75,18223.25,18224.75,161
03/04/2024,17:57:00,18224.5,18227.25,18222.25,18223.5,150
03/04/2024,18:00:00,18223.0,18226.0,18219.25,18226.0,284
03/04/2024,18:03:00,18226.0,18236.5,18225.5,18233.0,408
03/04/2024,18:06:00,18233.75,18236.75,18231.0,18235.5,146
03/04/2024,18:09:00,18235.0,18235.75,18230.5,18234.75,185
03/04/2024,18:12:00,18233.75,18234.25,18231.5,18233.5,64
03/04/2024,18:15:00,18233.75,18238.75,18230.75,18231.75,331
03/04/2024,18:18:00,18231.5,18232.75,18226.25,18226.5,163
03/04/2024,18:21:00,18227.0,18229.5,18224.75,18228.0,169
03/04/2024,18:24:00,18228.0,18229.5,18225.0,18225.25,104
03/04/2024,18:27:00,18224.5,18228.0,18221.5,18224.0,338
03/04/2024,18:30:00,18224.25,18226.5,18222.0,18225.75,169
03/04/2024,18:33:00,18226.0,18227.0,18224.0,18226.25,135
03/04/2024,18:36:00,18226.25,18227.75,18224.0,18224.0,104
03/04/2024,18:39:00,18224.75,18227.0,18222.5,18223.5,209
03/04/2024,18:42:00,18223.75,18225.0,18221.75,18224.0,201
03/04/2024,18:45:00,18223.25,18223.25,18212.75,18217.0,944
03/04/2024,18:48:00,18216.75,18226.75,18216.5,18226.0,351
03/04/2024,18:51:00,18226.5,18229.25,18224.5,18224.75,312
03/04/2024,18:54:00,18224.5,18225.75,18222.5,18223.0,178
03/04/2024,18:57:00,18223.25,18226.5,18221.75,18224.25,138
03/04/2024,19:00:00,18223.75,18226.25,18221.75,18226.0,194
03/04/2024,19:03:00,18226.25,18228.5,18220.5,18222.5,224
03/04/2024,19:06:00,18223.5,18227.5,18222.25,18227.0,88
03/04/2024,19:09:00,18227.25,18228.75,18223.5,18225.0,215
03/04/2024,19:12:00,18225.25,18226.75,18221.25,18222.0,141
03/04/2024,19:15:00,18221.75,18224.75,18215.5,18218.25,321
03/04/2024,19:18:00,18218.75,18219.25,18212.0,18212.5,339
03/04/2024,19:21:00,18212.75,18214.75,18206.75,18214.5,542
03/04/2024,19:24:00,18214.25,18216.5,18207.75,18207.75,356
03/04/2024,19:27:00,18207.75,18211.75,18205.25,18207.0,375
03/04/2024,19:30:00,18207.0,18209.25,18201.5,18206.0,559
03/04/2024,19:33:00,18205.75,18206.0,18201.0,18204.25,254
03/04/2024,19:36:00,18204.75,18204.75,18201.0,18202.75,313
03/04/2024,19:39:00,18202.5,18205.25,18197.25,18203.0,726
03/04/2024,19:42:00,18203.0,18207.5,18202.25,18202.75,251
03/04/2024,19:45:00,18202.75,18204.75,18200.0,18203.5,219
03/04/2024,19:48:00,18203.25,18203.5,18193.5,18199.25,574
03/04/2024,19:51:00,18199.25,18199.25,18192.0,18194.75,420
03/04/2024,19:54:00,18195.5,18201.5,18195.5,18199.25,308
03/04/2024,19:57:00,18198.25,18206.25,18197.25,18204.25,368
03/04/2024,20:00:00,18204.75,18208.75,18203.0,18204.25,438
03/04/2024,20:03:00,18204.0,18207.0,18202.5,18204.25,121
03/04/2024,20:06:00,18204.75,18207.0,18204.5,18207.0,95
03/04/2024,20:09:00,18207.25,18208.5,18205.5,18206.5,111
03/04/2024,20:12:00,18206.0,18207.25,18204.0,18204.75,112
03/04/2024,20:15:00,18204.25,18204.5,18199.5,18200.75,304
03/04/2024,20:18:00,18200.5,18205.75,18200.5,18204.25,200
03/04/2024,20:21:00,18204.0,18206.5,18203.0,18206.0,103
03/04/2024,20:24:00,18205.75,18206.25,18198.5,18198.75,235
03/04/2024,20:27:00,18199.0,18200.75,18195.25,18198.0,331
03/04/2024,20:30:00,18198.5,18202.0,18197.75,18200.5,204
03/04/2024,20:33:00,18200.5,18203.25,18199.5,18203.0,149
03/04/2024,20:36:00,18202.75,18203.25,18200.0,18203.0,107
03/04/2024,20:39:00,18202.75,18203.0,18199.75,18199.75,68
03/04/2024,20:42:00,18200.0,18201.5,18198.25,18200.75,150
03/04/2024,20:45:00,18200.5,18200.75,18197.0,18198.0,171
03/04/2024,20:48:00,18198.25,18198.25,18190.5,18191.75,732
03/04/2024,20:51:00,18191.5,18193.0,18185.5,18186.0,710
03/04/2024,20:54:00,18186.25,18191.75,18185.5,18190.5,242
03/04/2024,20:57:00,18190.5,18194.0,18190.5,18193.75,168
03/04/2024,21:00:00,18193.75,18197.5,18193.25,18195.75,262
03/04/2024,21:03:00,18195.75,18196.5,18194.0,18195.0,112
03/04/2024,21:06:00,18194.75,18196.25,18193.5,18195.75,126
03/04/2024,21:09:00,18195.75,18197.25,18194.75,18196.75,79
03/04/2024,21:12:00,18197.0,18197.0,18195.25,18195.75,74
03/04/2024,21:15:00,18196.0,18198.75,18195.75,18197.0,98
03/04/2024,21:18:00,18197.25,18198.25,18196.25,18196.25,110
03/04/2024,21:21:00,18197.0,18198.0,18196.25,18197.5,42
03/04/2024,21:24:00,18196.75,18198.75,18194.0,18198.75,145
03/04/2024,21:27:00,18198.25,18200.0,18196.5,18199.75,221
03/04/2024,21:30:00,18199.5,18202.5,18198.25,18202.25,175
03/04/2024,21:33:00,18202.25,18207.0,18201.75,18204.5,584
03/04/2024,21:36:00,18204.75,18208.0,18204.5,18207.0,193
03/04/2024,21:39:00,18207.0,18212.0,18206.5,18211.25,265
03/04/2024,21:42:00,18211.75,18213.75,18210.0,18210.25,313
03/04/2024,21:45:00,18210.75,18212.25,18209.0,18210.0,209
03/04/2024,21:48:00,18210.0,18210.75,18207.75,18209.5,183
03/04/2024,21:51:00,18209.25,18211.5,18208.75,18210.25,106
03/04/2024,21:54:00,18210.25,18211.25,18208.5,18209.0,75
03/04/2024,21:57:00,18209.0,18213.25,18209.0,18211.75,188
03/04/2024,22:00:00,18211.75,18217.5,18211.75,18216.25,507
03/04/2024,22:03:00,18216.0,18216.0,18213.5,18214.5,124
03/04/2024,22:06:00,18214.75,18214.75,18211.75,18212.5,92
03/04/2024,22:09:00,18212.5,18216.75,18212.25,18215.75,132
03/04/2024,22:12:00,18216.0,18216.0,18212.5,18213.0,112
03/04/2024,22:15:00,18212.75,18212.75,18210.5,18210.5,146
03/04/2024,22:18:00,18211.0,18213.75,18209.75,18209.75,157
03/04/2024,22:21:00,18210.0,18210.5,18207.25,18208.25,229
03/04/2024,22:24:00,18208.25,18209.25,18206.0,18207.25,157
03/04/2024,22:27:00,18207.25,18209.5,18205.5,18208.75,182
03/04/2024,22:30:00,18209.0,18210.5,18208.25,18210.0,158
03/04/2024,22:33:00,18210.0,18210.25,18206.25,18209.25,144
03/04/2024,22:36:00,18209.5,18210.25,18205.0,18206.25,174
03/04/2024,22:39:00,18205.75,18207.5,18205.0,18206.75,95
03/04/2024,22:42:00,18206.75,18208.5,18206.5,18207.0,67
03/04/2024,22:45:00,18207.25,18207.75,18206.0,18207.25,74
03/04/2024,22:48:00,18208.0,18209.0,18207.25,18208.0,63
03/04/2024,22:51:00,18208.5,18210.25,18208.5,18210.25,77
03/04/2024,22:54:00,18209.5,18210.25,18208.0,18208.75,27
03/04/2024,22:57:00,18208.25,18209.0,18207.25,18208.0,97
03/04/2024,23:00:00,18208.75,18209.0,18205.0,18206.5,101
03/04/2024,23:03:00,18206.0,18206.0,18202.25,18204.5,141
03/04/2024,23:06:00,18204.5,18205.0,18201.25,18204.0,226
03/04/2024,23:09:00,18203.5,18204.25,18200.5,18202.25,138
03/04/2024,23:12:00,18201.75,18203.75,18201.75,18203.75,58
03/04/2024,23:15:00,18203.75,18204.5,18203.0,18204.25,62
03/04/2024,23:18:00,18204.5,18206.5,18203.0,18205.0,142
03/04/2024,23:21:00,18205.0,18205.75,18204.0,18205.0,94
03/04/2024,23:24:00,18204.75,18205.0,18200.25,18202.0,156
03/04/2024,23:27:00,18202.25,18202.5,18200.75,18201.75,116
03/04/2024,23:30:00,18201.5,18203.25,18197.75,18199.0,224
03/04/2024,23:33:00,18199.0,18200.25,18194.0,18199.0,328
03/04/2024,23:36:00,18199.0,18199.5,18198.0,18199.0,86
03/04/2024,23:39:00,18199.0,18200.25,18193.0,18193.75,182
03/04/2024,23:42:00,18194.0,18195.25,18192.25,18192.5,128
03/04/2024,23:45:00,18192.5,18195.0,18191.25,18192.25,127
03/04/2024,23:48:00,18193.0,18195.0,18188.75,18189.5,159
03/04/2024,23:51:00,18189.75,18190.5,18186.5,18187.0,208
03/04/2024,23:54:00,18186.75,18189.5,18183.0,18188.75,475
03/04/2024,23:57:00,18188.25,18192.0,18187.5,18191.0,155
03/05/2024,00:00:00,18191.25,18196.0,18190.75,18195.5,251
03/05/2024,00:03:00,18195.0,18196.0,18192.25,18193.25,130
03/05/2024,00:06:00,18193.5,18194.5,18187.75,18188.0,246
03/05/2024,00:09:00,18187.75,18192.0,18186.75,18188.75,271
03/05/2024,00:12:00,18188.75,18190.25,18185.75,18187.5,173
03/05/2024,00:15:00,18188.0,18190.25,18185.75,18186.25,252
03/05/2024,00:18:00,18186.25,18188.0,18181.75,18184.0,367
03/05/2024,00:21:00,18183.25,18184.25,18172.75,18180.25,708
03/05/2024,00:24:00,18180.0,18180.0,18173.25,18177.0,320
03/05/2024,00:27:00,18176.5,18177.5,18172.25,18174.75,196
03/05/2024,00:30:00,18175.5,18176.0,18167.5,18173.75,522
03/05/2024,00:33:00,18173.75,18175.75,18169.0,18170.25,332
03/05/2024,00:36:00,18170.75,18174.25,18169.0,18174.25,226
03/05/2024,00:39:00,18174.5,18179.25,18174.25,18176.0,407
03/05/2024,00:42:00,18176.25,18177.5,18171.5,18171.75,194
03/05/2024,00:45:00,18171.25,18177.0,18169.0,18176.25,177
03/05/2024,00:48:00,18176.5,18182.25,18176.25,18180.0,269
03/05/2024,00:51:00,18180.0,18181.75,18177.25,18181.0,180
03/05/2024,00:54:00,18181.0,18182.0,18177.75,18179.0,179
03/05/2024,00:57:00,18178.75,18181.25,18178.75,18180.75,143
03/05/2024,01:00:00,18180.5,18187.25,18179.75,18186.0,336
03/05/2024,01:03:00,18186.0,18187.75,18181.5,18184.0,333
03/05/2024,01:06:00,18183.75,18185.25,18180.0,18184.5,175
03/05/2024,01:09:00,18184.0,18184.75,18181.75,18184.25,124
03/05/2024,01:12:00,18183.75,18184.25,18175.25,18176.0,461
03/05/2024,01:15:00,18175.5,18177.0,18171.5,18174.5,429
03/05/2024,01:18:00,18174.5,18175.25,18164.75,18166.5,724
03/05/2024,01:21:00,18167.0,18169.75,18161.75,18162.0,538
03/05/2024,01:24:00,18162.5,18165.0,18158.0,18160.5,748
03/05/2024,01:27:00,18160.25,18167.0,18158.25,18165.5,370
03/05/2024,01:30:00,18166.25,18166.5,18160.5,18162.0,289
03/05/2024,01:33:00,18162.5,18165.25,18158.5,18159.75,349
03/05/2024,01:36:00,18160.0,18161.75,18155.5,18159.0,519
03/05/2024,01:39:00,18159.0,18164.25,18158.5,18162.0,285
03/05/2024,01:42:00,18162.0,18168.25,18161.25,18166.0,236
03/05/2024,01:45:00,18166.5,18168.5,18165.75,18168.0,246
03/05/2024,01:48:00,18168.0,18173.0,18167.0,18171.75,333
03/05/2024,01:51:00,18171.5,18174.75,18171.25,18173.25,257
03/05/2024,01:54:00,18173.5,18174.5,18171.5,18172.0,220
03/05/2024,01:57:00,18172.25,18176.5,18172.25,18174.5,358
03/05/2024,02:00:00,18174.5,18190.75,18174.5,18183.25,1440
03/05/2024,02:03:00,18183.5,18185.75,18180.25,18181.25,307
03/05/2024,02:06:00,18182.0,18184.0,18177.25,18183.5,351
03/05/2024,02:09:00,18182.75,18189.25,18181.0,18185.5,367
03/05/2024,02:12:00,18185.5,18187.5,18178.0,18178.5,378
03/05/2024,02:15:00,18178.75,18185.5,18178.0,18184.75,253
03/05/2024,02:18:00,18185.0,18186.25,18178.5,18183.0,252
03/05/2024,02:21:00,18183.5,18183.75,18174.5,18175.75,354
03/05/2024,02:24:00,18175.25,18176.5,18170.5,18173.25,412
03/05/2024,02:27:00,18172.25,18178.25,18171.75,18174.0,312
03/05/2024,02:30:00,18173.5,18177.75,18171.75,18172.25,323
03/05/2024,02:33:00,18172.5,18174.5,18168.25,18170.5,346
03/05/2024,02:36:00,18170.75,18171.5,18164.0,18165.75,376
03/05/2024,02:39:00,18166.0,18166.75,18156.0,18158.75,797
03/05/2024,02:42:00,18158.25,18158.25,18148.75,18150.0,1065
03/05/2024,02:45:00,18149.75,18150.25,18142.5,18148.75,1114
03/05/2024,02:48:00,18148.25,18162.25,18148.0,18159.75,718
03/05/2024,02:51:00,18160.5,18161.0,18153.0,18155.25,391
03/05/2024,02:54:00,18155.0,18156.25,18152.0,18152.25,257
03/05/2024,02:57:00,18152.25,18154.0,18136.0,18146.5,1014
03/05/2024,03:00:00,18146.75,18156.75,18146.75,18148.0,1002
03/05/2024,03:03:00,18148.5,18154.5,18146.5,18147.75,477
03/05/2024,03:06:00,18148.25,18150.75,18142.5,18147.25,611
03/05/2024,03:09:00,18146.75,18151.0,18138.25,18149.0,878
03/05/2024,03:12:00,18149.0,18150.5,18140.75,18142.75,485
03/05/2024,03:15:00,18143.0,18146.75,18133.75,18139.5,743
03/05/2024,03:18:00,18139.5,18150.5,18139.25,18149.75,619
03/05/2024,03:21:00,18149.75,18156.75,18147.75,18151.75,601
03/05/2024,03:24:00,18151.5,18153.75,18149.5,18149.5,312
03/05/2024,03:27:00,18150.25,18153.5,18148.5,18152.75,344
03/05/2024,03:30:00,18152.5,18154.75,18147.0,18152.0,547
03/05/2024,03:33:00,18151.75,18154.5,18139.25,18140.5,611
03/05/2024,03:36:00,18141.25,18143.5,18132.75,18142.75,807
03/05/2024,03:39:00,18142.75,18146.75,18140.75,18146.25,286
03/05/2024,03:42:00,18146.75,18146.75,18138.0,18139.75,339
03/05/2024,03:45:00,18139.75,18142.75,18132.5,18138.5,577
03/05/2024,03:48:00,18138.75,18139.75,18126.5,18130.25,833
03/05/2024,03:51:00,18129.75,18131.5,18124.5,18126.25,481
03/05/2024,03:54:00,18126.0,18130.5,18124.75,18127.5,502
03/05/2024,03:57:00,18127.25,18132.25,18126.75,18128.25,476
03/05/2024,04:00:00,18128.75,18129.75,18122.0,18122.75,664
03/05/2024,04:03:00,18122.5,18127.25,18116.0,18117.5,1079
03/05/2024,04:06:00,18117.5,18118.75,18111.25,18116.75,858
03/05/2024,04:09:00,18116.5,18118.5,18107.25,18114.25,827
03/05/2024,04:12:00,18114.25,18121.25,18113.5,18117.25,517
03/05/2024,04:15:00,18118.0,18126.75,18115.0,18126.75,504
03/05/2024,04:18:00,18126.75,18130.75,18123.75,18130.25,501
03/05/2024,04:21:00,18130.0,18131.0,18125.75,18126.0,514
03/05/2024,04:24:00,18126.25,18131.0,18125.75,18127.0,367
03/05/2024,04:27:00,18127.0,18127.5,18123.5,18125.25,266
03/05/2024,04:30:00,18124.5,18130.0,18124.0,18129.25,415
03/05/2024,04:33:00,18129.5,18132.5,18129.5,18130.75,310
03/05/2024,04:36:00,18131.25,18136.25,18131.0,18134.5,384
03/05/2024,04:39:00,18134.25,18137.5,18131.75,18136.5,580
03/05/2024,04:42:00,18136.5,18138.75,18132.5,18136.0,358
03/05/2024,04:45:00,18135.5,18138.0,18133.25,18133.75,274
03/05/2024,04:48:00,18134.0,18136.5,18131.75,18135.25,330
03/05/2024,04:51:00,18135.25,18138.25,18131.0,18131.0,384
03/05/2024,04:54:00,18131.25,18137.75,18130.5,18136.75,227
03/05/2024,04:57:00,18136.5,18137.75,18134.25,18134.75,152
03/05/2024,05:00:00,18134.25,18144.0,18134.0,18141.5,517
03/05/2024,05:03:00,18141.75,18148.25,18140.5,18145.75,546
03/05/2024,05:06:00,18145.75,18148.5,18144.5,18148.25,285
03/05/2024,05:09:00,18148.5,18149.75,18143.5,18148.5,469
03/05/2024,05:12:00,18148.75,18149.25,18141.0,18141.75,303
03/05/2024,05:15:00,18142.0,18144.5,18140.0,18141.0,335
03/05/2024,05:18:00,18140.5,18149.75,18139.75,18149.0,415
03/05/2024,05:21:00,18149.25,18155.25,18149.25,18149.75,591
03/05/2024,05:24:00,18149.75,18154.0,18147.25,18152.5,412
03/05/2024,05:27:00,18152.5,18154.75,18148.75,18149.25,195
03/05/2024,05:30:00,18149.25,18156.0,18149.25,18154.0,392
03/05/2024,05:33:00,18153.75,18155.75,18152.0,18152.75,333
03/05/2024,05:36:00,18152.5,18153.5,18147.25,18149.25,419
03/05/2024,05:39:00,18149.5,18153.5,18148.0,18148.0,271
03/05/2024,05:42:00,18147.75,18153.0,18145.5,18147.25,397
03/05/2024,05:45:00,18147.0,18152.0,18146.25,18149.75,277
03/05/2024,05:48:00,18150.25,18151.5,18146.0,18146.0,348
03/05/2024,05:51:00,18146.5,18148.0,18145.25,18146.0,180
03/05/2024,05:54:00,18146.5,18152.0,18145.5,18151.25,248
03/05/2024,05:57:00,18151.75,18160.25,18150.5,18157.75,775
03/05/2024,06:00:00,18157.75,18166.75,18157.75,18159.75,1118
03/05/2024,06:03:00,18159.75,18164.0,18158.75,18163.0,369
03/05/2024,06:06:00,18164.0,18174.25,18163.0,18173.0,1028
03/05/2024,06:09:00,18172.75,18182.0,18171.5,18179.0,1155
03/05/2024,06:12:00,18178.75,18182.0,18177.0,18177.25,616
03/05/2024,06:15:00,18177.75,18182.75,18176.5,18177.25,387
03/05/2024,06:18:00,18176.75,18177.25,18172.0,18172.25,533
03/05/2024,06:21:00,18172.25,18173.5,18161.5,18164.25,814
03/05/2024,06:24:00,18164.25,18172.0,18163.0,18170.5,629
03/05/2024,06:27:00,18170.25,18174.75,18168.75,18171.5,659
03/05/2024,06:30:00,18171.25,18174.5,18160.5,18161.0,966
03/05/2024,06:33:00,18161.0,18163.0,18153.75,18159.75,833
03/05/2024,06:36:00,18158.0,18162.0,18152.25,18161.75,902
03/05/2024,06:39:00,18161.25,18166.5,18159.25,18161.75,403
03/05/2024,06:42:00,18162.5,18162.5,18156.75,18159.5,368
03/05/2024,06:45:00,18159.5,18161.75,18146.5,18146.5,1122
03/05/2024,06:48:00,18147.0,18151.5,18140.5,18146.25,1132
03/05/2024,06:51:00,18146.25,18154.75,18146.25,18154.0,511
03/05/2024,06:54:00,18154.5,18158.0,18150.0,18155.0,613
03/05/2024,06:57:00,18155.25,18156.0,18147.25,18148.75,455
03/05/2024,07:00:00,18149.0,18164.0,18147.75,18163.0,937
03/05/2024,07:03:00,18163.5,18167.5,18157.75,18166.5,553
03/05/2024,07:06:00,18166.5,18175.75,18165.75,18173.25,1094
03/05/2024,07:09:00,18173.0,18173.0,18163.75,18170.75,676
03/05/2024,07:12:00,18170.0,18174.75,18167.0,18171.5,367
03/05/2024,07:15:00,18171.25,18173.5,18165.25,18165.75,634
03/05/2024,07:18:00,18165.75,18171.75,18164.25,18164.25,437
03/05/2024,07:21:00,18164.25,18165.0,18159.5,18163.75,624
03/05/2024,07:24:00,18164.75,18166.75,18158.0,18159.25,482
03/05/2024,07:27:00,18159.25,18160.0,18145.25,18146.5,1038
03/05/2024,07:30:00,18146.5,18152.75,18144.75,18147.25,1314
03/05/2024,07:33:00,18147.25,18155.5,18141.25,18152.75,1320
03/05/2024,07:36:00,18153.5,18153.75,18143.0,18150.5,821
03/05/2024,07:39:00,18150.5,18153.5,18146.75,18147.25,545
03/05/2024,07:42:00,18147.0,18147.5,18132.75,18143.75,1523
03/05/2024,07:45:00,18143.0,18148.75,18139.0,18144.5,924
03/05/2024,07:48:00,18145.0,18146.0,18136.75,18141.75,854
03/05/2024,07:51:00,18141.25,18145.5,18138.0,18141.5,845
03/05/2024,07:54:00,18141.0,18141.75,18136.75,18139.75,633
03/05/2024,07:57:00,18139.75,18139.75,18130.75,18132.5,958
03/05/2024,08:00:00,18133.0,18135.25,18124.0,18130.0,1612
03/05/2024,08:03:00,18129.75,18134.5,18127.75,18130.0,838
03/05/2024,08:06:00,18129.75,18138.25,18129.0,18137.0,1050
03/05/2024,08:09:00,18137.0,18145.0,18137.0,18140.5,1226
03/05/2024,08:12:00,18140.25,18140.25,18121.0,18126.0,2003
03/05/2024,08:15:00,18126.0,18136.25,18126.0,18133.75,973
03/05/2024,08:18:00,18134.5,18138.25,18129.75,18134.5,800
03/05/2024,08:21:00,18134.5,18134.5,18126.25,18127.5,894
03/05/2024,08:24:00,18127.5,18132.25,18119.75,18127.0,1902
03/05/2024,08:27:00,18127.25,18137.25,18125.5,18134.0,2207
03/05/2024,08:30:00,18133.75,18135.25,18090.0,18092.25,18509
03/05/2024,08:33:00,18092.25,18095.75,18056.25,18080.75,18773
03/05/2024,08:36:00,18081.25,18082.25,18058.75,18075.75,11178
03/05/2024,08:39:00,18075.25,18085.5,18071.25,18074.25,8710
03/05/2024,08:42:00,18074.0,18074.25,18054.75,18065.5,6285
03/05/2024,08:45:00,18066.0,18066.0,18037.75,18040.25,10379
03/05/2024,08:48:00,18039.75,18047.75,18023.25,18046.75,11938
03/05/2024,08:51:00,18047.25,18062.5,18029.5,18041.5,8896
03/05/2024,08:54:00,18042.0,18047.75,18033.25,18036.25,4880
03/05/2024,08:57:00,18036.75,18043.5,18032.25,18038.75,3682
03/05/2024,09:00:00,18039.5,18076.75,18038.0,18062.0,14745
03/05/2024,09:03:00,18062.25,18083.75,18051.0,18054.75,10795
03/05/2024,09:06:00,18055.0,18058.5,18011.0,18014.0,9310
03/05/2024,09:09:00,18014.0,18025.75,17990.75,18012.25,11958
03/05/2024,09:12:00,18012.5,18013.5,17998.75,18000.25,5920
03/05/2024,09:15:00,18000.0,18011.5,17988.25,17994.75,7148
03/05/2024,09:18:00,17994.5,17994.5,17962.75,17965.0,10891
03/05/2024,09:21:00,17964.5,17986.5,17963.5,17976.75,5904
03/05/2024,09:24:00,17976.25,17976.5,17953.25,17962.0,7887
03/05/2024,09:27:00,17962.0,17969.5,17952.25,17962.5,5943
03/05/2024,09:30:00,17962.0,17962.0,17930.0,17942.0,9783
03/05/2024,09:33:00,17942.25,17954.5,17928.5,17951.5,6618
03/05/2024,09:36:00,17951.5,17951.75,17928.5,17935.75,5144
03/05/2024,09:39:00,17935.5,17949.75,17928.0,17941.5,5140
03/05/2024,09:42:00,17940.5,17945.75,17919.75,17927.75,7185
03/05/2024,09:45:00,17928.0,17948.25,17922.5,17944.75,6974
03/05/2024,09:48:00,17944.5,17944.5,17909.25,17935.25,9300
03/05/2024,09:51:00,17935.5,17939.5,17920.25,17933.0,5209
03/05/2024,09:54:00,17932.75,17941.25,17928.0,17940.25,4942
03/05/2024,09:57:00,17940.75,17942.75,17925.75,17940.75,4859
03/05/2024,10:00:00,17940.75,17944.75,17934.25,17937.25,3970
03/05/2024,10:03:00,17937.0,17951.25,17929.0,17942.75,4723
03/05/2024,10:06:00,17943.5,17947.75,17932.25,17938.25,4341
03/05/2024,10:09:00,17937.5,17945.0,17916.5,17917.25,4594
03/05/2024,10:12:00,17917.25,17933.0,17912.75,17932.25,4418
03/05/2024,10:15:00,17932.5,17947.0,17925.0,17941.75,4210
03/05/2024,10:18:00,17941.75,17954.25,17935.5,17945.25,4247
03/05/2024,10:21:00,17944.75,17966.0,17943.75,17961.75,4946
03/05/2024,10:24:00,17961.25,17965.0,17944.5,17949.75,3691
03/05/2024,10:27:00,17949.75,17961.25,17947.25,17954.5,2365
03/05/2024,10:30:00,17954.25,17960.5,17945.75,17946.75,3220
03/05/2024,10:33:00,17946.25,17950.5,17939.5,17941.75,2754
03/05/2024,10:36:00,17942.0,17949.75,17927.5,17929.0,3841
03/05/2024,10:39:00,17928.75,17937.25,17927.25,17933.5,2561
03/05/2024,10:42:00,17933.5,17937.75,17907.5,17922.0,6807
03/05/2024,10:45:00,17922.5,17929.75,17913.75,17927.0,3847
03/05/2024,10:48:00,17927.25,17941.75,17916.5,17919.5,5361
03/05/2024,10:51:00,17920.25,17924.75,17914.5,17917.0,3277
03/05/2024,10:54:00,17916.5,17923.5,17909.5,17916.75,3276
03/05/2024,10:57:00,17917.0,17942.5,17914.5,17938.75,4579
03/05/2024,11:00:00,17938.75,17948.0,17937.25,17940.25,3834
03/05/2024,11:03:00,17939.75,17948.5,17936.25,17945.75,2719
03/05/2024,11:06:00,17946.25,17951.0,17939.5,17947.5,2491
03/05/2024,11:09:00,17947.75,17955.5,17944.25,17953.75,2465
03/05/2024,11:12:00,17953.75,17959.0,17942.25,17954.75,3122
03/05/2024,11:15:00,17954.5,17957.0,17943.5,17946.25,2365
03/05/2024,11:18:00,17946.0,17950.0,17938.75,17939.75,2304
03/05/2024,11:21:00,17940.5,17959.75,17938.5,17957.25,3310
03/05/2024,11:24:00,17957.0,17972.5,17955.25,17972.5,3844
03/05/2024,11:27:00,17972.0,17974.75,17968.0,17974.5,2401
03/05/2024,11:30:00,17974.75,17978.5,17960.0,17966.5,3383
03/05/2024,11:33:00,17966.25,17966.25,17954.0,17958.75,2113
03/05/2024,11:36:00,17958.75,17960.75,17948.0,17952.75,2396
03/05/2024,11:39:00,17952.75,17957.5,17940.25,17942.5,2845
03/05/2024,11:42:00,17942.25,17958.5,17939.75,17957.5,2856
03/05/2024,11:45:00,17957.5,17968.75,17956.25,17964.0,3116
03/05/2024,11:48:00,17964.0,17966.0,17951.25,17956.25,2398
03/05/2024,11:51:00,17956.25,17957.75,17944.5,17956.75,2939
03/05/2024,11:54:00,17956.5,17969.25,17956.5,17967.25,2223
03/05/2024,11:57:00,17967.0,17968.0,17951.0,17951.75,2136
03/05/2024,12:00:00,17952.25,17954.0,17933.0,17937.75,3915
03/05/2024,12:03:00,17937.5,17946.0,17931.25,17935.25,3534
03/05/2024,12:06:00,17934.75,17947.5,17933.0,17945.75,2471
03/05/2024,12:09:00,17946.0,17949.75,17936.5,17938.5,2233
03/05/2024,12:12:00,17938.5,17951.25,17937.75,17940.5,2081
03/05/2024,12:15:00,17941.25,17944.75,17928.75,17931.0,2443
03/05/2024,12:18:00,17930.75,17930.75,17917.75,17924.25,3727
03/05/2024,12:21:00,17924.25,17925.5,17909.0,17913.5,3287
03/05/2024,12:24:00,17913.5,17918.75,17911.0,17918.5,2154
03/05/2024,12:27:00,17918.75,17928.75,17918.25,17922.75,2882
03/05/2024,12:30:00,17923.0,17935.75,17916.5,17931.5,3117
03/05/2024,12:33:00,17931.25,17936.75,17925.75,17933.5,2534
03/05/2024,12:36:00,17933.0,17933.25,17901.5,17906.25,4876
03/05/2024,12:39:00,17906.0,17914.25,17898.75,17902.0,4096
03/05/2024,12:42:00,17902.0,17909.25,17878.75,17882.25,6019
03/05/2024,12:45:00,17882.75,17892.75,17878.25,17891.25,4405
03/05/2024,12:48:00,17891.25,17897.75,17879.75,17879.75,3508
03/05/2024,12:51:00,17879.5,17902.5,17875.75,17900.0,3909
03/05/2024,12:54:00,17900.0,17900.5,17887.5,17888.75,2715
03/05/2024,12:57:00,17888.5,17888.75,17878.25,17879.25,3004
03/05/2024,13:00:00,17879.5,17886.75,17876.5,17877.75,3736
03/05/2024,13:03:00,17878.0,17894.75,17876.5,17885.25,3279
03/05/2024,13:06:00,17884.75,17899.75,17879.0,17897.0,3138
03/05/2024,13:09:00,17896.5,17903.5,17892.0,17902.0,2681
03/05/2024,13:12:00,17902.0,17907.75,17890.25,17894.5,2986
03/05/2024,13:15:00,17894.5,17911.25,17893.25,17899.25,3552
03/05/2024,13:18:00,17899.25,17900.25,17879.25,17881.75,4268
03/05/2024,13:21:00,17881.75,17899.5,17881.5,17898.5,2840
03/05/2024,13:24:00,17898.5,17904.75,17894.0,17898.5,2172
03/05/2024,13:27:00,17898.75,17902.0,17891.25,17893.75,2596
03/05/2024,13:30:00,17893.5,17896.75,17877.25,17881.25,3737
03/05/2024,13:33:00,17880.5,17885.5,17872.25,17881.75,3382
03/05/2024,13:36:00,17881.5,17888.25,17865.5,17870.0,3788
03/05/2024,13:39:00,17870.0,17882.25,17868.5,17873.5,2750
03/05/2024,13:42:00,17873.0,17874.5,17857.5,17861.0,4158
03/05/2024,13:45:00,17861.25,17862.5,17853.0,17856.5,5046
03/05/2024,13:48:00,17856.75,17864.75,17853.5,17860.25,3772
03/05/2024,13:51:00,17860.0,17870.0,17855.25,17855.5,4006
03/05/2024,13:54:00,17856.0,17861.25,17849.0,17858.0,3635
03/05/2024,13:57:00,17857.5,17859.5,17851.5,17856.75,2150
03/05/2024,14:00:00,17857.0,17872.25,17855.5,17870.25,4123
03/05/2024,14:03:00,17870.75,17883.25,17863.25,17875.25,3689
03/05/2024,14:06:00,17875.0,17875.0,17856.5,17861.0,3051
03/05/2024,14:09:00,17861.0,17866.5,17857.0,17861.25,2376
03/05/2024,14:12:00,17860.75,17863.75,17841.5,17842.5,4484
03/05/2024,14:15:00,17842.75,17856.25,17841.5,17849.75,3436
03/05/2024,14:18:00,17850.0,17857.25,17843.75,17849.75,2611
03/05/2024,14:21:00,17850.25,17850.25,17835.5,17843.0,4873
03/05/2024,14:24:00,17843.5,17856.75,17841.5,17848.25,4312
03/05/2024,14:27:00,17848.5,17849.25,17835.75,17841.5,3350
03/05/2024,14:30:00,17841.75,17848.5,17832.5,17846.75,4453
03/05/2024,14:33:00,17847.25,17863.0,17846.5,17858.25,4516
03/05/2024,14:36:00,17858.5,17864.0,17854.5,17862.0,2612
03/05/2024,14:39:00,17862.25,17865.25,17852.25,17854.5,3993
03/05/2024,14:42:00,17854.0,17877.0,17853.25,17874.25,4078
03/05/2024,14:45:00,17874.5,17893.5,17870.75,17892.25,4939
03/05/2024,14:48:00,17892.25,17906.25,17886.75,17887.75,6144
03/05/2024,14:51:00,17888.0,17909.5,17882.25,17904.0,7550
03/05/2024,14:54:00,17904.5,17930.75,17898.75,17926.25,10446
03/05/2024,14:57:00,17926.0,17936.5,17923.75,17931.5,17202
03/05/2024,15:00:00,17931.75,17944.0,17929.25,17939.0,6132
03/05/2024,15:03:00,17939.0,17967.0,17939.0,17966.75,4163
03/05/2024,15:06:00,17967.0,17971.0,17956.75,17961.5,3075
03/05/2024,15:09:00,17961.5,17965.0,17957.25,17963.75,1914
03/05/2024,15:12:00,17963.75,17972.75,17962.75,17964.75,1666
03/05/2024,15:15:00,17965.0,17968.5,17962.75,17963.75,720
03/05/2024,15:18:00,17964.0,17964.25,17960.25,17961.75,686
03/05/2024,15:21:00,17961.25,17965.0,17960.0,17963.5,471
03/05/2024,15:24:00,17963.25,17967.75,17963.25,17966.5,430
03/05/2024,15:27:00,17966.5,17966.5,17961.25,17963.0,400
03/05/2024,15:30:00,17963.25,17963.5,17957.75,17959.5,475
03/05/2024,15:33:00,17959.75,17960.25,17959.0,17960.0,248
03/05/2024,15:36:00,17960.0,17967.5,17960.0,17966.5,424
03/05/2024,15:39:00,17966.5,17968.25,17962.25,17963.5,306
03/05/2024,15:42:00,17963.5,17969.25,17963.5,17968.75,331
03/05/2024,15:45:00,17968.25,17974.0,17968.0,17973.5,527
03/05/2024,15:48:00,17973.75,17979.5,17972.25,17979.5,813
03/05/2024,15:51:00,17979.5,17985.75,17978.0,17984.75,606
03/05/2024,15:54:00,17984.75,17988.5,17983.0,17986.5,595
03/05/2024,15:57:00,17986.25,17987.0,17982.25,17983.25,317
03/05/2024,17:00:00,17981.0,17985.25,17966.0,17968.0,818
03/05/2024,17:03:00,17968.5,17970.0,17963.5,17963.5,408
03/05/2024,17:06:00,17963.75,17965.25,17962.75,17964.5,193
03/05/2024,17:09:00,17964.25,17969.0,17964.25,17969.0,336
03/05/2024,17:12:00,17968.75,17969.0,17958.0,17962.0,494
03/05/2024,17:15:00,17962.25,17965.25,17958.0,17963.25,243
03/05/2024,17:18:00,17963.25,17969.0,17963.25,17966.75,351
03/05/2024,17:21:00,17967.25,17968.75,17961.0,17962.5,208
03/05/2024,17:24:00,17962.5,17965.25,17961.5,17962.25,145
03/05/2024,17:27:00,17961.75,17965.5,17961.25,17964.75,200
03/05/2024,17:30:00,17965.0,17967.25,17952.75,17958.0,776
03/05/2024,17:33:00,17958.5,17963.0,17958.0,17962.25,260
03/05/2024,17:36:00,17962.25,17965.5,17961.0,17964.0,253
03/05/2024,17:39:00,17964.0,17964.5,17960.0,17963.5,227
03/05/2024,17:42:00,17964.0,17964.75,17962.5,17964.5,94
03/05/2024,17:45:00,17964.5,17966.5,17960.25,17961.25,241
03/05/2024,17:48:00,17962.0,17963.75,17958.5,17963.0,306
03/05/2024,17:51:00,17963.25,17964.75,17962.0,17963.5,72
03/05/2024,17:54:00,17963.75,17964.0,17958.25,17958.5,128
03/05/2024,17:57:00,17958.25,17963.25,17958.25,17962.5,121
03/05/2024,18:00:00,17962.25,17963.75,17955.5,17956.5,298
03/05/2024,18:03:00,17957.25,17958.5,17955.25,17956.75,151
03/05/2024,18:06:00,17956.25,17961.25,17956.0,17960.75,197
03/05/2024,18:09:00,17960.25,17961.75,17955.75,17959.0,158
03/05/2024,18:12:00,17959.0,17959.0,17954.0,17956.25,212
03/05/2024,18:15:00,17956.0,17957.5,17955.0,17955.5,148
03/05/2024,18:18:00,17955.25,17956.75,17952.5,17954.0,112
03/05/2024,18:21:00,17954.25,17955.25,17952.5,17954.25,143
03/05/2024,18:24:00,17954.5,17959.0,17954.5,17958.75,132
03/05/2024,18:27:00,17958.75,17961.25,17957.0,17961.25,168
03/05/2024,18:30:00,17961.25,17964.75,17961.0,17963.5,253
03/05/2024,18:33:00,17963.0,17964.0,17961.75,17962.5,103
03/05/2024,18:36:00,17962.5,17962.75,17957.25,17959.0,349
03/05/2024,18:39:00,17959.0,17961.25,17955.0,17956.25,500
03/05/2024,18:42:00,17956.25,17958.0,17954.0,17955.25,183
03/05/2024,18:45:00,17955.25,17957.0,17953.5,17954.0,228
03/05/2024,18:48:00,17954.25,17954.25,17943.0,17944.0,755
03/05/2024,18:51:00,17944.25,17946.75,17942.5,17946.75,251
03/05/2024,18:54:00,17946.5,17947.75,17943.75,17944.5,149
03/05/2024,18:57:00,17944.75,17947.5,17943.25,17945.5,233
03/05/2024,19:00:00,17946.0,17949.5,17943.25,17948.75,269
03/05/2024,19:03:00,17948.75,17956.25,17947.25,17955.25,439
03/05/2024,19:06:00,17955.75,17959.0,17954.75,17958.5,485
03/05/2024,19:09:00,17958.0,17959.5,17955.0,17958.0,192
03/05/2024,19:12:00,17957.75,17959.5,17957.5,17958.75,103
03/05/2024,19:15:00,17958.75,17960.75,17956.25,17960.0,175
03/05/2024,19:18:00,17959.0,17962.0,17958.0,17962.0,155
03/05/2024,19:21:00,17961.75,17966.25,17959.5,17960.0,290
03/05/2024,19:24:00,17960.5,17961.5,17957.25,17961.5,144
03/05/2024,19:27:00,17960.75,17960.75,17956.25,17959.75,100
03/05/2024,19:30:00,17960.25,17963.25,17958.5,17961.25,208
03/05/2024,19:33:00,17961.75,17962.75,17957.75,17959.0,142
03/05/2024,19:36:00,17959.5,17960.25,17948.75,17951.25,468
03/05/2024,19:39:00,17951.25,17957.5,17950.25,17957.0,211
03/05/2024,19:42:00,17956.75,17958.5,17953.75,17954.5,140
03/05/2024,19:45:00,17954.75,17958.0,17954.5,17955.75,114
03/05/2024,19:48:00,17956.25,17957.25,17954.5,17957.25,86
03/05/2024,19:51:00,17957.75,17961.0,17957.25,17961.0,146
03/05/2024,19:54:00,17960.25,17960.5,17957.75,17959.0,106
03/05/2024,19:57:00,17960.0,17962.25,17959.5,17960.25,102
03/05/2024,20:00:00,17960.0,17961.25,17957.75,17959.5,67
03/05/2024,20:03:00,17959.5,17964.75,17959.5,17964.75,139
03/05/2024,20:06:00,17964.5,17965.0,17963.25,17964.75,130
03/05/2024,20:09:00,17964.25,17964.75,17962.75,17964.0,99
03/05/2024,20:12:00,17963.0,17964.75,17962.5,17964.75,60
03/05/2024,20:15:00,17965.0,17965.75,17962.25,17962.75,95
03/05/2024,20:18:00,17962.5,17963.75,17961.25,17962.5,64
03/05/2024,20:21:00,17963.25,17964.75,17960.75,17960.75,87
03/05/2024,20:24:00,17961.5,17974.5,17961.25,17970.0,1171
03/05/2024,20:27:00,17970.0,17973.0,17969.0,17972.25,221
03/05/2024,20:30:00,17972.25,17977.0,17972.25,17976.0,198
03/05/2024,20:33:00,17975.25,17976.5,17973.25,17973.75,78
03/05/2024,20:36:00,17974.5,17974.5,17972.25,17974.5,141
03/05/2024,20:39:00,17974.0,17975.25,17971.5,17972.75,192
03/05/2024,20:42:00,17972.25,17975.5,17972.0,17974.0,144
03/05/2024,20:45:00,17974.25,17974.25,17972.25,17973.5,67
03/05/2024,20:48:00,17974.0,17974.5,17971.0,17972.25,78
03/05/2024,20:51:00,17972.75,17973.25,17969.75,17972.25,178
03/05/2024,20:54:00,17972.0,17972.5,17968.5,17969.5,123
03/05/2024,20:57:00,17969.5,17969.5,17966.75,17967.75,150
03/05/2024,21:00:00,17967.75,17969.0,17966.25,17968.0,155
03/05/2024,21:03:00,17968.25,17969.25,17966.75,17968.75,76
03/05/2024,21:06:00,17969.75,17970.0,17968.0,17968.75,57
03/05/2024,21:09:00,17969.0,17969.75,17966.5,17968.25,125
03/05/2024,21:12:00,17968.0,17969.25,17966.75,17967.5,85
03/05/2024,21:15:00,17967.5,17967.5,17964.25,17965.0,313
03/05/2024,21:18:00,17965.0,17966.0,17963.25,17964.0,212
03/05/2024,21:21:00,17964.0,17968.25,17964.0,17967.5,200
03/05/2024,21:24:00,17967.5,17972.25,17966.75,17972.25,174
03/05/2024,21:27:00,17972.25,17975.5,17971.75,17973.5,166
03/05/2024,21:30:00,17973.25,17976.25,17973.25,17975.0,310
03/05/2024,21:33:00,17976.0,17976.5,17974.5,17976.5,98
03/05/2024,21:36:00,17976.25,17976.25,17974.0,17974.0,96
03/05/2024,21:39:00,17974.25,17976.5,17974.25,17974.75,100
03/05/2024,21:42:00,17974.75,17978.5,17974.5,17976.25,168
03/05/2024,21:45:00,17977.25,17978.5,17977.25,17978.0,89
03/05/2024,21:48:00,17977.75,17979.0,17977.25,17978.0,98
03/05/2024,21:51:00,17978.5,17985.0,17978.5,17981.5,608
03/05/2024,21:54:00,17981.75,17988.0,17980.75,17982.25,444
03/05/2024,21:57:00,17982.5,17983.25,17979.5,17982.75,203
03/05/2024,22:00:00,17982.5,17984.5,17982.0,17983.25,133
03/05/2024,22:03:00,17983.5,17984.0,17982.0,17982.25,125
03/05/2024,22:06:00,17982.0,17982.5,17979.5,17981.5,157
03/05/2024,22:09:00,17982.0,17982.0,17978.75,17979.0,76
03/05/2024,22:12:00,17979.75,17980.5,17978.0,17980.25,150
03/05/2024,22:15:00,17980.0,17982.0,17978.25,17982.0,95
03/05/2024,22:18:00,17982.0,17982.25,17980.25,17980.5,51
03/05/2024,22:21:00,17980.25,17981.25,17979.75,17980.75,71
03/05/2024,22:24:00,17980.0,17980.25,17978.0,17979.0,93
03/05/2024,22:27:00,17979.0,17980.0,17976.5,17977.0,144
03/05/2024,22:30:00,17977.25,17979.5,17975.5,17978.0,196
03/05/2024,22:33:00,17978.25,17978.5,17976.5,17977.0,70
03/05/2024,22:36:00,17977.25,17977.25,17975.5,17976.5,100
03/05/2024,22:39:00,17976.75,17978.25,17974.75,17977.5,97
03/05/2024,22:42:00,17977.25,17978.75,17976.25,17978.5,64
03/05/2024,22:45:00,17978.25,17978.5,17976.75,17977.5,78
03/05/2024,22:48:00,17977.5,17979.25,17977.5,17978.0,104
03/05/2024,22:51:00,17977.75,17981.5,17977.75,17981.5,69
03/05/2024,22:54:00,17981.5,17982.75,17980.75,17981.75,136
03/05/2024,22:57:00,17981.25,17981.75,17979.75,17981.5,73
03/05/2024,23:00:00,17981.5,17985.0,17981.0,17985.0,157
03/05/2024,23:03:00,17984.75,17986.25,17983.75,17984.0,192
03/05/2024,23:06:00,17984.25,17984.25,17982.0,17982.5,88
03/05/2024,23:09:00,17982.0,17983.75,17980.25,17983.0,131
03/05/2024,23:12:00,17983.0,17986.75,17983.0,17984.75,127
03/05/2024,23:15:00,17984.0,17984.0,17979.5,17982.25,140
03/05/2024,23:18:00,17982.0,17982.0,17978.25,17979.75,165
03/05/2024,23:21:00,17980.0,17981.0,17978.75,17979.0,64
03/05/2024,23:24:00,17979.5,17980.0,17978.0,17978.25,139
03/05/2024,23:27:00,17978.5,17979.0,17976.75,17977.0,98
03/05/2024,23:30:00,17976.75,17980.5,17976.5,17980.0,101
03/05/2024,23:33:00,17980.5,17982.0,17979.25,17981.25,94
03/05/2024,23:36:00,17981.0,17983.5,17980.25,17983.0,101
03/05/2024,23:39:00,17983.5,17984.5,17983.0,17983.75,141
03/05/2024,23:42:00,17983.75,17985.0,17983.25,17983.75,64
03/05/2024,23:45:00,17983.75,17983.75,17979.75,17980.0,71
03/05/2024,23:48:00,17980.5,17980.75,17978.25,17979.5,70
03/05/2024,23:51:00,17979.25,17979.75,17977.25,17977.5,91
03/05/2024,23:54:00,17977.75,17979.25,17977.75,17979.25,61
03/05/2024,23:57:00,17979.25,17982.25,17979.0,17981.75,113
03/06/2024,00:00:00,17981.75,17984.0,17981.0,17982.75,243
03/06/2024,00:03:00,17982.5,17982.75,17975.0,17976.0,221
03/06/2024,00:06:00,17975.5,17976.0,17970.75,17973.75,302
03/06/2024,00:09:00,17973.75,17974.75,17967.75,17972.75,208
03/06/2024,00:12:00,17972.5,17975.25,17972.0,17973.75,155
03/06/2024,00:15:00,17974.0,17974.75,17972.25,17973.25,65
03/06/2024,00:18:00,17973.75,17979.25,17973.0,17977.5,174
03/06/2024,00:21:00,17977.25,17979.0,17975.25,17978.25,178
03/06/2024,00:24:00,17978.5,17979.5,17973.5,17973.5,164
03/06/2024,00:27:00,17973.25,17976.0,17971.25,17973.25,119
03/06/2024,00:30:00,17973.5,17977.75,17973.25,17977.25,103
03/06/2024,00:33:00,17976.5,17980.75,17976.25,17980.0,176
03/06/2024,00:36:00,17979.75,17980.0,17974.5,17975.5,125
03/06/2024,00:39:00,17976.0,17979.75,17975.75,17979.25,85
03/06/2024,00:42:00,17978.75,17985.0,17978.0,17982.5,271
03/06/2024,00:45:00,17982.0,17984.75,17981.25,17982.0,109
03/06/2024,00:48:00,17982.0,17983.0,17979.25,17980.0,99
03/06/2024,00:51:00,17980.0,17981.0,17978.0,17979.25,107
03/06/2024,00:54:00,17979.75,17981.25,17979.0,17981.0,56
03/06/2024,00:57:00,17980.5,17983.0,17978.5,17982.0,122
03/06/2024,01:00:00,17982.5,17983.25,17970.25,17973.75,463
03/06/2024,01:03:00,17972.75,17980.5,17971.5,17980.5,241
03/06/2024,01:06:00,17980.5,17982.25,17976.5,17980.5,195
03/06/2024,01:09:00,17980.5,17980.5,17973.75,17974.5,208
03/06/2024,01:12:00,17974.75,17975.5,17969.5,17975.5,287
03/06/2024,01:15:00,17975.0,17976.25,17972.25,17974.0,144
03/06/2024,01:18:00,17974.0,17982.25,17974.0,17981.25,270
03/06/2024,01:21:00,17981.0,17983.75,17980.5,17981.0,188
03/06/2024,01:24:00,17980.5,17984.5,17980.5,17982.25,142
03/06/2024,01:27:00,17982.5,17984.75,17979.0,17980.25,214
03/06/2024,01:30:00,17979.75,17981.0,17972.0,17974.25,361
03/06/2024,01:33:00,17974.5,17977.25,17973.75,17977.25,196
03/06/2024,01:36:00,17977.5,17979.25,17976.75,17977.25,140
03/06/2024,01:39:00,17977.75,17983.5,17977.75,17979.5,229
03/06/2024,01:42:00,17979.75,17991.75,17979.75,17990.25,569
03/06/2024,01:45:00,17990.25,17999.75,17989.0,17999.5,1011
03/06/2024,01:48:00,17999.75,18004.0,17990.75,17993.75,888
03/06/2024,01:51:00,17994.25,17996.0,17990.25,17991.75,475
03/06/2024,01:54:00,17991.75,17999.25,17991.75,17997.75,241
03/06/2024,01:57:00,17997.0,18006.75,17997.0,18003.0,549
03/06/2024,02:00:00,18002.5,18011.75,18002.0,18009.0,997
03/06/2024,02:03:00,18008.0,18014.0,18006.0,18011.5,526
03/06/2024,02:06:00,18012.0,18014.75,18010.5,18012.0,351
03/06/2024,02:09:00,18012.25,18018.5,18012.0,18017.75,712
03/06/2024,02:12:00,18018.0,18020.75,18016.0,18019.0,531
03/06/2024,02:15:00,18018.75,18022.75,18017.75,18020.75,507
03/06/2024,02:18:00,18020.5,18024.0,18019.0,18023.25,407
03/06/2024,02:21:00,18023.0,18023.25,18016.5,18019.25,512
03/06/2024,02:24:00,18019.25,18027.75,18019.0,18025.75,599
03/06/2024,02:27:00,18026.25,18029.5,18021.5,18028.75,489
03/06/2024,02:30:00,18028.25,18030.5,18024.0,18028.25,452
03/06/2024,02:33:00,18028.25,18037.0,18028.0,18034.0,726
03/06/2024,02:36:00,18034.75,18038.5,18031.75,18032.0,579
03/06/2024,02:39:00,18032.25,18036.0,18022.25,18022.25,541
03/06/2024,02:42:00,18022.5,18030.75,18022.0,18026.5,340
03/06/2024,02:45:00,18025.75,18028.5,18020.75,18023.0,345
03/06/2024,02:48:00,18023.25,18028.5,18021.75,18023.0,289
03/06/2024,02:51:00,18022.75,18023.5,18009.0,18016.75,992
03/06/2024,02:54:00,18017.25,18021.0,18013.25,18019.25,517
03/06/2024,02:57:00,18019.5,18022.5,18017.25,18020.0,250
03/06/2024,03:00:00,18019.75,18037.0,18019.75,18032.0,936
03/06/2024,03:03:00,18031.5,18043.25,18031.25,18036.75,1026
03/06/2024,03:06:00,18037.25,18045.0,18036.75,18043.0,659
03/06/2024,03:09:00,18043.0,18044.5,18038.75,18043.5,406
03/06/2024,03:12:00,18043.75,18048.75,18041.75,18048.25,588
03/06/2024,03:15:00,18048.25,18064.5,18048.0,18062.25,1414
03/06/2024,03:18:00,18062.0,18064.5,18053.25,18054.75,775
03/06/2024,03:21:00,18055.0,18060.0,18052.25,18054.0,457
03/06/2024,03:24:00,18054.0,18056.0,18049.25,18050.5,490
03/06/2024,03:27:00,18050.75,18054.5,18048.75,18052.5,355
03/06/2024,03:30:00,18052.5,18054.75,18050.25,18050.75,479
03/06/2024,03:33:00,18051.0,18053.0,18049.25,18051.5,519
03/06/2024,03:36:00,18050.75,18057.75,18050.75,18054.25,411
03/06/2024,03:39:00,18054.5,18060.75,18053.25,18059.75,433
03/06/2024,03:42:00,18060.75,18062.75,18055.0,18055.0,394
03/06/2024,03:45:00,18054.25,18054.75,18048.5,18050.25,723
03/06/2024,03:48:00,18050.0,18051.5,18044.75,18046.0,470
03/06/2024,03:51:00,18046.5,18051.5,18042.75,18051.5,359
03/06/2024,03:54:00,18051.25,18055.5,18049.5,18051.5,346
03/06/2024,03:57:00,18051.25,18058.0,18051.25,18057.0,328
03/06/2024,04:00:00,18057.25,18064.25,18056.5,18061.0,575
03/06/2024,04:03:00,18060.75,18066.75,18060.25,18062.5,533
03/06/2024,04:06:00,18062.25,18069.0,18061.0,18068.75,500
03/06/2024,04:09:00,18069.0,18070.0,18060.25,18060.5,524
03/06/2024,04:12:00,18060.5,18064.75,18057.0,18062.5,642
03/06/2024,04:15:00,18062.75,18068.75,18062.0,18067.0,650
03/06/2024,04:18:00,18066.5,18066.5,18059.25,18061.25,237
03/06/2024,04:21:00,18061.5,18067.0,18061.25,18066.75,247
03/06/2024,04:24:00,18067.0,18069.25,18063.5,18067.0,366
03/06/2024,04:27:00,18066.75,18070.75,18064.5,18065.25,374
03/06/2024,04:30:00,18064.75,18069.25,18062.0,18068.25,230
03/06/2024,04:33:00,18068.0,18076.0,18067.5,18070.25,646
03/06/2024,04:36:00,18069.75,18073.25,18066.25,18068.25,268
03/06/2024,04:39:00,18068.0,18069.75,18064.25,18065.75,383
03/06/2024,04:42:00,18066.5,18067.75,18055.5,18056.5,658
03/06/2024,04:45:00,18057.25,18059.25,18053.5,18059.25,423
03/06/2024,04:48:00,18059.5,18061.25,18055.25,18061.25,251
03/06/2024,04:51:00,18060.75,18065.75,18059.25,18060.25,448
03/06/2024,04:54:00,18060.5,18061.75,18053.5,18053.5,446
03/06/2024,04:57:00,18053.25,18055.0,18050.25,18051.5,369
03/06/2024,05:00:00,18051.25,18053.5,18049.25,18053.5,589
03/06/2024,05:03:00,18053.5,18056.5,18052.25,18054.0,246
03/06/2024,05:06:00,18054.25,18059.0,18053.0,18058.75,255
03/06/2024,05:09:00,18059.0,18062.25,18052.25,18054.5,380
03/06/2024,05:12:00,18053.75,18064.0,18053.75,18063.25,353
03/06/2024,05:15:00,18063.75,18065.0,18060.5,18062.5,294
03/06/2024,05:18:00,18062.5,18062.5,18057.25,18059.0,166
03/06/2024,05:21:00,18058.25,18060.0,18050.25,18053.25,344
03/06/2024,05:24:00,18052.75,18057.25,18052.5,18056.5,174
03/06/2024,05:27:00,18056.75,18058.0,18054.25,18056.5,192
03/06/2024,05:30:00,18057.0,18059.0,18049.5,18050.75,545
03/06/2024,05:33:00,18050.5,18055.25,18050.0,18053.0,224
03/06/2024,05:36:00,18053.75,18055.5,18051.0,18053.5,207
03/06/2024,05:39:00,18053.5,18057.0,18052.75,18053.25,150
03/06/2024,05:42:00,18053.5,18054.0,18043.25,18043.5,758
03/06/2024,05:45:00,18043.75,18049.0,18041.5,18047.5,493
03/06/2024,05:48:00,18048.25,18054.25,18044.0,18053.0,343
03/06/2024,05:51:00,18053.0,18053.0,18044.0,18044.75,293
03/06/2024,05:54:00,18044.25,18045.0,18035.25,18044.25,860
03/06/2024,05:57:00,18044.25,18047.5,18040.25,18042.25,349
03/06/2024,06:00:00,18042.25,18048.0,18034.25,18038.5,944
03/06/2024,06:03:00,18038.25,18041.75,18036.0,18037.25,452
03/06/2024,06:06:00,18037.0,18064.0,18037.0,18062.0,1230
03/06/2024,06:09:00,18061.5,18070.25,18060.25,18064.0,1465
03/06/2024,06:12:00,18064.25,18074.5,18064.25,18067.5,802
03/06/2024,06:15:00,18067.75,18070.5,18054.5,18058.75,802
03/06/2024,06:18:00,18058.5,18063.5,18053.25,18055.0,659
03/06/2024,06:21:00,18055.0,18058.75,18049.75,18055.5,673
03/06/2024,06:24:00,18056.25,18057.0,18048.25,18051.0,516
03/06/2024,06:27:00,18051.0,18059.0,18049.75,18058.0,472
03/06/2024,06:30:00,18058.75,18063.5,18056.5,18059.5,608
03/06/2024,06:33:00,18059.5,18066.0,18059.0,18064.75,602
03/06/2024,06:36:00,18065.0,18066.25,18063.0,18066.25,240
03/06/2024,06:39:00,18066.5,18075.0,18065.75,18072.0,997
03/06/2024,06:42:00,18072.5,18075.5,18069.5,18072.5,650
03/06/2024,06:45:00,18073.25,18074.0,18062.25,18062.25,823
03/06/2024,06:48:00,18062.5,18067.0,18060.0,18064.75,491
03/06/2024,06:51:00,18064.75,18070.0,18061.75,18066.0,317
03/06/2024,06:54:00,18066.0,18071.75,18065.25,18070.25,292
03/06/2024,06:57:00,18070.0,18070.25,18065.5,18068.25,384
03/06/2024,07:00:00,18067.5,18081.25,18065.75,18076.75,1153
03/06/2024,07:03:00,18077.75,18084.75,18077.5,18079.75,742
03/06/2024,07:06:00,18080.25,18080.5,18069.5,18069.75,705
03/06/2024,07:09:00,18070.0,18081.0,18068.75,18080.75,908
03/06/2024,07:12:00,18080.5,18081.25,18075.25,18077.25,540
03/06/2024,07:15:00,18077.25,18091.0,18077.25,18081.75,1819
03/06/2024,07:18:00,18082.0,18094.0,18080.5,18093.0,1181
03/06/2024,07:21:00,18092.25,18095.0,18087.75,18093.0,995
03/06/2024,07:24:00,18093.25,18093.25,18086.5,18087.0,779
03/06/2024,07:27:00,18086.5,18087.0,18073.25,18076.5,1223
03/06/2024,07:30:00,18077.0,18093.0,18054.0,18065.0,4913
03/06/2024,07:33:00,18065.0,18077.75,18055.75,18074.5,2502
03/06/2024,07:36:00,18075.0,18082.75,18069.75,18071.75,1488
03/06/2024,07:39:00,18072.5,18082.5,18072.0,18078.25,1003
03/06/2024,07:42:00,18077.75,18083.5,18072.0,18074.75,947
03/06/2024,07:45:00,18074.75,18085.0,18066.0,18079.0,1487
03/06/2024,07:48:00,18078.75,18091.0,18077.0,18090.5,1365
03/06/2024,07:51:00,18091.0,18091.0,18085.0,18087.0,680
03/06/2024,07:54:00,18086.25,18096.75,18085.75,18096.25,1121
03/06/2024,07:57:00,18096.25,18098.5,18091.75,18098.0,880
03/06/2024,08:00:00,18098.5,18098.75,18088.0,18090.0,1436
03/06/2024,08:03:00,18090.0,18091.75,18082.75,18088.25,950
03/06/2024,08:06:00,18088.5,18096.0,18088.5,18095.0,852
03/06/2024,08:09:00,18094.5,18097.0,18083.25,18087.0,941
03/06/2024,08:12:00,18086.5,18094.0,18085.75,18086.0,689
03/06/2024,08:15:00,18086.0,18093.5,18083.5,18093.0,921
03/06/2024,08:18:00,18092.75,18101.0,18092.25,18099.5,1260
03/06/2024,08:21:00,18099.5,18103.5,18091.0,18094.5,1520
03/06/2024,08:24:00,18094.5,18105.75,18092.75,18105.0,1375
03/06/2024,08:27:00,18104.75,18105.5,18098.75,18104.5,2630
03/06/2024,08:30:00,18104.25,18126.5,18100.75,18108.5,17129
03/06/2024,08:33:00,18108.5,18117.75,18081.75,18090.0,12784
03/06/2024,08:36:00,18090.25,18098.5,18069.25,18073.5,10140
03/06/2024,08:39:00,18073.25,18105.25,18072.75,18098.0,9100
03/06/2024,08:42:00,18098.0,18106.5,18086.0,18101.5,6444
03/06/2024,08:45:00,18101.75,18114.75,18073.25,18076.0,9502
03/06/2024,08:48:00,18076.0,18088.75,18059.75,18062.0,8048
03/06/2024,08:51:00,18062.75,18080.75,18057.25,18060.0,7866
03/06/2024,08:54:00,18060.0,18069.75,18050.75,18059.75,5726
03/06/2024,08:57:00,18059.25,18060.0,18036.5,18046.5,5793
03/06/2024,09:00:00,18048.75,18050.75,18012.0,18039.25,9463
03/06/2024,09:03:00,18038.25,18041.5,17986.0,17987.5,11654
03/06/2024,09:06:00,17987.75,18004.75,17963.5,18003.5,12093
03/06/2024,09:09:00,18003.0,18009.5,17982.5,18006.5,8698
03/06/2024,09:12:00,18006.75,18007.25,17978.5,18001.25,6304
03/06/2024,09:15:00,18000.5,18034.25,17998.25,18027.0,8861
03/06/2024,09:18:00,18028.25,18030.0,18011.5,18024.25,5257
03/06/2024,09:21:00,18024.5,18034.75,18019.25,18023.0,4732
03/06/2024,09:24:00,18024.0,18025.25,17997.0,18011.75,7287
03/06/2024,09:27:00,18012.0,18023.5,17994.25,18017.0,5704
03/06/2024,09:30:00,18017.25,18025.5,18000.5,18023.75,5883
03/06/2024,09:33:00,18023.5,18048.75,18019.75,18040.5,7651
03/06/2024,09:36:00,18040.5,18045.0,18023.75,18029.0,5295
03/06/2024,09:39:00,18029.25,18036.25,18023.25,18026.25,3608
03/06/2024,09:42:00,18026.5,18035.0,18016.5,18028.0,3876
03/06/2024,09:45:00,18028.5,18047.25,18027.5,18043.75,3767
03/06/2024,09:48:00,18043.75,18072.25,18037.25,18070.25,6122
03/06/2024,09:51:00,18069.75,18080.0,18065.0,18067.75,5604
03/06/2024,09:54:00,18068.0,18076.25,18067.0,18073.5,3501
03/06/2024,09:57:00,18073.25,18086.75,18069.25,18077.0,5406
03/06/2024,10:00:00,18077.0,18108.25,18076.5,18107.75,7429
03/06/2024,10:03:00,18107.25,18107.25,18079.5,18089.75,5587
03/06/2024,10:06:00,18090.25,18096.25,18080.0,18094.75,3163
03/06/2024,10:09:00,18095.0,18105.75,18091.75,18098.25,3752
03/06/2024,10:12:00,18098.5,18107.75,18094.25,18095.75,3160
03/06/2024,10:15:00,18096.0,18104.5,18091.75,18098.5,3183
03/06/2024,10:18:00,18099.0,18105.25,18094.5,18095.25,3083
03/06/2024,10:21:00,18095.25,18099.25,18085.75,18091.25,3333
03/06/2024,10:24:00,18091.25,18099.0,18085.25,18096.75,3490
03/06/2024,10:27:00,18096.5,18099.75,18090.5,18097.75,2305
03/06/2024,10:30:00,18097.75,18099.25,18076.0,18077.75,4219
03/06/2024,10:33:00,18078.0,18086.0,18060.5,18085.25,6409
03/06/2024,10:36:00,18084.5,18095.75,18083.0,18090.5,3331
03/06/2024,10:39:00,18090.75,18096.5,18088.75,18095.0,2345
03/06/2024,10:42:00,18094.75,18102.25,18088.75,18093.0,3168
03/06/2024,10:45:00,18093.0,18100.75,18085.25,18093.75,2449
03/06/2024,10:48:00,18094.25,18118.5,18090.75,18112.75,5587
03/06/2024,10:51:00,18113.0,18118.5,18104.0,18117.75,3950
03/06/2024,10:54:00,18117.75,18130.0,18114.0,18127.25,6632
03/06/2024,10:57:00,18127.5,18130.75,18120.75,18122.25,2838
03/06/2024,11:00:00,18122.25,18134.0,18122.25,18128.25,4671
03/06/2024,11:03:00,18128.25,18140.5,18121.0,18130.5,3727
03/06/2024,11:06:00,18130.75,18141.5,18124.5,18141.0,2586
03/06/2024,11:09:00,18141.25,18160.75,18139.0,18158.5,5575
03/06/2024,11:12:00,18158.75,18164.5,18155.75,18159.5,3313
03/06/2024,11:15:00,18159.25,18160.5,18150.25,18153.0,2458
03/06/2024,11:18:00,18152.75,18155.75,18144.25,18147.5,2670
03/06/2024,11:21:00,18147.75,18153.5,18142.0,18146.5,2505
03/06/2024,11:24:00,18146.5,18159.5,18145.5,18158.25,2413
03/06/2024,11:27:00,18158.25,18159.25,18151.75,18155.0,1805
03/06/2024,11:30:00,18155.25,18174.25,18154.25,18171.75,4427
03/06/2024,11:33:00,18172.0,18172.0,18151.5,18155.25,3256
03/06/2024,11:36:00,18155.5,18160.75,18148.75,18153.5,2778
03/06/2024,11:39:00,18152.5,18153.25,18144.0,18146.75,2700
03/06/2024,11:42:00,18145.75,18149.75,18140.5,18145.75,2161
03/06/2024,11:45:00,18145.75,18147.5,18126.5,18132.75,3322
03/06/2024,11:48:00,18131.75,18143.25,18128.25,18141.0,2184
03/06/2024,11:51:00,18141.0,18143.25,18126.75,18127.25,2082
03/06/2024,11:54:00,18127.25,18133.25,18116.25,18131.0,3719
03/06/2024,11:57:00,18131.75,18134.75,18125.5,18132.25,1686
03/06/2024,12:00:00,18132.75,18135.75,18126.25,18132.0,1953
03/06/2024,12:03:00,18132.5,18140.75,18128.5,18130.0,2029
03/06/2024,12:06:00,18130.0,18133.75,18125.0,18126.5,1862
03/06/2024,12:09:00,18126.25,18134.25,18119.5,18133.0,2257
03/06/2024,12:12:00,18132.75,18138.0,18127.25,18137.75,1756
03/06/2024,12:15:00,18138.25,18144.0,18129.75,18132.5,2779
03/06/2024,12:18:00,18132.25,18146.25,18128.75,18143.75,2868
03/06/2024,12:21:00,18144.0,18155.75,18143.75,18153.75,2378
03/06/2024,12:24:00,18153.25,18161.0,18149.25,18150.75,2376
03/06/2024,12:27:00,18150.75,18155.0,18146.75,18152.25,1857
03/06/2024,12:30:00,18151.75,18156.0,18130.75,18132.25,2597
03/06/2024,12:33:00,18132.0,18132.5,18063.75,18077.5,15010
03/06/2024,12:36:00,18077.25,18078.0,18041.5,18072.75,9944
03/06/2024,12:39:00,18072.25,18118.75,18072.25,18112.25,8771
03/06/2024,12:42:00,18112.25,18126.0,18109.25,18124.5,4185
03/06/2024,12:45:00,18124.5,18130.5,18055.75,18067.75,8249
03/06/2024,12:48:00,18067.75,18074.25,18030.5,18051.75,11164
03/06/2024,12:51:00,18051.75,18068.75,18035.75,18062.75,6619
03/06/2024,12:54:00,18062.75,18081.25,18044.5,18072.0,5971
03/06/2024,12:57:00,18071.75,18088.75,18070.5,18077.5,3921
03/06/2024,13:00:00,18078.0,18078.0,18050.25,18058.0,6609
03/06/2024,13:03:00,18057.5,18072.5,18033.5,18067.0,8577
03/06/2024,13:06:00,18067.5,18084.0,18063.5,18065.0,5982
03/06/2024,13:09:00,18065.0,18074.0,18052.5,18053.0,3769
03/06/2024,13:12:00,18053.0,18083.5,18031.25,18037.5,6526
03/06/2024,13:15:00,18038.0,18043.75,18006.0,18041.75,9244
03/06/2024,13:18:00,18041.5,18065.75,18039.25,18060.25,4759
03/06/2024,13:21:00,18060.0,18072.25,18054.5,18071.0,3089
03/06/2024,13:24:00,18070.25,18072.75,18051.5,18067.75,3169
03/06/2024,13:27:00,18068.25,18085.5,18065.5,18079.25,3691
03/06/2024,13:30:00,18079.5,18092.75,18041.75,18045.25,6015
03/06/2024,13:33:00,18045.0,18057.0,18034.0,18044.5,4023
03/06/2024,13:36:00,18044.75,18060.5,18044.75,18046.75,2543
03/06/2024,13:39:00,18046.5,18062.25,18036.0,18060.75,3266
03/06/2024,13:42:00,18060.25,18067.5,18051.5,18057.5,2558
03/06/2024,13:45:00,18057.0,18058.5,18012.75,18019.5,6074
03/06/2024,13:48:00,18019.25,18051.5,18018.25,18049.25,4888
03/06/2024,13:51:00,18049.0,18057.25,18038.5,18047.75,3062
03/06/2024,13:54:00,18048.0,18051.75,18031.0,18033.5,2436
03/06/2024,13:57:00,18033.75,18038.25,18002.25,18028.0,7179
03/06/2024,14:00:00,18028.5,18028.75,18005.0,18024.25,4243
03/06/2024,14:03:00,18024.75,18038.5,18016.0,18035.0,3513
03/06/2024,14:06:00,18035.75,18050.25,18027.0,18038.25,4137
03/06/2024,14:09:00,18037.0,18049.5,18030.25,18045.25,2390
03/06/2024,14:12:00,18045.25,18048.75,17996.5,18005.0,6060
03/06/2024,14:15:00,18005.25,18038.5,18005.0,18033.0,5268
03/06/2024,14:18:00,18032.5,18038.0,18015.0,18019.0,3297
03/06/2024,14:21:00,18018.75,18018.75,17992.5,18002.25,5517
03/06/2024,14:24:00,18002.25,18014.0,17995.0,17999.0,4181
03/06/2024,14:27:00,17999.25,18022.25,17997.75,18018.5,3225
03/06/2024,14:30:00,18018.75,18023.0,18010.0,18011.0,3414
03/06/2024,14:33:00,18011.25,18014.75,17988.0,17989.75,5042
03/06/2024,14:36:00,17989.75,18008.75,17984.5,18008.25,4205
03/06/2024,14:39:00,18008.0,18038.75,18007.25,18024.5,6849
03/06/2024,14:42:00,18024.25,18035.5,18018.75,18031.0,3572
03/06/2024,14:45:00,18030.75,18061.0,18027.0,18058.0,6066
03/06/2024,14:48:00,18058.5,18062.75,18021.75,18033.75,6208
03/06/2024,14:51:00,18034.0,18046.75,18012.75,18020.0,5982
03/06/2024,14:54:00,18020.25,18058.0,18016.75,18048.75,7218
03/06/2024,14:57:00,18048.5,18053.5,18039.75,18044.5,10063
03/06/2024,15:00:00,18044.25,18044.5,18033.25,18034.5,4557
03/06/2024,15:03:00,18034.25,18037.25,18028.25,18036.75,1476
03/06/2024,15:06:00,18036.75,18040.0,18031.5,18034.25,775
03/06/2024,15:09:00,18034.5,18035.5,18031.0,18033.5,513
03/06/2024,15:12:00,18034.0,18040.75,18033.75,18036.75,607
03/06/2024,15:15:00,18036.75,18039.25,18035.0,18039.25,217
03/06/2024,15:18:00,18039.75,18040.0,18037.0,18039.0,164
03/06/2024,15:21:00,18039.25,18042.0,18038.75,18041.75,197
03/06/2024,15:24:00,18042.0,18044.75,18041.5,18043.75,246
03/06/2024,15:27:00,18043.25,18045.75,18041.5,18041.75,329
03/06/2024,15:30:00,18042.25,18046.25,18042.25,18044.75,263
03/06/2024,15:33:00,18044.5,18047.25,18044.5,18046.5,201
03/06/2024,15:36:00,18047.25,18051.0,18046.0,18051.0,393
03/06/2024,15:39:00,18051.0,18051.5,18050.0,18050.5,222
03/06/2024,15:42:00,18050.25,18051.75,18050.0,18050.25,283
03/06/2024,15:45:00,18050.25,18051.75,18045.5,18046.5,318
03/06/2024,15:48:00,18046.75,18046.75,18041.75,18042.0,252
03/06/2024,15:51:00,18042.25,18043.75,18041.75,18042.0,103
03/06/2024,15:54:00,18041.75,18042.75,18040.5,18040.5,217
03/06/2024,15:57:00,18040.75,18042.25,18038.75,18040.25,272
03/06/2024,17:00:00,18041.0,18046.75,18037.25,18040.25,431
03/06/2024,17:03:00,18040.75,18040.75,18034.0,18038.0,179
03/06/2024,17:06:00,18037.25,18042.0,18037.0,18041.25,237
03/06/2024,17:09:00,18041.25,18047.0,18040.5,18041.0,238
03/06/2024,17:12:00,18040.0,18042.75,18035.75,18036.25,175
03/06/2024,17:15:00,18036.0,18040.0,18034.75,18038.25,103
03/06/2024,17:18:00,18039.0,18040.0,18030.5,18030.5,262
03/06/2024,17:21:00,18031.5,18035.25,18030.5,18034.0,77
03/06/2024,17:24:00,18034.0,18039.25,18034.0,18035.75,108
03/06/2024,17:27:00,18035.5,18040.5,18035.25,18040.0,106
03/06/2024,17:30:00,18039.75,18040.0,18035.0,18035.75,174
03/06/2024,17:33:00,18036.25,18036.25,18034.0,18034.5,75
03/06/2024,17:36:00,18034.25,18035.5,18032.25,18032.75,129
03/06/2024,17:39:00,18032.75,18033.0,18027.25,18028.5,205
03/06/2024,17:42:00,18028.75,18029.75,18026.0,18029.0,165
03/06/2024,17:45:00,18029.25,18031.75,18027.0,18028.0,135
03/06/2024,17:48:00,18029.25,18032.5,18029.0,18031.0,99
03/06/2024,17:51:00,18031.0,18035.5,18029.0,18032.0,130
03/06/2024,17:54:00,18031.75,18031.75,18022.5,18025.25,306
03/06/2024,17:57:00,18026.5,18027.25,18018.25,18018.25,244
03/06/2024,18:00:00,18018.75,18026.25,18017.5,18025.5,325
03/06/2024,18:03:00,18025.5,18028.0,18024.5,18026.0,109
03/06/2024,18:06:00,18026.0,18027.25,18021.5,18025.0,145
03/06/2024,18:09:00,18026.0,18028.25,18021.0,18024.0,207
03/06/2024,18:12:00,18024.5,18025.25,18018.75,18019.75,102
03/06/2024,18:15:00,18018.75,18019.75,18014.5,18016.0,269
03/06/2024,18:18:00,18015.75,18018.5,18007.25,18007.25,309
03/06/2024,18:21:00,18007.25,18010.0,18000.5,18002.75,528
03/06/2024,18:24:00,18001.75,18003.0,17994.75,17998.75,356
03/06/2024,18:27:00,17998.75,18003.0,17996.25,17997.5,263
03/06/2024,18:30:00,17996.5,17996.5,17985.75,17992.75,981
03/06/2024,18:33:00,17993.25,17995.25,17990.25,17994.0,225
03/06/2024,18:36:00,17994.0,17995.0,17988.0,17991.75,183
03/06/2024,18:39:00,17992.25,17993.5,17989.0,17992.0,128
03/06/2024,18:42:00,17992.0,17993.0,17986.5,17988.5,206
03/06/2024,18:45:00,17988.0,17991.25,17975.75,17978.5,826
03/06/2024,18:48:00,17978.5,17988.75,17978.5,17988.75,320
03/06/2024,18:51:00,17988.25,17996.25,17987.5,17991.75,375
03/06/2024,18:54:00,17991.0,17993.5,17988.75,17992.0,206
03/06/2024,18:57:00,17992.25,17997.0,17992.25,17995.5,482
03/06/2024,19:00:00,17995.25,17995.5,17981.0,17981.25,641
03/06/2024,19:03:00,17982.25,17988.0,17952.25,17958.25,1480
03/06/2024,19:06:00,17958.25,17974.75,17957.75,17972.0,930
03/06/2024,19:09:00,17972.25,17972.25,17962.0,17966.75,691
03/06/2024,19:12:00,17966.5,17981.75,17965.0,17980.75,580
03/06/2024,19:15:00,17980.75,17990.0,17979.75,17988.25,667
03/06/2024,19:18:00,17988.5,17991.0,17984.75,17989.0,365
03/06/2024,19:21:00,17989.5,17990.25,17982.75,17984.25,301
03/06/2024,19:24:00,17984.0,17992.0,17984.0,17990.0,297
03/06/2024,19:27:00,17989.5,17992.5,17988.75,17989.25,155
03/06/2024,19:30:00,17989.0,17995.5,17985.25,17986.75,557
03/06/2024,19:33:00,17986.25,17989.25,17976.25,17978.75,451
03/06/2024,19:36:00,17979.25,17979.5,17968.25,17972.5,547
03/06/2024,19:39:00,17972.0,17979.0,17971.75,17975.0,250
03/06/2024,19:42:00,17975.75,17983.75,17974.0,17981.5,294
03/06/2024,19:45:00,17981.0,17982.75,17975.25,17975.25,229
03/06/2024,19:48:00,17976.5,17979.0,17972.25,17978.25,294
03/06/2024,19:51:00,17978.5,17981.25,17966.5,17967.0,485
03/06/2024,19:54:00,17966.25,17970.0,17958.75,17966.0,833
03/06/2024,19:57:00,17965.0,17965.0,17956.75,17959.5,364
03/06/2024,20:00:00,17960.0,17970.0,17959.75,17966.0,454
03/06/2024,20:03:00,17966.75,17967.25,17960.0,17960.25,200
03/06/2024,20:06:00,17960.75,17962.5,17958.75,17960.0,279
03/06/2024,20:09:00,17959.75,17960.25,17943.5,17950.5,886
03/06/2024,20:12:00,17950.5,17961.25,17948.0,17956.25,517
03/06/2024,20:15:00,17956.0,17963.0,17956.0,17963.0,288
03/06/2024,20:18:00,17962.75,17963.0,17959.25,17960.75,194
03/06/2024,20:21:00,17960.25,17961.0,17941.0,17944.25,1306
03/06/2024,20:24:00,17944.5,17944.5,17932.25,17943.75,991
03/06/2024,20:27:00,17944.25,17944.5,17937.25,17938.5,367
03/06/2024,20:30:00,17938.5,17945.0,17936.25,17942.0,417
03/06/2024,20:33:00,17941.75,17944.75,17937.0,17943.75,330
03/06/2024,20:36:00,17943.75,17944.25,17938.0,17939.5,226
03/06/2024,20:39:00,17939.25,17946.75,17937.75,17944.75,214
03/06/2024,20:42:00,17944.25,17946.5,17943.25,17943.5,253
03/06/2024,20:45:00,17943.25,17948.5,17942.0,17946.75,271
03/06/2024,20:48:00,17946.0,17949.25,17945.75,17948.5,184
03/06/2024,20:51:00,17948.25,17950.0,17947.5,17948.5,251
03/06/2024,20:54:00,17948.5,17949.0,17944.25,17946.75,264
03/06/2024,20:57:00,17947.0,17948.0,17943.5,17947.5,179
03/06/2024,21:00:00,17947.5,17952.5,17945.5,17945.75,313
03/06/2024,21:03:00,17945.5,17952.0,17943.5,17951.25,289
03/06/2024,21:06:00,17951.25,17951.25,17943.75,17944.0,184
03/06/2024,21:09:00,17944.25,17956.5,17943.75,17950.5,327
03/06/2024,21:12:00,17950.5,17954.5,17946.75,17953.75,294
03/06/2024,21:15:00,17953.25,17954.75,17950.0,17954.0,155
03/06/2024,21:18:00,17954.0,17956.0,17949.0,17949.25,233
03/06/2024,21:21:00,17949.5,17950.0,17943.5,17948.0,289
03/06/2024,21:24:00,17947.75,17950.5,17944.0,17948.75,205
03/06/2024,21:27:00,17948.0,17950.5,17947.75,17949.75,151
03/06/2024,21:30:00,17949.0,17953.5,17949.0,17953.5,209
03/06/2024,21:33:00,17953.75,17953.75,17947.75,17949.25,212
03/06/2024,21:36:00,17948.75,17950.5,17946.5,17950.0,113
03/06/2024,21:39:00,17949.5,17960.75,17949.5,17959.25,423
03/06/2024,21:42:00,17959.0,17962.0,17955.5,17961.0,606
03/06/2024,21:45:00,17960.75,17960.75,17955.75,17959.25,182
03/06/2024,21:48:00,17960.0,17967.75,17960.0,17966.25,273
03/06/2024,21:51:00,17966.25,17972.0,17965.75,17971.0,463
03/06/2024,21:54:00,17970.5,17972.0,17967.25,17970.0,256
03/06/2024,21:57:00,17970.25,17976.5,17968.0,17972.0,483
03/06/2024,22:00:00,17972.0,17980.5,17972.0,17977.75,526
03/06/2024,22:03:00,17977.25,17977.25,17966.5,17967.75,368
03/06/2024,22:06:00,17968.25,17968.25,17962.75,17963.75,207
03/06/2024,22:09:00,17963.75,17964.75,17959.0,17961.0,287
03/06/2024,22:12:00,17961.0,17961.5,17956.75,17960.5,222
03/06/2024,22:15:00,17960.0,17965.5,17960.0,17963.0,333
03/06/2024,22:18:00,17963.0,17964.25,17961.25,17964.0,96
03/06/2024,22:21:00,17963.75,17966.25,17961.75,17964.5,120
03/06/2024,22:24:00,17964.5,17967.25,17964.0,17966.25,155
03/06/2024,22:27:00,17966.25,17971.5,17965.75,17970.75,237
03/06/2024,22:30:00,17970.5,17972.75,17967.75,17970.75,231
03/06/2024,22:33:00,17970.5,17970.5,17967.25,17967.75,87
03/06/2024,22:36:00,17967.5,17968.25,17965.5,17967.75,123
03/06/2024,22:39:00,17967.75,17974.5,17967.75,17974.25,282
03/06/2024,22:42:00,17974.0,17976.0,17972.5,17972.5,174
03/06/2024,22:45:00,17972.25,17975.0,17969.5,17971.0,260
03/06/2024,22:48:00,17971.5,17976.5,17971.5,17975.0,155
03/06/2024,22:51:00,17974.75,17975.75,17973.5,17975.0,89
03/06/2024,22:54:00,17974.0,17975.75,17973.0,17974.0,146
03/06/2024,22:57:00,17974.0,17975.5,17972.5,17973.25,88
03/06/2024,23:00:00,17973.5,17977.25,17972.5,17976.25,164
03/06/2024,23:03:00,17977.0,17977.25,17972.5,17974.5,194
03/06/2024,23:06:00,17974.5,17981.25,17973.25,17980.0,231
03/06/2024,23:09:00,17980.0,17980.5,17975.25,17979.25,174
03/06/2024,23:12:00,17979.5,17984.5,17979.25,17984.0,333
03/06/2024,23:15:00,17984.25,17984.5,17981.75,17983.0,188
03/06/2024,23:18:00,17983.25,17986.75,17983.25,17985.25,209
03/06/2024,23:21:00,17985.75,17991.25,17985.25,17987.0,355
03/06/2024,23:24:00,17986.75,17988.25,17982.75,17984.0,178
03/06/2024,23:27:00,17984.5,17984.5,17981.0,17981.75,144
03/06/2024,23:30:00,17982.25,17986.25,17979.25,17980.0,298
03/06/2024,23:33:00,17981.0,17982.5,17977.25,17980.0,188
03/06/2024,23:36:00,17980.25,17980.25,17974.0,17977.75,214
03/06/2024,23:39:00,17977.0,17982.5,17976.5,17981.0,163
03/06/2024,23:42:00,17980.5,17980.5,17977.5,17979.75,100
03/06/2024,23:45:00,17979.25,17980.75,17976.5,17977.5,125
03/06/2024,23:48:00,17977.75,17979.75,17973.0,17973.0,244
03/06/2024,23:51:00,17972.75,17981.0,17972.5,17979.5,206
03/06/2024,23:54:00,17979.0,17983.25,17976.5,17983.25,138
03/06/2024,23:57:00,17983.25,17983.75,17978.75,17979.0,152
03/07/2024,00:00:00,17978.5,17981.0,17973.25,17977.75,230
03/07/2024,00:03:00,17979.25,17982.5,17979.25,17980.5,115
03/07/2024,00:06:00,17980.25,17983.5,17979.0,17981.5,146
03/07/2024,00:09:00,17981.0,17981.0,17973.75,17974.75,123
03/07/2024,00:12:00,17974.75,17978.5,17971.0,17978.5,231
03/07/2024,00:15:00,17978.25,17978.25,17975.0,17977.5,128
03/07/2024,00:18:00,17976.5,17978.25,17975.25,17977.25,106
03/07/2024,00:21:00,17976.75,17986.5,17976.25,17986.5,200
03/07/2024,00:24:00,17986.25,17989.5,17984.25,17986.25,253
03/07/2024,00:27:00,17987.0,17991.25,17984.5,17990.5,217
03/07/2024,00:30:00,17990.75,17992.0,17987.75,17989.5,201
03/07/2024,00:33:00,17989.75,17991.0,17988.5,17988.75,79
03/07/2024,00:36:00,17988.5,17990.5,17986.0,17986.25,178
03/07/2024,00:39:00,17986.0,17988.5,17984.5,17985.75,184
03/07/2024,00:42:00,17986.0,17986.0,17975.5,17976.0,408
03/07/2024,00:45:00,17976.0,17977.75,17970.5,17971.75,386
03/07/2024,00:48:00,17971.5,17976.0,17969.25,17970.0,278
03/07/2024,00:51:00,17970.25,17973.75,17963.5,17966.0,547
03/07/2024,00:54:00,17965.25,17966.0,17956.25,17958.25,698
03/07/2024,00:57:00,17959.0,17961.5,17952.75,17960.5,437
03/07/2024,01:00:00,17959.75,17962.0,17950.0,17956.75,570
03/07/2024,01:03:00,17957.0,17958.25,17943.75,17944.5,870
03/07/2024,01:06:00,17944.25,17951.75,17943.0,17947.5,403
03/07/2024,01:09:00,17947.75,17951.0,17945.0,17949.5,252
03/07/2024,01:12:00,17950.25,17951.25,17945.0,17949.0,271
03/07/2024,01:15:00,17948.75,17948.75,17940.25,17944.5,610
03/07/2024,01:18:00,17943.5,17949.5,17941.25,17947.25,287
03/07/2024,01:21:00,17947.25,17949.25,17941.75,17947.0,384
03/07/2024,01:24:00,17946.5,17950.75,17945.0,17945.25,199
03/07/2024,01:27:00,17945.25,17947.0,17941.75,17943.25,218
03/07/2024,01:30:00,17943.25,17949.5,17942.0,17946.25,321
03/07/2024,01:33:00,17945.0,17954.0,17942.75,17954.0,295
03/07/2024,01:36:00,17953.75,17954.0,17936.75,17942.25,534
03/07/2024,01:39:00,17942.0,17951.25,17941.75,17950.25,285
03/07/2024,01:42:00,17950.5,17955.75,17949.75,17951.5,298
03/07/2024,01:45:00,17950.0,17954.75,17949.75,17953.0,224
03/07/2024,01:48:00,17952.5,17961.0,17951.25,17960.0,389
03/07/2024,01:51:00,17960.75,17965.25,17958.0,17964.0,466
03/07/2024,01:54:00,17963.75,17965.0,17954.75,17957.0,448
03/07/2024,01:57:00,17956.25,17956.25,17947.75,17949.5,376
03/07/2024,02:00:00,17949.75,17962.5,17947.75,17961.25,604
03/07/2024,02:03:00,17961.5,17970.0,17957.5,17964.0,716
03/07/2024,02:06:00,17964.5,17964.75,17951.25,17952.5,393
03/07/2024,02:09:00,17951.5,17951.75,17918.25,17922.5,2055
03/07/2024,02:12:00,17922.75,17934.0,17915.75,17931.0,953
03/07/2024,02:15:00,17932.25,17949.75,17930.5,17945.5,983
03/07/2024,02:18:00,17945.5,17954.75,17940.5,17954.0,484
03/07/2024,02:21:00,17953.75,17967.25,17953.5,17965.25,830
03/07/2024,02:24:00,17964.75,17975.0,17961.75,17972.0,661
03/07/2024,02:27:00,17971.5,17980.5,17970.25,17970.75,685
03/07/2024,02:30:00,17971.75,17977.25,17970.25,17972.5,398
03/07/2024,02:33:00,17971.5,17975.0,17967.5,17971.0,540
03/07/2024,02:36:00,17970.75,17982.0,17969.25,17980.75,615
03/07/2024,02:39:00,17980.5,17982.75,17969.5,17976.0,527
03/07/2024,02:42:00,17976.0,17978.5,17971.5,17977.0,276
03/07/2024,02:45:00,17977.0,17983.25,17976.25,17979.25,384
03/07/2024,02:48:00,17979.5,17979.5,17973.25,17974.25,329
03/07/2024,02:51:00,17974.5,17980.0,17973.75,17977.0,341
03/07/2024,02:54:00,17977.0,17979.0,17966.25,17967.5,436
03/07/2024,02:57:00,17967.75,17978.75,17967.5,17977.25,400
03/07/2024,03:00:00,17977.5,17992.0,17974.0,17989.5,1098
03/07/2024,03:03:00,17989.75,18001.0,17987.75,18000.25,1148
03/07/2024,03:06:00,18000.0,18001.25,17996.0,17999.25,475
03/07/2024,03:09:00,17997.5,18012.0,17996.5,18003.75,944
03/07/2024,03:12:00,18004.5,18014.5,18004.5,18009.0,578
03/07/2024,03:15:00,18009.0,18030.5,18009.0,18021.5,1687
03/07/2024,03:18:00,18021.0,18038.75,18019.25,18036.5,992
03/07/2024,03:21:00,18036.25,18046.75,18035.25,18046.25,1147
03/07/2024,03:24:00,18046.5,18055.0,18043.0,18049.75,1015
03/07/2024,03:27:00,18049.0,18068.5,18047.75,18067.0,1306
03/07/2024,03:30:00,18066.75,18069.75,18056.25,18057.75,1261
03/07/2024,03:33:00,18058.0,18063.75,18054.25,18057.0,627
03/07/2024,03:36:00,18057.75,18060.0,18053.75,18056.75,594
03/07/2024,03:39:00,18057.25,18063.75,18056.0,18062.25,587
03/07/2024,03:42:00,18061.75,18064.5,18058.25,18063.0,327
03/07/2024,03:45:00,18062.25,18065.5,18058.5,18061.25,421
03/07/2024,03:48:00,18062.25,18065.75,18056.75,18062.75,527
03/07/2024,03:51:00,18062.75,18076.5,18062.75,18064.0,1094
03/07/2024,03:54:00,18064.75,18069.25,18060.5,18062.5,549
03/07/2024,03:57:00,18062.5,18069.75,18062.5,18069.75,345
03/07/2024,04:00:00,18069.75,18081.0,18069.75,18079.75,972
03/07/2024,04:03:00,18079.25,18083.0,18075.0,18080.25,717
03/07/2024,04:06:00,18081.0,18084.5,18079.0,18082.25,642
03/07/2024,04:09:00,18081.5,18083.0,18077.75,18083.0,599
03/07/2024,04:12:00,18082.25,18090.5,18082.25,18085.75,914
03/07/2024,04:15:00,18085.75,18087.5,18082.75,18087.0,519
03/07/2024,04:18:00,18087.25,18093.75,18086.5,18090.5,618
03/07/2024,04:21:00,18090.5,18091.0,18084.0,18086.5,391
03/07/2024,04:24:00,18086.5,18091.0,18083.5,18084.25,260
03/07/2024,04:27:00,18084.0,18088.75,18081.5,18087.5,526
03/07/2024,04:30:00,18088.5,18089.0,18084.75,18087.0,252
03/07/2024,04:33:00,18087.5,18093.75,18084.25,18093.0,359
03/07/2024,04:36:00,18093.25,18093.75,18086.75,18092.0,314
03/07/2024,04:39:00,18092.5,18103.5,18091.25,18099.5,1041
03/07/2024,04:42:00,18099.5,18105.0,18097.75,18103.0,307
03/07/2024,04:45:00,18103.0,18115.75,18103.0,18106.5,1239
03/07/2024,04:48:00,18106.5,18111.5,18103.0,18110.0,632
03/07/2024,04:51:00,18110.5,18112.0,18106.75,18111.0,285
03/07/2024,04:54:00,18111.75,18121.0,18111.75,18117.0,696
03/07/2024,04:57:00,18117.75,18121.5,18117.25,18118.75,289
03/07/2024,05:00:00,18118.25,18120.5,18110.25,18112.0,611
03/07/2024,05:03:00,18112.0,18125.5,18112.0,18122.0,799
03/07/2024,05:06:00,18121.75,18124.25,18116.75,18119.5,445
03/07/2024,05:09:00,18119.5,18122.5,18113.5,18115.0,471
03/07/2024,05:12:00,18115.0,18118.0,18111.75,18112.5,363
03/07/2024,05:15:00,18112.75,18113.5,18102.75,18104.25,754
03/07/2024,05:18:00,18104.0,18108.0,18094.25,18098.25,951
03/07/2024,05:21:00,18098.75,18102.5,18096.0,18101.5,508
03/07/2024,05:24:00,18100.75,18107.0,18100.5,18104.5,474
03/07/2024,05:27:00,18105.0,18105.75,18099.0,18100.5,356
03/07/2024,05:30:00,18100.5,18108.25,18098.0,18108.25,632
03/07/2024,05:33:00,18107.75,18110.0,18100.75,18102.5,308
03/07/2024,05:36:00,18102.25,18114.75,18101.5,18114.5,499
03/07/2024,05:39:00,18115.0,18120.0,18114.0,18118.5,508
03/07/2024,05:42:00,18118.0,18120.5,18117.0,18118.25,272
03/07/2024,05:45:00,18118.5,18123.25,18114.75,18115.5,536
03/07/2024,05:48:00,18115.0,18121.5,18114.0,18117.75,424
03/07/2024,05:51:00,18117.5,18118.25,18109.75,18112.0,442
03/07/2024,05:54:00,18112.25,18114.0,18105.0,18111.5,474
03/07/2024,05:57:00,18111.25,18111.25,18106.25,18109.75,281
03/07/2024,06:00:00,18111.0,18114.75,18105.0,18114.0,480
03/07/2024,06:03:00,18114.5,18119.75,18111.25,18116.0,485
03/07/2024,06:06:00,18116.5,18117.0,18108.5,18110.5,286
03/07/2024,06:09:00,18110.5,18111.0,18104.25,18110.25,311
03/07/2024,06:12:00,18111.0,18118.5,18110.25,18117.0,513
03/07/2024,06:15:00,18117.0,18117.0,18110.0,18114.0,248
03/07/2024,06:18:00,18114.25,18117.0,18111.75,18117.0,274
03/07/2024,06:21:00,18117.5,18134.0,18117.0,18132.25,1424
03/07/2024,06:24:00,18132.25,18137.25,18121.25,18121.25,987
03/07/2024,06:27:00,18121.5,18129.0,18120.25,18128.25,384
03/07/2024,06:30:00,18128.25,18131.25,18122.0,18124.5,660
03/07/2024,06:33:00,18123.75,18129.75,18121.75,18126.0,386
03/07/2024,06:36:00,18126.0,18129.25,18121.75,18126.25,337
03/07/2024,06:39:00,18126.5,18128.25,18119.25,18120.25,385
03/07/2024,06:42:00,18120.5,18124.0,18115.75,18122.25,545
03/07/2024,06:45:00,18123.0,18125.75,18119.75,18125.5,370
03/07/2024,06:48:00,18125.5,18127.5,18121.75,18124.0,346
03/07/2024,06:51:00,18123.75,18128.0,18116.25,18117.75,476
03/07/2024,06:54:00,18117.5,18120.0,18113.25,18116.75,445
03/07/2024,06:57:00,18116.5,18121.75,18116.5,18119.75,268
03/07/2024,07:00:00,18119.75,18123.75,18112.75,18117.0,618
03/07/2024,07:03:00,18116.75,18119.25,18108.0,18109.25,681
03/07/2024,07:06:00,18109.5,18114.0,18105.25,18108.75,798
03/07/2024,07:09:00,18108.0,18119.5,18107.75,18116.75,412
03/07/2024,07:12:00,18116.5,18120.75,18115.25,18118.75,326
03/07/2024,07:15:00,18119.0,18149.5,18118.0,18141.5,3223
03/07/2024,07:18:00,18141.5,18146.5,18137.0,18140.0,1021
03/07/2024,07:21:00,18140.0,18143.25,18133.5,18140.75,813
03/07/2024,07:24:00,18140.75,18142.25,18138.0,18141.75,455
03/07/2024,07:27:00,18140.75,18141.75,18137.75,18138.75,467
03/07/2024,07:30:00,18138.0,18159.0,18134.0,18155.0,3477
03/07/2024,07:33:00,18155.0,18156.0,18146.0,18152.25,1539
03/07/2024,07:36:00,18153.0,18157.5,18146.0,18147.0,1561
03/07/2024,07:39:00,18147.25,18151.5,18138.0,18151.25,1783
03/07/2024,07:42:00,18151.5,18161.0,18143.0,18158.5,1395
03/07/2024,07:45:00,18158.75,18161.75,18155.25,18158.25,1099
03/07/2024,07:48:00,18158.5,18160.25,18147.75,18153.5,1385
03/07/2024,07:51:00,18153.25,18156.5,18145.75,18149.5,837
03/07/2024,07:54:00,18149.5,18155.5,18148.5,18152.75,957
03/07/2024,07:57:00,18152.75,18155.0,18149.25,18152.5,756
03/07/2024,08:00:00,18152.0,18155.75,18141.5,18144.25,1652
03/07/2024,08:03:00,18144.5,18149.5,18138.5,18145.25,1384
03/07/2024,08:06:00,18145.75,18152.75,18142.25,18146.5,1062
03/07/2024,08:09:00,18146.5,18151.25,18142.0,18146.0,1424
03/07/2024,08:12:00,18146.5,18157.0,18146.5,18154.5,1583
03/07/2024,08:15:00,18154.0,18158.0,18151.75,18153.25,1012
03/07/2024,08:18:00,18153.25,18181.5,18152.0,18179.5,5096
03/07/2024,08:21:00,18179.75,18183.25,18176.0,18177.25,1703
03/07/2024,08:24:00,18177.0,18178.5,18165.25,18171.0,2221
03/07/2024,08:27:00,18171.25,18188.5,18168.25,18182.5,3835
03/07/2024,08:30:00,18182.25,18194.25,18168.0,18178.0,16013
03/07/2024,08:33:00,18177.75,18211.25,18166.25,18205.0,16182
03/07/2024,08:36:00,18205.0,18225.75,18205.0,18208.5,11652
03/07/2024,08:39:00,18208.75,18214.75,18178.0,18181.75,10266
03/07/2024,08:42:00,18181.25,18199.75,18162.0,18163.0,9662
03/07/2024,08:45:00,18163.0,18167.5,18118.75,18144.75,16178
03/07/2024,08:48:00,18145.0,18168.75,18143.5,18163.5,8036
03/07/2024,08:51:00,18163.75,18197.5,18163.25,18192.75,8772
03/07/2024,08:54:00,18193.0,18214.0,18190.25,18207.75,7909
03/07/2024,08:57:00,18207.5,18210.25,18182.25,18192.75,7157
03/07/2024,09:00:00,18192.25,18198.5,18183.5,18192.25,5539
03/07/2024,09:03:00,18191.75,18201.75,18176.0,18201.5,6602
03/07/2024,09:06:00,18201.5,18208.0,18174.25,18182.0,6681
03/07/2024,09:09:00,18182.0,18212.25,18179.0,18207.5,7390
03/07/2024,09:12:00,18207.25,18217.25,18202.0,18212.5,6375
03/07/2024,09:15:00,18213.25,18234.0,18212.0,18220.25,9291
03/07/2024,09:18:00,18220.25,18230.0,18209.0,18226.0,5545
03/07/2024,09:21:00,18226.0,18232.75,18211.25,18213.75,4768
03/07/2024,09:24:00,18213.75,18233.75,18208.75,18231.5,5581
03/07/2024,09:27:00,18231.5,18238.75,18226.25,18237.25,4371
03/07/2024,09:30:00,18237.5,18242.0,18218.5,18227.0,5635
03/07/2024,09:33:00,18226.5,18238.5,18225.25,18231.75,3750
03/07/2024,09:36:00,18231.75,18246.75,18228.25,18246.25,3460
03/07/2024,09:39:00,18246.25,18257.25,18243.0,18252.5,5458
03/07/2024,09:42:00,18253.0,18268.75,18253.0,18265.0,5998
03/07/2024,09:45:00,18264.75,18276.25,18261.25,18267.5,5160
03/07/2024,09:48:00,18267.5,18282.5,18258.5,18263.5,7020
03/07/2024,09:51:00,18263.5,18263.5,18242.75,18245.0,5612
03/07/2024,09:54:00,18245.0,18252.0,18235.0,18243.0,5276
03/07/2024,09:57:00,18243.75,18255.5,18241.0,18250.5,4118
03/07/2024,10:00:00,18250.75,18252.75,18241.5,18244.75,2697
03/07/2024,10:03:00,18245.0,18260.75,18243.75,18258.25,3039
03/07/2024,10:06:00,18258.0,18266.25,18250.5,18265.5,2655
03/07/2024,10:09:00,18265.5,18270.5,18255.75,18262.0,3169
03/07/2024,10:12:00,18262.25,18273.5,18258.25,18263.75,2873
03/07/2024,10:15:00,18263.5,18269.75,18258.0,18258.75,2834
03/07/2024,10:18:00,18259.25,18269.75,18254.25,18268.5,2335
03/07/2024,10:21:00,18269.0,18278.25,18265.0,18269.5,3410
03/07/2024,10:24:00,18269.25,18290.25,18269.25,18283.5,5509
03/07/2024,10:27:00,18283.25,18293.0,18282.75,18286.5,3852
03/07/2024,10:30:00,18286.5,18287.5,18264.25,18272.75,5507
03/07/2024,10:33:00,18272.5,18277.25,18259.75,18267.5,3768
03/07/2024,10:36:00,18266.5,18284.0,18263.5,18283.75,3501
03/07/2024,10:39:00,18284.0,18289.5,18280.25,18288.25,2913
03/07/2024,10:42:00,18289.0,18297.25,18285.25,18290.25,3080
03/07/2024,10:45:00,18290.5,18292.75,18272.5,18275.25,3559
03/07/2024,10:48:00,18275.5,18288.5,18274.25,18287.75,2500
03/07/2024,10:51:00,18287.75,18290.5,18280.0,18281.25,2102
03/07/2024,10:54:00,18281.5,18303.75,18279.25,18298.0,4627
03/07/2024,10:57:00,18298.0,18307.0,18296.25,18301.5,3676
03/07/2024,11:00:00,18301.25,18309.0,18291.5,18296.0,3629
03/07/2024,11:03:00,18296.5,18306.25,18293.5,18303.75,2164
03/07/2024,11:06:00,18304.5,18306.75,18297.25,18303.0,2600
03/07/2024,11:09:00,18303.25,18320.75,18302.5,18313.25,4669
03/07/2024,11:12:00,18313.5,18316.75,18307.75,18309.75,2925
03/07/2024,11:15:00,18310.0,18324.25,18310.0,18322.5,2834
03/07/2024,11:18:00,18322.5,18329.25,18318.0,18322.5,3437
03/07/2024,11:21:00,18322.0,18323.0,18302.75,18307.0,3585
03/07/2024,11:24:00,18307.25,18320.75,18306.75,18319.5,2440
03/07/2024,11:27:00,18319.25,18320.25,18307.0,18307.25,2046
03/07/2024,11:30:00,18307.5,18308.0,18296.0,18306.75,3620
03/07/2024,11:33:00,18306.25,18311.25,18297.0,18309.0,2280
03/07/2024,11:36:00,18309.75,18317.0,18309.25,18312.0,2363
03/07/2024,11:39:00,18311.5,18311.5,18288.25,18290.25,3221
03/07/2024,11:42:00,18290.25,18308.0,18286.25,18305.75,3132
03/07/2024,11:45:00,18306.0,18312.0,18303.25,18310.25,1819
03/07/2024,11:48:00,18310.75,18311.5,18297.5,18298.5,2314
03/07/2024,11:51:00,18299.5,18313.75,18298.0,18307.75,2385
03/07/2024,11:54:00,18307.5,18311.0,18297.5,18302.75,2211
03/07/2024,11:57:00,18302.25,18310.5,18298.75,18309.25,1530
03/07/2024,12:00:00,18309.5,18316.25,18308.25,18313.75,1917
03/07/2024,12:03:00,18314.0,18315.0,18295.75,18296.25,2093
03/07/2024,12:06:00,18296.5,18308.25,18291.25,18305.5,1987
03/07/2024,12:09:00,18305.5,18320.5,18304.75,18319.5,2732
03/07/2024,12:12:00,18319.5,18319.75,18304.25,18310.0,2189
03/07/2024,12:15:00,18309.75,18321.5,18309.25,18318.0,2133
03/07/2024,12:18:00,18317.75,18319.75,18311.5,18315.0,1863
03/07/2024,12:21:00,18315.5,18320.25,18311.5,18319.25,1499
03/07/2024,12:24:00,18319.5,18323.75,18314.0,18320.25,1925
03/07/2024,12:27:00,18320.5,18327.75,18317.75,18327.0,1914
03/07/2024,12:30:00,18327.25,18332.0,18320.25,18329.5,2901
03/07/2024,12:33:00,18329.25,18337.5,18325.5,18336.0,2961
03/07/2024,12:36:00,18336.25,18344.5,18334.0,18343.0,3200
03/07/2024,12:39:00,18342.75,18345.0,18335.5,18338.25,1969
03/07/2024,12:42:00,18337.5,18343.25,18333.25,18342.75,2191
03/07/2024,12:45:00,18342.5,18350.0,18339.25,18345.0,3593
03/07/2024,12:48:00,18345.0,18359.0,18344.25,18352.0,3616
03/07/2024,12:51:00,18352.25,18355.25,18347.25,18348.5,2397
03/07/2024,12:54:00,18348.5,18359.0,18348.5,18358.5,2061
03/07/2024,12:57:00,18358.5,18360.0,18350.25,18353.5,2487
03/07/2024,13:00:00,18353.5,18356.5,18337.25,18354.5,3754
03/07/2024,13:03:00,18354.75,18358.5,18350.75,18351.75,1773
03/07/2024,13:06:00,18352.0,18354.5,18341.25,18341.75,2457
03/07/2024,13:09:00,18341.5,18351.75,18335.5,18346.5,2679
03/07/2024,13:12:00,18346.75,18352.5,18344.25,18350.25,1630
03/07/2024,13:15:00,18349.75,18354.5,18341.25,18342.75,1927
03/07/2024,13:18:00,18342.5,18346.0,18332.5,18340.0,3214
03/07/2024,13:21:00,18339.75,18346.0,18334.25,18336.0,2183
03/07/2024,13:24:00,18335.75,18341.5,18333.5,18341.0,2113
03/07/2024,13:27:00,18341.25,18344.0,18336.25,18340.25,1662
03/07/2024,13:30:00,18341.0,18346.5,18339.25,18343.5,1973
03/07/2024,13:33:00,18343.75,18348.25,18337.25,18346.25,2019
03/07/2024,13:36:00,18346.25,18349.25,18342.5,18348.25,1662
03/07/2024,13:39:00,18347.75,18353.0,18346.0,18349.5,2032
03/07/2024,13:42:00,18349.75,18351.75,18341.25,18345.75,1772
03/07/2024,13:45:00,18345.75,18351.0,18342.5,18347.75,1562
03/07/2024,13:48:00,18348.25,18355.0,18346.75,18352.25,1933
03/07/2024,13:51:00,18352.5,18356.5,18350.0,18351.75,1537
03/07/2024,13:54:00,18352.0,18355.75,18349.0,18349.75,2169
03/07/2024,13:57:00,18349.5,18349.5,18321.75,18326.75,5491
03/07/2024,14:00:00,18327.0,18327.25,18288.5,18305.75,10586
03/07/2024,14:03:00,18306.5,18315.0,18300.0,18313.75,3344
03/07/2024,14:06:00,18313.75,18322.75,18300.0,18303.25,4001
03/07/2024,14:09:00,18303.0,18309.75,18296.0,18302.25,3431
03/07/2024,14:12:00,18302.25,18320.5,18300.0,18316.75,2842
03/07/2024,14:15:00,18317.0,18320.0,18305.5,18310.75,2847
03/07/2024,14:18:00,18310.75,18312.0,18298.5,18305.0,2878
03/07/2024,14:21:00,18304.75,18308.25,18294.5,18296.75,2353
03/07/2024,14:24:00,18296.75,18310.0,18295.0,18305.25,3438
03/07/2024,14:27:00,18305.75,18310.75,18298.5,18303.75,2132
03/07/2024,14:30:00,18303.75,18317.75,18301.0,18313.5,3221
03/07/2024,14:33:00,18313.5,18317.25,18309.25,18314.25,2016
03/07/2024,14:36:00,18314.25,18317.5,18310.75,18316.0,1649
03/07/2024,14:39:00,18316.5,18329.25,18315.25,18327.25,4250
03/07/2024,14:42:00,18327.0,18334.75,18325.0,18332.25,5566
03/07/2024,14:45:00,18332.0,18334.0,18322.5,18325.25,3071
03/07/2024,14:48:00,18325.5,18326.25,18307.75,18311.5,5305
03/07/2024,14:51:00,18311.75,18322.25,18304.75,18321.25,4291
03/07/2024,14:54:00,18320.75,18340.0,18315.75,18317.0,9081
03/07/2024,14:57:00,18317.0,18323.0,18306.5,18309.25,15918
03/07/2024,15:00:00,18308.75,18312.75,18290.0,18298.0,8056
03/07/2024,15:03:00,18297.75,18300.75,18247.0,18253.25,7019
03/07/2024,15:06:00,18252.75,18278.0,18252.25,18266.25,2814
03/07/2024,15:09:00,18265.5,18267.75,18255.25,18260.0,1680
03/07/2024,15:12:00,18259.75,18268.5,18259.0,18264.5,1279
03/07/2024,15:15:00,18264.25,18266.75,18159.0,18229.25,9307
03/07/2024,15:18:00,18229.0,18272.75,18215.0,18223.0,4410
03/07/2024,15:21:00,18223.0,18237.0,18199.75,18206.25,2377
03/07/2024,15:24:00,18205.5,18223.75,18198.0,18218.75,1741
03/07/2024,15:27:00,18219.75,18233.0,18204.25,18232.0,1400
03/07/2024,15:30:00,18230.75,18234.5,18225.0,18227.75,529
03/07/2024,15:33:00,18227.5,18227.75,18208.0,18210.75,1049
03/07/2024,15:36:00,18211.25,18248.25,18206.25,18240.0,1351
03/07/2024,15:39:00,18239.75,18246.25,18238.5,18244.0,449
03/07/2024,15:42:00,18245.25,18254.25,18233.75,18238.25,637
03/07/2024,15:45:00,18239.25,18244.75,18230.25,18242.25,436
03/07/2024,15:48:00,18241.25,18247.0,18237.25,18242.0,344
03/07/2024,15:51:00,18243.5,18261.25,18243.5,18257.0,759
03/07/2024,15:54:00,18256.75,18263.25,18254.0,18258.75,419
03/07/2024,15:57:00,18258.0,18258.0,18251.0,18254.0,540
03/07/2024,17:00:00,18279.0,18290.0,18260.75,18260.75,1022
03/07/2024,17:03:00,18261.75,18269.25,18256.25,18262.75,604
03/07/2024,17:06:00,18262.25,18278.5,18262.0,18271.5,746
03/07/2024,17:09:00,18272.25,18273.25,18258.5,18263.5,493
03/07/2024,17:12:00,18264.0,18267.5,18256.25,18261.25,426
03/07/2024,17:15:00,18260.75,18266.5,18258.75,18265.25,292
03/07/2024,17:18:00,18266.25,18277.0,18263.5,18275.75,522
03/07/2024,17:21:00,18275.75,18278.25,18272.5,18277.75,256
03/07/2024,17:24:00,18277.25,18277.25,18269.25,18272.0,319
03/07/2024,17:27:00,18271.75,18271.75,18263.5,18263.5,335
03/07/2024,17:30:00,18264.5,18268.5,18263.75,18263.75,230
03/07/2024,17:33:00,18263.5,18266.75,18263.5,18265.25,68
03/07/2024,17:36:00,18265.5,18265.5,18261.0,18264.5,188
03/07/2024,17:39:00,18264.75,18267.25,18261.5,18265.25,101
03/07/2024,17:42:00,18265.75,18267.0,18264.25,18265.75,72
03/07/2024,17:45:00,18265.75,18266.0,18263.5,18264.0,101
03/07/2024,17:48:00,18264.75,18267.75,18263.5,18267.75,109
03/07/2024,17:51:00,18267.25,18267.25,18260.5,18262.0,110
03/07/2024,17:54:00,18262.5,18264.0,18258.0,18259.5,153
03/07/2024,17:57:00,18259.25,18266.75,18259.25,18266.0,168
03/07/2024,18:00:00,18266.5,18275.5,18259.5,18271.0,618
03/07/2024,18:03:00,18271.0,18273.25,18261.75,18264.0,238
03/07/2024,18:06:00,18263.25,18263.75,18251.5,18252.5,296
03/07/2024,18:09:00,18252.0,18259.0,18248.25,18251.25,457
03/07/2024,18:12:00,18252.0,18259.5,18251.25,18259.5,249
03/07/2024,18:15:00,18259.5,18268.5,18259.5,18265.75,304
03/07/2024,18:18:00,18266.5,18269.25,18264.75,18265.0,134
03/07/2024,18:21:00,18264.75,18265.75,18262.5,18264.25,115
03/07/2024,18:24:00,18264.5,18271.0,18263.0,18271.0,198
03/07/2024,18:27:00,18270.75,18273.0,18267.5,18268.75,148
03/07/2024,18:30:00,18268.0,18273.75,18267.75,18271.5,161
03/07/2024,18:33:00,18272.0,18272.25,18267.25,18270.0,112
03/07/2024,18:36:00,18270.5,18273.5,18270.0,18271.25,138
03/07/2024,18:39:00,18271.25,18271.25,18269.0,18269.5,104
03/07/2024,18:42:00,18270.0,18274.0,18270.0,18273.0,171
03/07/2024,18:45:00,18273.25,18278.0,18272.0,18277.25,405
03/07/2024,18:48:00,18277.75,18278.5,18270.5,18271.25,281
03/07/2024,18:51:00,18271.5,18272.75,18269.5,18272.5,86
03/07/2024,18:54:00,18272.5,18272.75,18266.25,18267.0,158
03/07/2024,18:57:00,18267.0,18268.5,18264.5,18267.25,198
03/07/2024,19:00:00,18267.0,18270.25,18264.25,18265.5,209
03/07/2024,19:03:00,18265.0,18265.5,18260.5,18260.5,228
03/07/2024,19:06:00,18259.5,18264.75,18258.75,18259.75,198
03/07/2024,19:09:00,18259.75,18263.25,18258.75,18261.25,170
03/07/2024,19:12:00,18261.0,18265.25,18257.5,18265.0,180
03/07/2024,19:15:00,18264.5,18268.0,18263.25,18267.0,239
03/07/2024,19:18:00,18266.5,18267.0,18261.0,18261.5,108
03/07/2024,19:21:00,18261.75,18266.25,18261.0,18265.75,84
03/07/2024,19:24:00,18265.5,18265.5,18260.75,18262.75,115
03/07/2024,19:27:00,18262.5,18265.25,18261.0,18263.0,61
03/07/2024,19:30:00,18263.25,18273.75,18263.25,18273.5,259
03/07/2024,19:33:00,18274.0,18277.25,18264.5,18264.5,237
03/07/2024,19:36:00,18265.25,18277.0,18265.25,18276.0,215
03/07/2024,19:39:00,18276.0,18276.0,18268.0,18268.5,124
03/07/2024,19:42:00,18268.0,18272.0,18266.5,18271.75,92
03/07/2024,19:45:00,18271.0,18274.5,18269.5,18271.75,191
03/07/2024,19:48:00,18271.0,18272.0,18269.5,18271.0,79
03/07/2024,19:51:00,18270.75,18274.5,18270.75,18274.25,107
03/07/2024,19:54:00,18274.0,18274.5,18270.5,18271.75,78
03/07/2024,19:57:00,18271.75,18275.25,18271.75,18273.25,102
03/07/2024,20:00:00,18272.75,18273.75,18266.75,18267.5,187
03/07/2024,20:03:00,18267.5,18268.75,18265.75,18266.0,159
03/07/2024,20:06:00,18265.75,18269.0,18265.0,18268.5,95
03/07/2024,20:09:00,18269.25,18271.75,18269.25,18270.0,100
03/07/2024,20:12:00,18270.5,18271.5,18268.75,18270.25,69
03/07/2024,20:15:00,18270.75,18272.5,18269.75,18270.25,85
03/07/2024,20:18:00,18270.75,18271.25,18268.25,18268.25,49
03/07/2024,20:21:00,18267.75,18271.5,18267.75,18271.0,43
03/07/2024,20:24:00,18271.75,18272.25,18267.0,18268.25,117
03/07/2024,20:27:00,18269.0,18270.5,18268.75,18269.5,92
03/07/2024,20:30:00,18269.0,18269.5,18267.75,18267.75,43
03/07/2024,20:33:00,18267.5,18268.5,18264.75,18268.5,181
03/07/2024,20:36:00,18268.25,18269.5,18266.75,18268.75,51
03/07/2024,20:39:00,18269.0,18269.0,18265.0,18266.0,104
03/07/2024,20:42:00,18266.0,18267.75,18265.25,18265.75,61
03/07/2024,20:45:00,18266.25,18266.25,18262.25,18264.0,166
03/07/2024,20:48:00,18264.0,18264.75,18262.0,18262.0,155
03/07/2024,20:51:00,18262.0,18264.25,18261.75,18264.0,78
03/07/2024,20:54:00,18264.75,18268.0,18264.5,18266.5,96
03/07/2024,20:57:00,18266.25,18267.75,18265.0,18265.75,70
03/07/2024,21:00:00,18265.25,18267.25,18263.75,18265.5,82
03/07/2024,21:03:00,18265.5,18265.5,18261.25,18261.75,115
03/07/2024,21:06:00,18262.25,18269.75,18262.0,18263.75,259
03/07/2024,21:09:00,18263.5,18268.5,18262.75,18267.0,105
03/07/2024,21:12:00,18267.5,18271.75,18267.0,18271.0,144
03/07/2024,21:15:00,18270.5,18271.0,18267.0,18269.25,142
03/07/2024,21:18:00,18269.25,18271.25,18268.5,18271.0,102
03/07/2024,21:21:00,18270.75,18274.25,18269.75,18274.25,236
03/07/2024,21:24:00,18274.5,18278.5,18273.25,18277.75,248
03/07/2024,21:27:00,18277.5,18285.25,18277.5,18283.75,515
03/07/2024,21:30:00,18283.0,18287.0,18283.0,18286.5,338
03/07/2024,21:33:00,18286.5,18289.25,18283.25,18288.0,212
03/07/2024,21:36:00,18288.5,18289.75,18285.5,18286.25,264
03/07/2024,21:39:00,18286.0,18287.75,18284.75,18287.5,101
03/07/2024,21:42:00,18287.5,18288.5,18285.25,18286.5,108
03/07/2024,21:45:00,18286.0,18287.5,18285.25,18287.5,64
03/07/2024,21:48:00,18287.5,18292.25,18285.5,18288.25,328
03/07/2024,21:51:00,18287.5,18290.25,18286.5,18289.0,126
03/07/2024,21:54:00,18289.25,18290.25,18288.25,18288.75,73
03/07/2024,21:57:00,18288.0,18288.25,18286.25,18286.5,102
03/07/2024,22:00:00,18287.5,18292.0,18285.25,18292.0,178
03/07/2024,22:03:00,18291.5,18292.5,18289.5,18290.75,229
03/07/2024,22:06:00,18291.25,18293.5,18290.5,18293.25,159
03/07/2024,22:09:00,18293.25,18295.75,18291.5,18293.5,297
03/07/2024,22:12:00,18294.25,18298.5,18294.0,18296.5,266
03/07/2024,22:15:00,18296.5,18299.75,18296.0,18298.0,245
03/07/2024,22:18:00,18298.25,18310.0,18298.0,18307.25,1046
03/07/2024,22:21:00,18308.0,18310.0,18301.75,18303.25,237
03/07/2024,22:24:00,18303.75,18303.75,18300.25,18301.0,163
03/07/2024,22:27:00,18300.75,18302.0,18296.75,18296.75,231
03/07/2024,22:30:00,18297.0,18297.25,18287.75,18294.75,656
03/07/2024,22:33:00,18294.0,18295.75,18286.5,18287.25,235
03/07/2024,22:36:00,18287.25,18289.5,18282.75,18284.0,220
03/07/2024,22:39:00,18284.25,18284.75,18279.5,18284.0,318
03/07/2024,22:42:00,18284.25,18286.5,18283.75,18285.5,83
03/07/2024,22:45:00,18285.0,18286.0,18284.0,18284.75,104
03/07/2024,22:48:00,18284.75,18289.0,18284.75,18288.25,144
03/07/2024,22:51:00,18288.75,18289.5,18280.75,18281.5,230
03/07/2024,22:54:00,18281.75,18285.25,18281.5,18282.5,113
03/07/2024,22:57:00,18283.0,18284.0,18282.5,18283.0,33
03/07/2024,23:00:00,18284.0,18284.5,18280.5,18281.25,155
03/07/2024,23:03:00,18282.25,18284.5,18282.25,18283.5,91
03/07/2024,23:06:00,18282.75,18284.25,18280.0,18281.0,91
03/07/2024,23:09:00,18281.75,18283.25,18279.75,18280.75,108
03/07/2024,23:12:00,18281.5,18284.25,18279.25,18283.0,153
03/07/2024,23:15:00,18283.5,18284.0,18277.0,18280.5,160
03/07/2024,23:18:00,18280.5,18284.75,18280.5,18283.0,109
03/07/2024,23:21:00,18282.0,18283.25,18278.25,18279.75,107
03/07/2024,23:24:00,18280.0,18282.25,18276.75,18281.5,95
03/07/2024,23:27:00,18282.75,18285.75,18281.5,18284.0,126
03/07/2024,23:30:00,18284.5,18289.25,18284.25,18288.5,128
03/07/2024,23:33:00,18288.25,18291.5,18288.25,18290.25,114
03/07/2024,23:36:00,18289.75,18294.5,18289.75,18291.5,159
03/07/2024,23:39:00,18291.75,18292.0,18289.5,18289.75,77
03/07/2024,23:42:00,18289.25,18291.5,18287.75,18288.5,108
03/07/2024,23:45:00,18289.0,18292.5,18289.0,18291.0,85
03/07/2024,23:48:00,18290.75,18291.0,18289.0,18290.0,106
03/07/2024,23:51:00,18290.5,18291.75,18288.0,18291.5,104
03/07/2024,23:54:00,18291.5,18292.0,18289.5,18290.25,64
03/07/2024,23:57:00,18290.0,18293.25,18290.0,18292.0,95
03/08/2024,00:00:00,18292.25,18295.5,18291.75,18294.5,176
03/08/2024,00:03:00,18294.0,18295.0,18292.25,18293.0,72
03/08/2024,00:06:00,18292.75,18293.0,18284.25,18286.5,252
03/08/2024,00:09:00,18287.0,18290.0,18283.5,18289.75,173
03/08/2024,00:12:00,18289.75,18293.5,18289.5,18292.25,72
03/08/2024,00:15:00,18293.0,18293.75,18287.75,18287.75,89
03/08/2024,00:18:00,18288.0,18288.5,18285.0,18287.75,73
03/08/2024,00:21:00,18286.75,18287.25,18285.0,18287.0,38
03/08/2024,00:24:00,18287.25,18287.5,18284.5,18286.75,62
03/08/2024,00:27:00,18286.75,18289.25,18286.25,18287.5,61
03/08/2024,00:30:00,18287.25,18291.0,18286.75,18290.0,143
03/08/2024,00:33:00,18290.5,18293.0,18290.0,18290.75,107
03/08/2024,00:36:00,18290.5,18291.5,18288.5,18289.75,77
03/08/2024,00:39:00,18289.25,18289.75,18285.75,18287.25,101
03/08/2024,00:42:00,18288.0,18288.5,18284.5,18285.5,67
03/08/2024,00:45:00,18285.75,18288.5,18285.0,18286.5,49
03/08/2024,00:48:00,18286.5,18286.5,18283.5,18285.25,35
03/08/2024,00:51:00,18285.5,18287.0,18284.5,18285.75,71
03/08/2024,00:54:00,18285.5,18285.5,18281.0,18285.0,168
03/08/2024,00:57:00,18285.25,18287.5,18283.25,18284.75,129
03/08/2024,01:00:00,18284.25,18284.75,18272.0,18272.5,409
03/08/2024,01:03:00,18272.75,18284.5,18271.5,18279.75,407
03/08/2024,01:06:00,18279.25,18280.5,18275.25,18279.0,163
03/08/2024,01:09:00,18279.0,18284.0,18277.5,18283.0,225
03/08/2024,01:12:00,18282.25,18286.0,18280.25,18281.75,228
03/08/2024,01:15:00,18281.0,18285.25,18278.75,18285.25,139
03/08/2024,01:18:00,18285.75,18286.5,18279.25,18281.25,149
03/08/2024,01:21:00,18281.75,18285.0,18279.25,18282.75,113
03/08/2024,01:24:00,18282.0,18286.75,18280.0,18285.25,149
03/08/2024,01:27:00,18285.75,18288.75,18280.5,18287.5,217
03/08/2024,01:30:00,18287.75,18290.0,18284.25,18288.25,214
03/08/2024,01:33:00,18287.5,18291.75,18287.5,18288.5,140
03/08/2024,01:36:00,18288.25,18294.0,18285.5,18294.0,254
03/08/2024,01:39:00,18294.25,18302.5,18294.25,18301.75,398
03/08/2024,01:42:00,18301.5,18302.0,18296.5,18298.5,250
03/08/2024,01:45:00,18298.0,18302.75,18294.75,18297.75,228
03/08/2024,01:48:00,18297.75,18299.5,18294.0,18294.75,107
03/08/2024,01:51:00,18293.75,18296.25,18292.5,18295.75,103
03/08/2024,01:54:00,18296.5,18299.0,18295.5,18296.25,107
03/08/2024,01:57:00,18296.0,18300.25,18294.0,18299.0,184
03/08/2024,02:00:00,18299.5,18301.25,18289.5,18297.25,575
03/08/2024,02:03:00,18296.75,18300.75,18293.25,18296.5,311
03/08/2024,02:06:00,18296.0,18308.25,18295.5,18303.25,570
03/08/2024,02:09:00,18303.5,18323.0,18302.75,18317.75,1512
03/08/2024,02:12:00,18317.75,18330.75,18317.75,18330.0,712
03/08/2024,02:15:00,18330.0,18338.0,18316.5,18318.25,1221
03/08/2024,02:18:00,18317.5,18318.75,18313.5,18316.25,370
03/08/2024,02:21:00,18316.0,18321.25,18314.25,18319.25,274
03/08/2024,02:24:00,18319.0,18328.75,18317.0,18325.75,578
03/08/2024,02:27:00,18326.0,18326.75,18320.25,18326.25,325
03/08/2024,02:30:00,18326.0,18328.75,18320.5,18323.25,315
03/08/2024,02:33:00,18323.75,18330.5,18322.25,18325.0,439
03/08/2024,02:36:00,18325.5,18328.25,18321.0,18328.0,261
03/08/2024,02:39:00,18327.5,18328.5,18322.75,18325.0,195
03/08/2024,02:42:00,18325.5,18336.75,18325.5,18336.5,483
03/08/2024,02:45:00,18336.0,18354.5,18333.5,18351.0,1305
03/08/2024,02:48:00,18349.0,18352.75,18345.25,18348.25,451
03/08/2024,02:51:00,18347.5,18348.25,18339.75,18340.25,508
03/08/2024,02:54:00,18340.0,18342.75,18333.5,18335.75,415
03/08/2024,02:57:00,18334.75,18335.75,18323.25,18323.75,479
03/08/2024,03:00:00,18323.5,18325.0,18310.5,18315.5,1227
03/08/2024,03:03:00,18314.75,18325.75,18314.25,18318.5,773
03/08/2024,03:06:00,18319.0,18322.75,18317.25,18320.25,444
03/08/2024,03:09:00,18320.0,18323.75,18318.0,18321.5,208
03/08/2024,03:12:00,18320.0,18324.25,18314.5,18316.0,447
03/08/2024,03:15:00,18315.5,18318.0,18309.25,18317.75,604
03/08/2024,03:18:00,18317.25,18323.25,18314.0,18321.0,439
03/08/2024,03:21:00,18321.0,18331.5,18319.5,18331.5,523
03/08/2024,03:24:00,18331.5,18334.25,18323.0,18329.25,546
03/08/2024,03:27:00,18329.25,18332.75,18328.75,18330.5,216
03/08/2024,03:30:00,18330.25,18334.25,18323.75,18330.5,515
03/08/2024,03:33:00,18330.25,18334.25,18328.25,18330.75,404
03/08/2024,03:36:00,18331.25,18334.25,18325.0,18332.5,554
03/08/2024,03:39:00,18332.0,18342.75,18329.75,18339.0,805
03/08/2024,03:42:00,18339.0,18339.5,18333.0,18336.75,329
03/08/2024,03:45:00,18336.5,18343.25,18335.75,18339.75,787
03/08/2024,03:48:00,18339.25,18341.25,18331.0,18333.0,506
03/08/2024,03:51:00,18332.75,18344.5,18332.75,18342.75,446
03/08/2024,03:54:00,18342.75,18346.25,18333.5,18334.75,446
03/08/2024,03:57:00,18334.0,18339.25,18334.0,18335.5,350
03/08/2024,04:00:00,18335.0,18339.75,18331.75,18331.75,426
03/08/2024,04:03:00,18332.25,18337.0,18331.75,18331.75,265
03/08/2024,04:06:00,18331.75,18331.75,18318.5,18326.75,682
03/08/2024,04:09:00,18326.0,18333.25,18323.0,18326.5,334
03/08/2024,04:12:00,18326.5,18329.75,18319.5,18319.5,376
03/08/2024,04:15:00,18319.5,18325.5,18318.25,18323.25,325
03/08/2024,04:18:00,18323.25,18323.75,18317.5,18321.0,297
03/08/2024,04:21:00,18320.75,18323.25,18313.0,18319.75,434
03/08/2024,04:24:00,18320.0,18320.5,18313.5,18318.0,279
03/08/2024,04:27:00,18317.5,18317.75,18308.0,18311.75,516
03/08/2024,04:30:00,18312.0,18321.5,18312.0,18317.5,434
03/08/2024,04:33:00,18316.5,18319.0,18315.5,18317.25,144
03/08/2024,04:36:00,18317.75,18320.5,18315.0,18319.75,109
03/08/2024,04:39:00,18319.75,18321.0,18316.0,18320.25,198
03/08/2024,04:42:00,18320.75,18327.5,18319.5,18323.0,527
03/08/2024,04:45:00,18323.75,18325.25,18318.5,18322.25,341
03/08/2024,04:48:00,18322.5,18326.5,18322.0,18322.25,246
03/08/2024,04:51:00,18323.0,18323.75,18316.75,18321.75,230
03/08/2024,04:54:00,18321.25,18322.0,18317.5,18321.0,145
03/08/2024,04:57:00,18321.75,18326.25,18320.5,18323.0,189
03/08/2024,05:00:00,18322.75,18324.25,18315.25,18321.75,456
03/08/2024,05:03:00,18320.5,18323.5,18319.25,18320.75,288
03/08/2024,05:06:00,18320.75,18329.75,18320.25,18328.75,333
03/08/2024,05:09:00,18329.25,18330.5,18320.75,18323.25,287
03/08/2024,05:12:00,18323.0,18330.75,18322.0,18325.75,273
03/08/2024,05:15:00,18326.0,18327.25,18323.5,18324.0,237
03/08/2024,05:18:00,18323.75,18326.25,18322.0,18324.5,290
03/08/2024,05:21:00,18325.0,18326.5,18318.5,18320.0,424
03/08/2024,05:24:00,18320.5,18322.0,18306.25,18308.0,745
03/08/2024,05:27:00,18308.0,18309.5,18303.75,18305.5,694
03/08/2024,05:30:00,18305.25,18305.75,18298.0,18302.75,842
03/08/2024,05:33:00,18303.0,18306.0,18290.25,18292.25,957
03/08/2024,05:36:00,18292.5,18298.5,18292.5,18295.75,536
03/08/2024,05:39:00,18295.0,18295.75,18281.0,18286.75,1061
03/08/2024,05:42:00,18287.0,18296.0,18286.0,18293.0,521
03/08/2024,05:45:00,18292.25,18292.75,18282.25,18282.25,851
03/08/2024,05:48:00,18282.75,18284.0,18271.0,18281.0,1007
03/08/2024,05:51:00,18281.75,18284.5,18275.0,18281.0,539
03/08/2024,05:54:00,18279.75,18289.5,18279.25,18286.0,601
03/08/2024,05:57:00,18285.75,18292.5,18282.75,18292.25,399
03/08/2024,06:00:00,18292.0,18292.5,18280.5,18283.0,561
03/08/2024,06:03:00,18282.5,18292.0,18281.75,18291.0,389
03/08/2024,06:06:00,18290.75,18291.5,18283.5,18288.25,435
03/08/2024,06:09:00,18288.0,18293.75,18287.25,18292.25,308
03/08/2024,06:12:00,18293.0,18301.5,18292.25,18299.5,875
03/08/2024,06:15:00,18299.0,18300.75,18294.75,18295.5,412
03/08/2024,06:18:00,18294.75,18294.75,18264.25,18274.5,1426
03/08/2024,06:21:00,18274.0,18283.0,18269.0,18278.0,713
03/08/2024,06:24:00,18277.5,18283.75,18274.25,18278.0,506
03/08/2024,06:27:00,18277.5,18279.5,18274.75,18277.5,383
03/08/2024,06:30:00,18278.0,18284.0,18271.5,18278.0,625
03/08/2024,06:33:00,18278.25,18279.0,18273.0,18276.0,290
03/08/2024,06:36:00,18275.75,18276.0,18258.0,18259.5,778
03/08/2024,06:39:00,18259.5,18277.25,18259.25,18266.25,808
03/08/2024,06:42:00,18266.75,18269.5,18261.5,18261.5,381
03/08/2024,06:45:00,18261.25,18271.5,18257.5,18267.25,898
03/08/2024,06:48:00,18267.0,18270.5,18258.75,18260.75,388
03/08/2024,06:51:00,18260.25,18262.25,18251.5,18261.0,813
03/08/2024,06:54:00,18260.75,18266.0,18260.0,18263.5,358
03/08/2024,06:57:00,18262.75,18271.75,18262.75,18268.75,445
03/08/2024,07:00:00,18268.75,18281.5,18266.25,18277.5,847
03/08/2024,07:03:00,18278.0,18283.5,18271.5,18272.25,615
03/08/2024,07:06:00,18272.0,18286.75,18271.5,18282.0,665
03/08/2024,07:09:00,18281.25,18286.5,18277.75,18280.0,575
03/08/2024,07:12:00,18280.5,18289.5,18280.25,18288.0,511
03/08/2024,07:15:00,18287.25,18294.75,18287.0,18291.25,850
03/08/2024,07:18:00,18291.75,18293.0,18280.0,18285.25,707
03/08/2024,07:21:00,18284.5,18299.25,18281.75,18298.25,866
03/08/2024,07:24:00,18297.75,18301.0,18287.75,18289.25,801
03/08/2024,07:27:00,18289.5,18289.5,18266.0,18285.0,1100
03/08/2024,07:30:00,18275.0,18369.0,18211.0,18342.5,12659
03/08/2024,07:33:00,18342.5,18347.75,18306.25,18330.0,7083
03/08/2024,07:36:00,18331.0,18334.5,18301.25,18324.75,5160
03/08/2024,07:39:00,18325.5,18343.0,18319.75,18337.25,3323
03/08/2024,07:42:00,18337.5,18357.0,18336.0,18348.75,3847
03/08/2024,07:45:00,18348.75,18371.25,18347.25,18360.75,4212
03/08/2024,07:48:00,18361.5,18362.25,18338.25,18342.25,2404
03/08/2024,07:51:00,18343.5,18367.5,18342.5,18359.0,2380
03/08/2024,07:54:00,18358.5,18368.5,18355.5,18360.5,1484
03/08/2024,07:57:00,18360.25,18366.25,18341.0,18352.25,2680
03/08/2024,08:00:00,18352.0,18375.25,18347.0,18368.0,2246
03/08/2024,08:03:00,18368.5,18368.75,18353.5,18363.0,1717
03/08/2024,08:06:00,18364.0,18366.25,18336.5,18340.5,1949
03/08/2024,08:09:00,18341.0,18359.5,18333.75,18357.0,2042
03/08/2024,08:12:00,18356.75,18357.0,18334.5,18335.75,1626
03/08/2024,08:15:00,18335.75,18336.0,18318.5,18330.5,2559
03/08/2024,08:18:00,18331.25,18335.0,18320.75,18331.0,1666
03/08/2024,08:21:00,18331.5,18337.5,18325.25,18327.25,1004
03/08/2024,08:24:00,18326.75,18336.75,18320.5,18335.25,1450
03/08/2024,08:27:00,18335.75,18336.25,18304.75,18318.25,3607
03/08/2024,08:30:00,18318.0,18334.25,18295.25,18323.5,18311
03/08/2024,08:33:00,18323.5,18353.0,18311.75,18314.0,13557
03/08/2024,08:36:00,18313.5,18327.75,18288.0,18308.5,10689
03/08/2024,08:39:00,18308.75,18327.5,18296.0,18319.0,7737
03/08/2024,08:42:00,18319.25,18330.0,18304.5,18309.0,6414
03/08/2024,08:45:00,18309.25,18353.5,18304.75,18349.5,9045
03/08/2024,08:48:00,18349.25,18364.5,18344.75,18354.5,7732
03/08/2024,08:51:00,18354.5,18367.75,18347.25,18365.25,5653
03/08/2024,08:54:00,18365.5,18385.25,18359.75,18382.0,7106
03/08/2024,08:57:00,18382.0,18390.0,18379.25,18387.5,5122
03/08/2024,09:00:00,18387.5,18398.0,18380.0,18386.5,6574
03/08/2024,09:03:00,18386.75,18403.25,18381.5,18400.75,5030
03/08/2024,09:06:00,18401.5,18418.5,18400.25,18411.25,6230
03/08/2024,09:09:00,18411.5,18418.25,18395.75,18409.25,5794
03/08/2024,09:12:00,18409.5,18427.25,18404.25,18422.5,5582
03/08/2024,09:15:00,18421.75,18429.5,18413.25,18420.0,4253
03/08/2024,09:18:00,18420.5,18421.5,18401.5,18412.25,4652
03/08/2024,09:21:00,18412.0,18419.75,18400.5,18404.0,4234
03/08/2024,09:24:00,18404.5,18418.0,18399.25,18406.75,3579
03/08/2024,09:27:00,18406.75,18434.75,18404.0,18428.0,4794
03/08/2024,09:30:00,18427.75,18436.5,18411.5,18414.5,4809
03/08/2024,09:33:00,18414.25,18419.75,18392.25,18397.5,5530
03/08/2024,09:36:00,18397.5,18400.0,18374.25,18383.5,8766
03/08/2024,09:39:00,18383.25,18398.25,18360.75,18390.75,9421
03/08/2024,09:42:00,18390.0,18399.5,18379.25,18391.25,4935
03/08/2024,09:45:00,18390.25,18391.5,18344.5,18369.75,8310
03/08/2024,09:48:00,18370.0,18382.25,18350.0,18351.75,6615
03/08/2024,09:51:00,18351.5,18380.0,18347.25,18379.25,5381
03/08/2024,09:54:00,18379.25,18389.25,18372.25,18379.0,4662
03/08/2024,09:57:00,18378.75,18399.0,18374.5,18380.5,5383
03/08/2024,10:00:00,18380.25,18385.25,18331.75,18334.0,9708
03/08/2024,10:03:00,18333.75,18333.75,18298.0,18302.25,13849
03/08/2024,10:06:00,18302.0,18324.0,18285.25,18287.25,9505
03/08/2024,10:09:00,18287.0,18291.25,18257.5,18269.25,13079
03/08/2024,10:12:00,18269.25,18293.25,18265.5,18288.75,6657
03/08/2024,10:15:00,18289.5,18290.5,18242.0,18244.5,11772
03/08/2024,10:18:00,18244.0,18272.25,18233.25,18255.0,11883
03/08/2024,10:21:00,18254.75,18277.0,18236.75,18240.25,9624
03/08/2024,10:24:00,18240.0,18247.75,18222.25,18227.0,10323
03/08/2024,10:27:00,18226.5,18238.25,18191.75,18198.75,13426
03/08/2024,10:30:00,18199.0,18209.0,18149.25,18178.0,19440
03/08/2024,10:33:00,18177.75,18216.75,18173.0,18214.0,11769
03/08/2024,10:36:00,18213.75,18230.25,18197.5,18204.5,9439
03/08/2024,10:39:00,18204.25,18231.25,18201.75,18210.0,8151
03/08/2024,10:42:00,18210.5,18230.5,18205.0,18224.0,6523
03/08/2024,10:45:00,18224.25,18228.0,18168.75,18170.25,10432
03/08/2024,10:48:00,18170.25,18203.0,18151.5,18198.25,11194
03/08/2024,10:51:00,18198.5,18212.5,18176.75,18176.75,8117
03/08/2024,10:54:00,18177.0,18205.75,18175.5,18193.5,6947
03/08/2024,10:57:00,18192.25,18200.0,18174.25,18176.0,7129
03/08/2024,11:00:00,18176.25,18206.25,18153.0,18201.75,8958
03/08/2024,11:03:00,18200.75,18213.0,18176.75,18185.5,5583
03/08/2024,11:06:00,18185.25,18208.0,18167.5,18169.0,5914
03/08/2024,11:09:00,18169.5,18178.75,18127.75,18172.5,12472
03/08/2024,11:12:00,18173.25,18194.5,18156.75,18173.25,7087
03/08/2024,11:15:00,18173.5,18181.75,18159.0,18167.25,5224
03/08/2024,11:18:00,18168.0,18174.75,18137.75,18160.5,6315
03/08/2024,11:21:00,18161.75,18164.75,18142.75,18145.25,3878
03/08/2024,11:24:00,18145.75,18185.0,18138.75,18180.0,5722
03/08/2024,11:27:00,18179.25,18194.5,18176.25,18188.25,5165
03/08/2024,11:30:00,18189.0,18199.5,18179.75,18190.0,4279
03/08/2024,11:33:00,18190.0,18198.75,18165.75,18179.75,4608
03/08/2024,11:36:00,18179.5,18184.5,18155.75,18179.25,4207
03/08/2024,11:39:00,18179.75,18186.0,18165.25,18178.5,3436
03/08/2024,11:42:00,18178.25,18182.0,18157.25,18167.75,3466
03/08/2024,11:45:00,18168.75,18168.75,18143.75,18149.0,4728
03/08/2024,11:48:00,18149.0,18160.0,18128.25,18129.5,4385
03/08/2024,11:51:00,18129.25,18152.75,18095.5,18101.5,10355
03/08/2024,11:54:00,18102.0,18112.25,18080.5,18082.0,7114
03/08/2024,11:57:00,18082.5,18089.0,18053.25,18065.0,10682
03/08/2024,12:00:00,18065.25,18083.75,18042.25,18069.75,10422
03/08/2024,12:03:00,18069.25,18070.75,18056.0,18058.75,4861
03/08/2024,12:06:00,18058.5,18084.0,18056.0,18081.75,5389
03/08/2024,12:09:00,18082.5,18106.25,18080.75,18089.25,6326
03/08/2024,12:12:00,18088.75,18096.75,18067.75,18071.75,4321
03/08/2024,12:15:00,18072.25,18086.5,18065.25,18074.0,4157
03/08/2024,12:18:00,18074.75,18090.0,18065.5,18078.75,4224
03/08/2024,12:21:00,18078.75,18083.75,18061.25,18071.25,3794
03/08/2024,12:24:00,18070.75,18076.25,18053.5,18067.5,4005
03/08/2024,12:27:00,18067.75,18077.5,18055.75,18058.5,3329
03/08/2024,12:30:00,18057.75,18071.5,18043.5,18047.0,6460
03/08/2024,12:33:00,18047.25,18053.5,18032.0,18032.5,5507
03/08/2024,12:36:00,18032.75,18037.75,18012.5,18023.0,7353
03/08/2024,12:39:00,18022.75,18040.0,18016.5,18019.75,4125
03/08/2024,12:42:00,18019.5,18030.75,18013.25,18028.75,4745
03/08/2024,12:45:00,18028.0,18046.0,18026.25,18036.5,3968
03/08/2024,12:48:00,18036.25,18038.5,18019.25,18024.5,3041
03/08/2024,12:51:00,18024.25,18041.75,18023.5,18026.75,3262
03/08/2024,12:54:00,18026.75,18041.0,18025.25,18033.0,2724
03/08/2024,12:57:00,18033.75,18049.25,18033.5,18046.0,3103
03/08/2024,13:00:00,18046.0,18076.0,18040.25,18074.5,5304
03/08/2024,13:03:00,18073.75,18093.5,18071.0,18077.5,5896
03/08/2024,13:06:00,18076.75,18097.0,18075.5,18090.0,3477
03/08/2024,13:09:00,18090.5,18100.0,18084.75,18086.75,2871
03/08/2024,13:12:00,18086.5,18091.5,18070.5,18077.25,3426
03/08/2024,13:15:00,18078.25,18088.25,18077.5,18082.0,2381
03/08/2024,13:18:00,18082.0,18105.0,18080.0,18104.25,3711
03/08/2024,13:21:00,18105.0,18123.0,18102.0,18117.75,5139
03/08/2024,13:24:00,18118.5,18128.0,18103.75,18113.0,3738
03/08/2024,13:27:00,18113.25,18127.25,18109.5,18115.0,2595
03/08/2024,13:30:00,18115.25,18136.0,18114.75,18128.5,3695
03/08/2024,13:33:00,18128.5,18149.25,18124.0,18144.5,3472
03/08/2024,13:36:00,18144.5,18158.0,18137.0,18146.75,3817
03/08/2024,13:39:00,18146.5,18154.75,18138.5,18151.5,2640
03/08/2024,13:42:00,18151.25,18173.0,18150.75,18171.25,3859
03/08/2024,13:45:00,18171.5,18175.5,18151.5,18158.25,4477
03/08/2024,13:48:00,18157.75,18166.75,18152.25,18162.0,2776
03/08/2024,13:51:00,18162.25,18166.25,18147.25,18150.5,3497
03/08/2024,13:54:00,18151.0,18154.25,18126.0,18141.25,4704
03/08/2024,13:57:00,18141.25,18151.5,18134.25,18142.75,3626
03/08/2024,14:00:00,18142.75,18168.75,18140.75,18166.75,3737
03/08/2024,14:03:00,18167.25,18167.75,18133.75,18140.75,3456
03/08/2024,14:06:00,18140.75,18143.5,18121.25,18133.75,4470
03/08/2024,14:09:00,18133.5,18134.75,18087.25,18106.75,6762
03/08/2024,14:12:00,18107.25,18120.5,18102.5,18107.5,3757
03/08/2024,14:15:00,18107.5,18115.25,18089.75,18091.5,3962
03/08/2024,14:18:00,18091.75,18100.25,18082.25,18096.0,4346
03/08/2024,14:21:00,18096.25,18108.5,18089.5,18097.25,2943
03/08/2024,14:24:00,18097.25,18115.0,18085.75,18095.75,3969
03/08/2024,14:27:00,18096.75,18099.5,18044.75,18050.75,6400
03/08/2024,14:30:00,18051.0,18077.0,18040.5,18073.75,5812
03/08/2024,14:33:00,18074.25,18090.75,18069.25,18070.0,3868
03/08/2024,14:36:00,18070.0,18078.5,18054.25,18066.25,3586
03/08/2024,14:39:00,18066.75,18069.0,18043.75,18054.75,4304
03/08/2024,14:42:00,18055.25,18067.25,18047.5,18055.5,3162
03/08/2024,14:45:00,18055.0,18081.25,18055.0,18079.75,3263
03/08/2024,14:48:00,18079.5,18083.25,18052.25,18056.0,4171
03/08/2024,14:51:00,18056.0,18073.25,18052.5,18054.25,3639
03/08/2024,14:54:00,18054.0,18068.25,18045.75,18051.0,8325
03/08/2024,14:57:00,18050.75,18057.5,18039.0,18040.75,12577
03/08/2024,15:00:00,18040.25,18078.75,18039.0,18074.5,6800
03/08/2024,15:03:00,18074.75,18079.5,18067.5,18071.0,2178
03/08/2024,15:06:00,18070.75,18071.25,18064.5,18066.25,1191
03/08/2024,15:09:00,18066.75,18068.5,18062.75,18065.75,868
03/08/2024,15:12:00,18065.5,18071.0,18054.75,18061.25,1059
03/08/2024,15:15:00,18061.0,18067.5,18060.5,18064.0,318
03/08/2024,15:18:00,18063.75,18065.25,18061.25,18062.25,239
03/08/2024,15:21:00,18062.75,18063.25,18052.75,18055.25,370
03/08/2024,15:24:00,18055.5,18061.25,18054.25,18056.0,247
03/08/2024,15:27:00,18056.0,18059.5,18053.5,18058.0,201
03/08/2024,15:30:00,18058.5,18062.75,18057.5,18059.25,203
03/08/2024,15:33:00,18058.5,18059.0,18055.75,18057.75,112
03/08/2024,15:36:00,18057.75,18057.75,18054.25,18056.25,150
03/08/2024,15:39:00,18055.75,18056.0,18053.75,18053.75,148
03/08/2024,15:42:00,18054.0,18054.5,18052.0,18054.0,198
03/08/2024,15:45:00,18054.25,18055.25,18052.75,18054.75,172
03/08/2024,15:48:00,18055.25,18059.5,18054.5,18055.0,155
03/08/2024,15:51:00,18055.25,18056.0,18053.75,18055.0,220
03/08/2024,15:54:00,18055.0,18057.75,18054.25,18054.5,184
03/08/2024,15:57:00,18054.5,18057.25,18053.0,18056.0,362
03/10/2024,17:00:00,18056.0,18068.25,18025.0,18026.25,1101
03/10/2024,17:03:00,18026.25,18030.0,17999.75,18000.75,927
03/10/2024,17:06:00,18001.5,18003.5,17992.5,17999.5,294
03/10/2024,17:09:00,18001.0,18012.0,18000.25,18011.25,202
03/10/2024,17:12:00,18010.75,18012.0,17999.25,18000.5,256
03/10/2024,17:15:00,18001.25,18007.5,18000.0,18002.75,186
03/10/2024,17:18:00,18002.5,18006.75,18000.0,18002.25,307
03/10/2024,17:21:00,18001.75,18003.25,17998.75,18002.25,186
03/10/2024,17:24:00,18002.75,18013.75,18002.75,18011.0,292
03/10/2024,17:27:00,18011.5,18016.75,18011.0,18013.5,144
03/10/2024,17:30:00,18012.5,18026.75,18012.5,18026.75,248
03/10/2024,17:33:00,18026.0,18027.0,18022.25,18023.75,108
03/10/2024,17:36:00,18023.0,18023.0,18013.0,18016.0,177
03/10/2024,17:39:00,18017.0,18017.5,18004.0,18004.0,203
03/10/2024,17:42:00,18005.75,18006.5,17975.25,17984.0,734
03/10/2024,17:45:00,17984.75,17989.0,17975.25,17980.75,350
03/10/2024,17:48:00,17983.25,17987.5,17980.25,17982.25,206
03/10/2024,17:51:00,17981.25,17984.75,17977.25,17979.75,146
03/10/2024,17:54:00,17981.25,17984.75,17980.25,17983.25,122
03/10/2024,17:57:00,17982.5,17983.5,17975.75,17977.0,150
03/10/2024,18:00:00,17978.5,17987.75,17978.5,17987.25,308
03/10/2024,18:03:00,17987.25,17988.0,17980.5,17983.25,188
03/10/2024,18:06:00,17983.25,17995.75,17982.5,17995.75,350
03/10/2024,18:09:00,17995.5,18027.0,17993.0,18022.5,767
03/10/2024,18:12:00,18022.25,18025.5,18000.5,18000.5,353
03/10/2024,18:15:00,18000.5,18016.5,17998.75,18016.0,786
03/10/2024,18:18:00,18014.75,18026.0,18012.5,18020.0,397
03/10/2024,18:21:00,18019.25,18023.75,18015.25,18015.25,130
03/10/2024,18:24:00,18015.25,18021.25,18011.75,18017.0,201
03/10/2024,18:27:00,18017.0,18022.0,18016.5,18022.0,85
03/10/2024,18:30:00,18021.0,18025.75,18018.75,18019.25,111
03/10/2024,18:33:00,18019.5,18021.0,18012.5,18018.5,110
03/10/2024,18:36:00,18016.5,18021.25,18014.25,18020.0,61
03/10/2024,18:39:00,18019.75,18033.25,18018.25,18030.25,193
03/10/2024,18:42:00,18031.0,18031.25,18021.0,18023.25,135
03/10/2024,18:45:00,18023.5,18033.25,18022.5,18030.25,164
03/10/2024,18:48:00,18031.0,18041.5,18030.0,18032.0,231
03/10/2024,18:51:00,18031.75,18035.75,18030.0,18033.5,131
03/10/2024,18:54:00,18034.0,18037.0,18031.0,18033.25,78
03/10/2024,18:57:00,18034.0,18044.25,18032.25,18042.5,160
03/10/2024,19:00:00,18044.25,18044.25,18033.25,18040.0,154
03/10/2024,19:03:00,18038.0,18039.75,18033.0,18035.0,122
03/10/2024,19:06:00,18033.25,18035.0,18027.25,18031.75,152
03/10/2024,19:09:00,18030.25,18033.25,18028.25,18033.25,79
03/10/2024,19:12:00,18033.5,18041.25,18032.5,18037.5,229
03/10/2024,19:15:00,18036.5,18046.75,18036.25,18045.75,320
03/10/2024,19:18:00,18046.0,18046.75,18038.0,18040.75,295
03/10/2024,19:21:00,18040.75,18041.75,18034.75,18037.25,207
03/10/2024,19:24:00,18036.25,18036.25,18029.0,18031.0,188
03/10/2024,19:27:00,18031.0,18031.0,18020.5,18022.0,341
03/10/2024,19:30:00,18022.5,18027.75,18021.25,18025.75,135
03/10/2024,19:33:00,18026.25,18026.5,18015.75,18017.25,225
03/10/2024,19:36:00,18016.75,18020.5,18015.25,18018.75,213
03/10/2024,19:39:00,18019.0,18021.0,18016.25,18018.75,256
03/10/2024,19:42:00,18019.0,18020.5,18010.75,18013.75,356
03/10/2024,19:45:00,18013.5,18019.75,18012.0,18018.75,181
03/10/2024,19:48:00,18018.75,18021.75,18017.0,18020.75,126
03/10/2024,19:51:00,18020.75,18025.0,18018.5,18022.25,135
03/10/2024,19:54:00,18022.0,18024.0,18012.25,18013.75,147
03/10/2024,19:57:00,18013.75,18019.0,18013.75,18017.5,173
03/10/2024,20:00:00,18017.0,18020.5,18015.75,18019.75,195
03/10/2024,20:03:00,18020.5,18025.25,18019.5,18022.0,287
03/10/2024,20:06:00,18022.25,18026.0,18021.5,18024.5,112
03/10/2024,20:09:00,18025.0,18029.5,18024.75,18026.5,213
03/10/2024,20:12:00,18027.25,18028.5,18020.5,18024.0,146
03/10/2024,20:15:00,18023.75,18037.25,18023.5,18034.5,295
03/10/2024,20:18:00,18034.25,18036.25,18030.25,18036.25,143
03/10/2024,20:21:00,18036.75,18040.25,18034.25,18039.5,167
03/10/2024,20:24:00,18040.5,18041.25,18034.75,18036.75,142
03/10/2024,20:27:00,18038.0,18039.25,18033.75,18035.5,105
03/10/2024,20:30:00,18036.25,18043.25,18036.0,18039.5,201
03/10/2024,20:33:00,18039.75,18044.5,18038.75,18044.5,110
03/10/2024,20:36:00,18044.25,18045.5,18040.0,18041.75,140
03/10/2024,20:39:00,18042.25,18049.75,18040.5,18049.0,207
03/10/2024,20:42:00,18049.0,18055.0,18045.25,18047.0,369
03/10/2024,20:45:00,18046.25,18048.5,18040.75,18043.0,210
03/10/2024,20:48:00,18043.25,18043.25,18032.75,18032.75,290
03/10/2024,20:51:00,18032.5,18033.25,18028.75,18029.0,165
03/10/2024,20:54:00,18028.75,18033.75,18027.75,18030.5,132
03/10/2024,20:57:00,18031.5,18033.5,18025.5,18027.25,204
03/10/2024,21:00:00,18027.75,18028.25,18017.25,18018.25,381
03/10/2024,21:03:00,18019.0,18027.5,18019.0,18026.25,201
03/10/2024,21:06:00,18026.0,18027.75,18024.25,18026.75,83
03/10/2024,21:09:00,18027.75,18029.75,18022.5,18023.5,156
03/10/2024,21:12:00,18022.5,18023.5,18018.0,18022.0,135
03/10/2024,21:15:00,18023.0,18028.5,18022.25,18026.75,140
03/10/2024,21:18:00,18026.25,18027.5,18022.0,18023.25,104
03/10/2024,21:21:00,18023.5,18026.75,18021.0,18022.75,105
03/10/2024,21:24:00,18022.5,18029.0,18021.5,18027.75,93
03/10/2024,21:27:00,18028.0,18033.75,18027.0,18030.0,206
03/10/2024,21:30:00,18029.5,18030.25,18019.75,18020.75,239
03/10/2024,21:33:00,18021.75,18021.75,18011.25,18013.75,419
03/10/2024,21:36:00,18012.75,18013.75,18011.0,18012.75,146
03/10/2024,21:39:00,18013.0,18020.5,18011.75,18018.25,155
03/10/2024,21:42:00,18018.0,18019.75,18016.0,18018.5,57
03/10/2024,21:45:00,18019.0,18020.0,18014.0,18019.25,89
03/10/2024,21:48:00,18018.5,18019.0,18013.25,18015.25,78
03/10/2024,21:51:00,18015.25,18015.5,18009.5,18010.5,284
03/10/2024,21:54:00,18010.5,18017.25,18010.5,18013.0,138
03/10/2024,21:57:00,18014.0,18016.5,18010.25,18010.5,131
03/10/2024,22:00:00,18011.5,18013.75,18010.75,18011.75,59
03/10/2024,22:03:00,18012.75,18013.0,18009.75,18012.25,54
03/10/2024,22:06:00,18012.25,18017.0,18011.5,18013.25,128
03/10/2024,22:09:00,18013.75,18015.75,18012.25,18013.25,52
03/10/2024,22:12:00,18012.75,18018.5,18012.75,18018.5,74
03/10/2024,22:15:00,18018.5,18021.25,18016.5,18016.5,114
03/10/2024,22:18:00,18017.25,18019.0,18017.25,18018.0,33
03/10/2024,22:21:00,18017.5,18019.25,18013.5,18017.5,92
03/10/2024,22:24:00,18017.0,18023.5,18016.5,18021.0,107
03/10/2024,22:27:00,18020.0,18020.75,18017.5,18019.0,58
03/10/2024,22:30:00,18018.5,18019.25,18015.0,18019.0,86
03/10/2024,22:33:00,18018.5,18020.0,18012.0,18013.0,93
03/10/2024,22:36:00,18013.25,18013.75,18012.0,18013.25,44
03/10/2024,22:39:00,18013.5,18013.5,18009.75,18009.75,151
03/10/2024,22:42:00,18009.75,18011.5,18009.5,18010.5,90
03/10/2024,22:45:00,18011.25,18011.25,18009.25,18010.75,119
03/10/2024,22:48:00,18010.75,18011.25,18008.5,18010.5,214
03/10/2024,22:51:00,18010.5,18012.75,18010.0,18010.0,77
03/10/2024,22:54:00,18010.25,18011.5,18000.5,18001.5,549
03/10/2024,22:57:00,18001.25,18002.75,17990.25,17993.0,417
03/10/2024,23:00:00,17993.5,17993.5,17973.75,17982.75,823
03/10/2024,23:03:00,17982.0,17982.0,17975.25,17976.25,228
03/10/2024,23:06:00,17975.5,17983.0,17973.75,17983.0,151
03/10/2024,23:09:00,17982.5,17985.0,17982.0,17983.5,88
03/10/2024,23:12:00,17982.75,17987.25,17982.75,17987.0,89
03/10/2024,23:15:00,17987.25,17992.75,17986.75,17992.75,150
03/10/2024,23:18:00,17992.0,17992.5,17989.75,17991.0,65
03/10/2024,23:21:00,17990.75,17995.75,17989.25,17989.75,104
03/10/2024,23:24:00,17989.5,17989.5,17985.5,17988.25,104
03/10/2024,23:27:00,17988.0,17991.25,17986.75,17986.75,55
03/10/2024,23:30:00,17986.5,17987.5,17977.5,17978.5,189
03/10/2024,23:33:00,17979.25,17981.25,17978.5,17979.5,67
03/10/2024,23:36:00,17979.75,17982.25,17979.25,17980.0,63
03/10/2024,23:39:00,17980.0,17982.75,17979.75,17980.0,30
03/10/2024,23:42:00,17979.75,17986.5,17979.5,17982.0,87
03/10/2024,23:45:00,17982.25,17983.25,17978.25,17979.75,118
03/10/2024,23:48:00,17980.25,17983.25,17978.75,17980.5,90
03/10/2024,23:51:00,17979.75,17983.5,17979.5,17983.25,52
03/10/2024,23:54:00,17983.25,17984.75,17982.25,17984.5,73
03/10/2024,23:57:00,17983.75,17986.5,17983.75,17984.75,101
03/11/2024,00:00:00,17984.25,17991.75,17984.25,17991.75,111
03/11/2024,00:03:00,17991.5,17991.5,17983.75,17985.5,74
03/11/2024,00:06:00,17985.25,17990.75,17985.25,17985.25,74
03/11/2024,00:09:00,17985.75,17989.0,17982.0,17989.0,132
03/11/2024,00:12:00,17988.0,17990.75,17986.25,17987.0,72
03/11/2024,00:15:00,17986.5,17987.25,17984.25,17986.0,42
03/11/2024,00:18:00,17986.25,17988.75,17984.5,17986.5,92
03/11/2024,00:21:00,17987.25,17989.75,17986.75,17987.75,33
03/11/2024,00:24:00,17987.25,17990.0,17985.0,17988.5,38
03/11/2024,00:27:00,17989.0,17992.0,17987.5,17988.75,75
03/11/2024,00:30:00,17988.75,17993.25,17986.75,17992.25,158
03/11/2024,00:33:00,17991.0,17998.25,17990.75,17997.25,149
03/11/2024,00:36:00,17997.5,18006.25,17997.5,18000.5,234
03/11/2024,00:39:00,18000.25,18019.5,17999.0,18014.5,632
03/11/2024,00:42:00,18014.25,18014.75,18007.5,18013.75,149
03/11/2024,00:45:00,18011.75,18017.75,18010.5,18010.5,167
03/11/2024,00:48:00,18010.5,18011.25,18002.75,18003.25,119
03/11/2024,00:51:00,18005.0,18010.0,18003.25,18010.0,58
03/11/2024,00:54:00,18006.25,18013.25,18006.25,18013.25,104
03/11/2024,00:57:00,18013.25,18022.0,18013.0,18020.0,233
03/11/2024,01:00:00,18020.0,18027.5,18017.5,18023.25,261
03/11/2024,01:03:00,18023.5,18030.0,18019.75,18028.5,270
03/11/2024,01:06:00,18029.0,18031.25,18022.5,18023.0,126
03/11/2024,01:09:00,18023.0,18026.5,18018.75,18020.75,100
03/11/2024,01:12:00,18020.0,18022.75,18018.25,18022.0,89
03/11/2024,01:15:00,18021.25,18021.25,18018.0,18020.0,37
03/11/2024,01:18:00,18019.5,18022.0,18018.75,18022.0,50
03/11/2024,01:21:00,18020.5,18020.75,18017.5,18018.5,24
03/11/2024,01:24:00,18019.0,18020.5,18015.25,18019.0,58
03/11/2024,01:27:00,18019.5,18021.5,18013.75,18014.25,72
03/11/2024,01:30:00,18014.25,18017.5,18010.5,18013.75,194
03/11/2024,01:33:00,18014.75,18021.5,18014.25,18017.75,78
03/11/2024,01:36:00,18019.25,18020.5,18016.5,18017.0,64
03/11/2024,01:39:00,18018.0,18023.25,18018.0,18018.0,59
03/11/2024,01:42:00,18018.0,18021.25,18015.0,18019.75,107
03/11/2024,01:45:00,18019.5,18023.0,18018.5,18021.5,61
03/11/2024,01:48:00,18021.0,18024.75,18020.0,18024.5,85
03/11/2024,01:51:00,18024.25,18025.0,18023.0,18024.5,37
03/11/2024,01:54:00,18024.25,18029.75,18023.75,18029.25,117
03/11/2024,01:57:00,18030.0,18032.25,18029.25,18029.75,104
03/11/2024,02:00:00,18029.0,18038.0,18028.0,18033.5,352
03/11/2024,02:03:00,18033.0,18036.5,18031.75,18033.5,72
03/11/2024,02:06:00,18033.25,18048.0,18032.5,18047.75,498
03/11/2024,02:09:00,18048.25,18048.5,18037.0,18037.25,249
03/11/2024,02:12:00,18037.25,18041.0,18034.5,18038.0,149
03/11/2024,02:15:00,18039.0,18042.0,18035.25,18040.0,128
03/11/2024,02:18:00,18041.0,18041.5,18026.0,18027.75,266
03/11/2024,02:21:00,18027.75,18027.75,18013.0,18013.5,388
03/11/2024,02:24:00,18014.25,18020.75,18011.5,18014.75,298
03/11/2024,02:27:00,18016.25,18031.25,18013.25,18030.5,306
03/11/2024,02:30:00,18031.0,18031.5,18022.0,18022.25,260
03/11/2024,02:33:00,18022.25,18025.0,18017.0,18017.75,215
03/11/2024,02:36:00,18018.5,18024.25,18017.75,18023.5,126
03/11/2024,02:39:00,18023.5,18023.5,18013.0,18018.5,173
03/11/2024,02:42:00,18020.0,18022.5,18012.75,18015.25,116
03/11/2024,02:45:00,18015.0,18019.25,18011.25,18018.0,148
03/11/2024,02:48:00,18018.25,18032.25,18018.25,18030.0,354
03/11/2024,02:51:00,18030.75,18043.25,18030.0,18039.5,411
03/11/2024,02:54:00,18039.5,18041.75,18031.5,18032.5,152
03/11/2024,02:57:00,18031.75,18032.25,18023.0,18024.25,275
03/11/2024,03:00:00,18024.0,18041.0,18022.75,18031.5,415
03/11/2024,03:03:00,18031.0,18032.25,17988.0,17996.75,1057
03/11/2024,03:06:00,17996.25,18019.25,17989.75,17993.75,1044
03/11/2024,03:09:00,17994.25,17994.25,17975.0,17979.25,926
03/11/2024,03:12:00,17978.25,17979.0,17963.75,17969.25,761
03/11/2024,03:15:00,17969.0,17970.5,17938.75,17954.75,1161
03/11/2024,03:18:00,17953.75,17974.5,17949.0,17974.0,474
03/11/2024,03:21:00,17972.75,17995.5,17967.75,17992.25,633
03/11/2024,03:24:00,17991.25,18005.0,17990.75,17993.25,659
03/11/2024,03:27:00,17994.0,18003.5,17991.25,18001.25,454
03/11/2024,03:30:00,18000.75,18010.0,17988.25,17995.0,588
03/11/2024,03:33:00,17995.25,18014.5,17993.5,18011.25,580
03/11/2024,03:36:00,18011.25,18021.0,18010.75,18018.0,558
03/11/2024,03:39:00,18018.75,18020.5,18005.75,18009.25,398
03/11/2024,03:42:00,18010.0,18014.0,18007.5,18009.25,294
03/11/2024,03:45:00,18010.0,18014.25,17990.75,17993.75,767
03/11/2024,03:48:00,17993.5,17993.5,17964.75,17964.75,1098
03/11/2024,03:51:00,17965.25,17987.25,17956.25,17987.25,764
03/11/2024,03:54:00,17987.25,18003.75,17982.5,18001.75,684
03/11/2024,03:57:00,18001.75,18013.5,17998.5,18011.75,617
03/11/2024,04:00:00,18012.25,18024.5,18009.75,18016.25,733
03/11/2024,04:03:00,18015.0,18033.0,18014.5,18028.75,516
03/11/2024,04:06:00,18029.25,18036.75,18027.0,18030.75,362
03/11/2024,04:09:00,18030.75,18032.5,18018.0,18030.0,501
03/11/2024,04:12:00,18029.75,18036.5,18024.5,18036.5,268
03/11/2024,04:15:00,18035.5,18037.5,18026.5,18034.25,380
03/11/2024,04:18:00,18030.5,18044.0,18024.75,18042.0,456
03/11/2024,04:21:00,18041.0,18051.75,18038.75,18042.25,598
03/11/2024,04:24:00,18041.25,18046.0,18034.25,18043.5,396
03/11/2024,04:27:00,18042.75,18046.0,18036.25,18038.5,279
03/11/2024,04:30:00,18037.75,18042.0,18033.25,18034.0,335
03/11/2024,04:33:00,18034.75,18035.25,18024.0,18024.75,272
03/11/2024,04:36:00,18024.75,18029.5,18014.25,18016.0,452
03/11/2024,04:39:00,18016.5,18025.5,18015.75,18024.75,260
03/11/2024,04:42:00,18024.25,18026.75,18016.75,18021.25,230
03/11/2024,04:45:00,18022.5,18024.0,18019.75,18022.25,155
03/11/2024,04:48:00,18022.5,18028.75,18020.5,18027.0,171
03/11/2024,04:51:00,18027.25,18030.25,18021.25,18022.75,115
03/11/2024,04:54:00,18023.5,18024.5,18014.25,18017.0,186
03/11/2024,04:57:00,18016.5,18026.75,18016.25,18026.75,177
03/11/2024,05:00:00,18026.75,18033.75,18019.0,18022.5,313
03/11/2024,05:03:00,18022.5,18034.25,18022.0,18025.75,243
03/11/2024,05:06:00,18026.0,18031.0,18024.0,18029.5,126
03/11/2024,05:09:00,18028.5,18033.0,18024.5,18025.75,230
03/11/2024,05:12:00,18024.5,18028.0,18019.5,18020.75,184
03/11/2024,05:15:00,18021.0,18024.0,18016.5,18024.0,138
03/11/2024,05:18:00,18022.75,18023.5,18013.5,18014.5,244
03/11/2024,05:21:00,18013.5,18014.5,17998.0,17998.75,641
03/11/2024,05:24:00,17999.25,18005.5,17987.5,18003.25,447
03/11/2024,05:27:00,18003.75,18005.0,17997.0,18001.0,177
03/11/2024,05:30:00,18002.25,18008.25,18001.25,18006.0,166
03/11/2024,05:33:00,18007.0,18026.5,18005.75,18024.5,310
03/11/2024,05:36:00,18023.25,18033.25,18023.25,18028.5,270
03/11/2024,05:39:00,18028.75,18042.0,18028.75,18039.0,318
03/11/2024,05:42:00,18042.0,18042.0,18030.25,18031.0,165
03/11/2024,05:45:00,18030.75,18042.75,18029.5,18041.25,231
03/11/2024,05:48:00,18041.0,18049.5,18041.0,18045.75,227
03/11/2024,05:51:00,18046.0,18046.0,18039.75,18043.0,90
03/11/2024,05:54:00,18043.0,18043.0,18031.5,18036.75,207
03/11/2024,05:57:00,18036.75,18037.5,18030.25,18034.0,148
03/11/2024,06:00:00,18034.5,18037.5,18018.25,18032.5,298
03/11/2024,06:03:00,18033.75,18039.0,18026.75,18029.75,204
03/11/2024,06:06:00,18030.0,18030.25,18002.5,18015.25,464
03/11/2024,06:09:00,18016.5,18021.0,18008.5,18013.5,256
03/11/2024,06:12:00,18013.5,18026.25,18012.75,18017.75,226
03/11/2024,06:15:00,18020.0,18023.5,18016.0,18018.25,94
03/11/2024,06:18:00,18018.5,18020.25,18010.25,18015.0,166
03/11/2024,06:21:00,18017.0,18019.0,18006.5,18006.5,250
03/11/2024,06:24:00,18008.5,18014.5,18006.25,18006.75,233
03/11/2024,06:27:00,18006.25,18008.75,17998.0,18004.5,359
03/11/2024,06:30:00,18004.75,18005.25,17991.0,17997.25,427
03/11/2024,06:33:00,17996.75,18004.25,17995.5,18001.5,243
03/11/2024,06:36:00,18002.0,18002.25,17994.0,18000.25,165
03/11/2024,06:39:00,18001.0,18008.0,18001.0,18003.25,351
03/11/2024,06:42:00,18003.25,18006.0,18000.5,18002.5,86
03/11/2024,06:45:00,18001.75,18007.5,18001.25,18001.25,170
03/11/2024,06:48:00,18000.5,18002.5,17980.0,17980.75,533
03/11/2024,06:51:00,17981.0,17988.5,17973.5,17983.75,527
03/11/2024,06:54:00,17984.0,17984.5,17970.25,17977.25,634
03/11/2024,06:57:00,17978.0,17986.5,17978.0,17981.75,349
03/11/2024,07:00:00,17982.0,17983.25,17958.5,17959.75,751
03/11/2024,07:03:00,17960.5,17964.75,17950.0,17956.25,1106
03/11/2024,07:06:00,17957.0,17970.5,17957.0,17962.25,817
03/11/2024,07:09:00,17963.25,17966.0,17921.75,17926.25,2045
03/11/2024,07:12:00,17925.25,17943.75,17925.25,17940.25,939
03/11/2024,07:15:00,17941.0,17941.75,17931.0,17934.0,567
03/11/2024,07:18:00,17935.75,17964.5,17935.5,17961.0,1043
03/11/2024,07:21:00,17962.0,17962.0,17936.25,17950.75,691
03/11/2024,07:24:00,17950.25,17954.0,17942.5,17944.5,359
03/11/2024,07:27:00,17944.5,17947.75,17937.5,17942.25,475
03/11/2024,07:30:00,17940.5,17957.25,17937.25,17952.0,513
03/11/2024,07:33:00,17952.5,17956.25,17944.0,17948.5,386
03/11/2024,07:36:00,17948.75,17950.5,17934.25,17945.25,537
03/11/2024,07:39:00,17946.0,17955.25,17941.5,17948.0,411
03/11/2024,07:42:00,17948.0,17948.25,17930.5,17933.5,394
03/11/2024,07:45:00,17933.75,17940.75,17921.5,17926.75,707
03/11/2024,07:48:00,17927.5,17935.75,17926.25,17930.25,374
03/11/2024,07:51:00,17931.0,17953.25,17931.0,17951.5,669
03/11/2024,07:54:00,17952.25,17957.0,17945.75,17952.0,482
03/11/2024,07:57:00,17951.75,17956.5,17947.5,17951.5,357
03/11/2024,08:00:00,17951.75,17959.75,17947.25,17959.25,406
03/11/2024,08:03:00,17958.5,17959.75,17947.5,17953.0,562
03/11/2024,08:06:00,17953.25,17966.75,17953.0,17965.75,607
03/11/2024,08:09:00,17965.5,17970.5,17958.5,17966.75,584
03/11/2024,08:12:00,17966.5,17983.0,17966.0,17981.5,1098
03/11/2024,08:15:00,17982.25,17984.25,17972.0,17978.25,524
03/11/2024,08:18:00,17978.5,17988.25,17978.25,17981.25,688
03/11/2024,08:21:00,17981.0,17990.25,17980.5,17983.5,647
03/11/2024,08:24:00,17984.5,17984.75,17965.75,17966.0,1252
03/11/2024,08:27:00,17966.0,17978.5,17960.5,17976.5,1431
03/11/2024,08:30:00,17976.25,17989.5,17913.0,17935.25,7284
03/11/2024,08:33:00,17935.0,17942.75,17907.0,17932.5,5978
03/11/2024,08:36:00,17933.25,17986.25,17933.25,17976.25,5871
03/11/2024,08:39:00,17977.0,18000.0,17967.75,17986.0,4578
03/11/2024,08:42:00,17986.25,17992.0,17969.5,17978.5,3722
03/11/2024,08:45:00,17980.0,18001.25,17968.75,17971.25,3476
03/11/2024,08:48:00,17971.5,17986.75,17952.0,17978.5,3779
03/11/2024,08:51:00,17978.5,17983.0,17936.0,17944.75,3951
03/11/2024,08:54:00,17945.25,17950.25,17914.25,17946.25,5542
03/11/2024,08:57:00,17946.75,17950.5,17898.25,17899.5,4571
03/11/2024,09:00:00,17899.75,17919.75,17890.5,17894.25,4754
03/11/2024,09:03:00,17895.0,17922.0,17894.25,17914.75,3260
03/11/2024,09:06:00,17913.75,17921.75,17896.0,17920.25,2781
03/11/2024,09:09:00,17920.5,17931.25,17900.25,17901.75,2303
03/11/2024,09:12:00,17901.25,17911.0,17893.75,17902.25,2474
03/11/2024,09:15:00,17902.25,17929.25,17900.0,17926.25,2169
03/11/2024,09:18:00,17926.25,17943.75,17922.0,17923.0,2917
03/11/2024,09:21:00,17922.75,17923.75,17897.5,17899.75,2042
03/11/2024,09:24:00,17899.75,17923.25,17898.5,17918.75,2528
03/11/2024,09:27:00,17918.25,17932.5,17912.75,17929.0,1780
03/11/2024,09:30:00,17929.0,17977.75,17926.75,17975.0,3957
03/11/2024,09:33:00,17975.0,17986.25,17967.5,17980.0,2412
03/11/2024,09:36:00,17980.5,17982.5,17941.0,17948.25,2417
03/11/2024,09:39:00,17948.75,17972.0,17932.5,17972.0,3087
03/11/2024,09:42:00,17972.5,17974.75,17956.0,17962.75,1900
03/11/2024,09:45:00,17962.5,17968.5,17949.0,17967.0,1544
03/11/2024,09:48:00,17967.5,17977.0,17950.0,17968.0,1547
03/11/2024,09:51:00,17969.0,17998.5,17967.25,17991.75,2253
03/11/2024,09:54:00,17992.25,18022.75,17989.25,18007.25,3074
03/11/2024,09:57:00,18007.5,18013.25,17995.25,18001.25,1316
03/11/2024,10:00:00,18001.0,18011.25,17988.25,18002.25,2091
03/11/2024,10:03:00,18002.75,18018.25,17990.0,18009.75,1988
03/11/2024,10:06:00,18009.5,18009.5,17977.75,17980.5,1928
03/11/2024,10:09:00,17980.75,17988.25,17941.25,17944.75,2566
03/11/2024,10:12:00,17945.25,17968.75,17944.75,17963.5,2512
03/11/2024,10:15:00,17964.0,17965.5,17947.25,17962.25,1380
03/11/2024,10:18:00,17961.25,17964.5,17952.5,17955.75,968
03/11/2024,10:21:00,17955.25,17964.75,17939.0,17952.75,1743
03/11/2024,10:24:00,17953.5,17954.75,17938.0,17947.75,1702
03/11/2024,10:27:00,17948.5,17954.75,17928.75,17932.75,1433
03/11/2024,10:30:00,17933.0,17938.25,17919.25,17936.75,2340
03/11/2024,10:33:00,17936.25,17948.0,17922.25,17947.0,1816
03/11/2024,10:36:00,17946.25,17956.5,17940.5,17951.5,987
03/11/2024,10:39:00,17950.5,17952.75,17928.0,17943.25,1148
03/11/2024,10:42:00,17943.75,17954.25,17941.75,17953.25,780
03/11/2024,10:45:00,17954.25,17977.75,17951.25,17977.5,1690
03/11/2024,10:48:00,17976.75,17988.0,17968.75,17985.5,1245
03/11/2024,10:51:00,17986.25,17995.5,17970.0,17976.0,1822
03/11/2024,10:54:00,17976.25,17987.5,17973.0,17981.25,866
03/11/2024,10:57:00,17981.5,18005.25,17979.25,17999.75,1508
03/11/2024,11:00:00,17999.25,18000.5,17974.5,17987.25,1285
03/11/2024,11:03:00,17987.75,17988.5,17958.0,17967.5,2055
03/11/2024,11:06:00,17967.25,17979.5,17964.25,17968.75,959
03/11/2024,11:09:00,17969.75,17974.0,17946.75,17953.0,1215
03/11/2024,11:12:00,17952.75,17975.25,17952.75,17966.5,1099
03/11/2024,11:15:00,17966.25,17976.25,17959.0,17975.75,807
03/11/2024,11:18:00,17975.5,17992.25,17975.25,17986.25,1139
03/11/2024,11:21:00,17985.75,17993.25,17977.25,17992.5,837
03/11/2024,11:24:00,17993.0,17993.5,17981.5,17984.5,548
03/11/2024,11:27:00,17984.5,17986.25,17968.75,17975.0,1135
03/11/2024,11:30:00,17975.5,17988.75,17975.25,17983.75,954
03/11/2024,11:33:00,17984.25,17996.75,17974.25,17985.75,1582
03/11/2024,11:36:00,17985.0,17989.25,17975.25,17976.25,1087
03/11/2024,11:39:00,17975.25,17996.0,17967.25,17996.0,1165
03/11/2024,11:42:00,17995.25,17995.25,17978.0,17978.5,793
03/11/2024,11:45:00,17979.25,17984.0,17969.25,17976.75,1044
03/11/2024,11:48:00,17977.25,17985.75,17968.0,17969.0,855
03/11/2024,11:51:00,17967.5,17988.75,17964.0,17983.0,1111
03/11/2024,11:54:00,17983.75,17991.5,17980.5,17990.0,610
03/11/2024,11:57:00,17989.25,17999.0,17986.0,17989.25,1126
03/11/2024,12:00:00,17990.0,18001.0,17975.5,17977.0,1602
03/11/2024,12:03:00,17977.0,17985.0,17973.0,17980.5,728
03/11/2024,12:06:00,17981.0,17984.75,17956.0,17968.25,1168
03/11/2024,12:09:00,17969.75,17973.0,17961.0,17963.75,629
03/11/2024,12:12:00,17962.0,17966.0,17946.25,17953.75,1457
03/11/2024,12:15:00,17953.75,17963.25,17947.0,17950.25,991
03/11/2024,12:18:00,17951.0,17972.5,17950.25,17970.75,841
03/11/2024,12:21:00,17970.25,17989.5,17964.0,17985.0,937
03/11/2024,12:24:00,17985.25,17995.25,17978.25,17993.5,921
03/11/2024,12:27:00,17993.25,17997.75,17988.75,17992.5,649
03/11/2024,12:30:00,17992.0,18007.5,17990.25,17995.5,1802
03/11/2024,12:33:00,17996.25,17999.5,17984.25,17992.75,944
03/11/2024,12:36:00,17992.0,17993.5,17975.25,17978.75,826
03/11/2024,12:39:00,17977.75,17979.25,17955.25,17956.5,1400
03/11/2024,12:42:00,17957.0,17962.75,17944.5,17950.25,1529
03/11/2024,12:45:00,17950.0,17962.25,17940.5,17943.25,1330
03/11/2024,12:48:00,17943.5,17964.5,17941.75,17964.0,971
03/11/2024,12:51:00,17964.25,17965.0,17949.25,17958.75,872
03/11/2024,12:54:00,17958.5,17975.25,17955.0,17968.75,1071
03/11/2024,12:57:00,17968.25,17977.75,17961.0,17974.75,825
03/11/2024,13:00:00,17975.5,17978.75,17958.25,17976.0,1263
03/11/2024,13:03:00,17975.75,17987.25,17975.75,17984.25,1010
03/11/2024,13:06:00,17984.0,17990.25,17977.25,17984.5,1141
03/11/2024,13:09:00,17987.0,17987.5,17974.0,17975.0,940
03/11/2024,13:12:00,17975.5,17978.75,17966.5,17977.0,863
03/11/2024,13:15:00,17977.5,17994.0,17977.5,17983.75,923
03/11/2024,13:18:00,17983.75,17987.25,17977.5,17980.0,705
03/11/2024,13:21:00,17979.75,17994.75,17976.75,17991.75,855
03/11/2024,13:24:00,17992.0,17997.25,17980.5,17990.5,1174
03/11/2024,13:27:00,17991.75,17996.0,17984.25,17994.25,715
03/11/2024,13:30:00,17994.25,18002.5,17987.25,17988.25,1091
03/11/2024,13:33:00,17988.75,17991.0,17973.25,17974.75,836
03/11/2024,13:36:00,17975.25,17985.75,17972.0,17976.25,737
03/11/2024,13:39:00,17977.0,17995.25,17973.75,17991.75,730
03/11/2024,13:42:00,17992.0,17999.25,17989.5,17997.75,710
03/11/2024,13:45:00,17998.25,18008.0,17992.5,18004.5,1084
03/11/2024,13:48:00,18005.0,18025.25,18004.5,18011.0,1735
03/11/2024,13:51:00,18011.75,18014.75,17999.25,18001.0,950
03/11/2024,13:54:00,18001.25,18007.5,17995.5,18004.75,829
03/11/2024,13:57:00,18004.5,18004.75,17992.75,18002.25,707
03/11/2024,14:00:00,18001.75,18002.25,17983.0,17988.5,1093
03/11/2024,14:03:00,17988.25,17999.75,17987.0,17999.5,748
03/11/2024,14:06:00,17998.75,17999.75,17985.75,17993.25,628
03/11/2024,14:09:00,17993.25,17994.0,17980.5,17985.75,666
03/11/2024,14:12:00,17986.5,17987.75,17965.5,17966.0,1224
03/11/2024,14:15:00,17966.25,17974.75,17961.5,17967.25,1090
03/11/2024,14:18:00,17967.75,17971.25,17958.0,17968.75,957
03/11/2024,14:21:00,17968.25,17976.5,17965.0,17971.25,870
03/11/2024,14:24:00,17971.0,17972.25,17953.25,17960.25,1126
03/11/2024,14:27:00,17959.0,17961.75,17954.5,17959.0,601
03/11/2024,14:30:00,17959.5,17977.0,17955.75,17973.25,1163
03/11/2024,14:33:00,17972.75,17980.25,17968.0,17972.75,708
03/11/2024,14:36:00,17972.75,17975.0,17959.0,17960.5,792
03/11/2024,14:39:00,17960.75,17979.5,17953.5,17978.5,1156
03/11/2024,14:42:00,17977.25,17986.25,17976.75,17982.0,1032
03/11/2024,14:45:00,17981.5,17992.25,17967.75,17970.25,1190
03/11/2024,14:48:00,17970.25,17977.0,17957.5,17965.75,1002
03/11/2024,14:51:00,17966.25,17972.25,17947.75,17953.75,1584
03/11/2024,14:54:00,17954.0,17968.0,17950.0,17962.75,2090
03/11/2024,14:57:00,17962.5,17975.5,17959.75,17970.25,3963
03/11/2024,15:00:00,17970.75,17984.0,17967.5,17968.5,1842
03/11/2024,15:03:00,17968.25,17974.25,17968.25,17970.0,420
03/11/2024,15:06:00,17969.75,17984.25,17969.75,17978.25,572
03/11/2024,15:09:00,17978.5,17991.0,17977.5,17988.5,400
03/11/2024,15:12:00,17988.0,17989.25,17980.75,17987.0,283
03/11/2024,15:15:00,17986.5,17989.5,17982.75,17987.5,135
03/11/2024,15:18:00,17986.75,17994.0,17986.75,17994.0,119
03/11/2024,15:21:00,17994.5,17995.0,17987.75,17988.0,136
03/11/2024,15:24:00,17987.25,17988.0,17983.75,17988.0,136
03/11/2024,15:27:00,17987.5,17988.25,17980.75,17986.0,133
03/11/2024,15:30:00,17984.25,18015.75,17984.25,17998.5,981
03/11/2024,15:33:00,17999.5,18003.25,17997.0,18002.75,109
03/11/2024,15:36:00,18001.5,18004.75,17998.0,18001.25,94
03/11/2024,15:39:00,18001.5,18001.5,17997.0,17998.0,121
03/11/2024,15:42:00,17998.0,18004.0,17995.0,18002.5,186
03/11/2024,15:45:00,18002.25,18006.0,17996.25,17996.75,176
03/11/2024,15:48:00,17997.0,17998.25,17993.5,17995.25,93
03/11/2024,15:51:00,17995.25,17999.5,17995.25,17998.25,89
03/11/2024,15:54:00,17998.0,17999.25,17996.0,17997.5,132
03/11/2024,15:57:00,17997.0,18002.5,17997.0,17999.25,186
03/11/2024,17:00:00,18010.5,18022.25,17999.75,18019.0,430
03/11/2024,17:03:00,18019.0,18019.75,18010.0,18014.0,120
03/11/2024,17:06:00,18014.5,18025.0,18014.5,18023.25,207
03/11/2024,17:09:00,18024.0,18036.0,18021.5,18033.75,223
03/11/2024,17:12:00,18034.5,18036.0,18031.75,18032.25,67
03/11/2024,17:15:00,18033.25,18048.0,18033.25,18043.0,267
03/11/2024,17:18:00,18042.0,18042.75,18038.75,18040.5,47
03/11/2024,17:21:00,18041.25,18041.25,18033.0,18034.0,82
03/11/2024,17:24:00,18033.5,18034.0,18032.0,18032.25,46
03/11/2024,17:27:00,18032.5,18038.5,18032.5,18035.25,67
03/11/2024,17:30:00,18035.5,18037.0,18031.75,18035.5,52
03/11/2024,17:33:00,18034.75,18035.25,18031.75,18033.75,27
03/11/2024,17:36:00,18032.5,18034.5,18028.5,18029.75,81
03/11/2024,17:39:00,18031.0,18039.0,18029.75,18038.75,43
03/11/2024,17:42:00,18036.75,18040.0,18036.25,18038.25,19
03/11/2024,17:45:00,18038.75,18038.75,18036.25,18038.0,38
03/11/2024,17:48:00,18038.0,18038.0,18032.5,18034.0,67
03/11/2024,17:51:00,18035.5,18035.75,18031.75,18033.25,33
03/11/2024,17:54:00,18031.75,18036.0,18031.0,18033.25,56
03/11/2024,17:57:00,18034.5,18034.5,18032.25,18033.0,35
03/11/2024,18:00:00,18032.5,18033.75,18029.75,18031.75,66
03/11/2024,18:03:00,18033.0,18037.5,18033.0,18036.75,46
03/11/2024,18:06:00,18035.5,18036.75,18035.0,18035.0,19
03/11/2024,18:09:00,18034.75,18035.25,18031.75,18033.0,52
03/11/2024,18:12:00,18031.5,18035.5,18031.0,18035.25,39
03/11/2024,18:15:00,18035.5,18042.75,18035.5,18041.5,140
03/11/2024,18:18:00,18042.25,18044.0,18040.0,18040.0,65
03/11/2024,18:21:00,18039.5,18040.0,18037.75,18039.75,41
03/11/2024,18:24:00,18039.75,18039.75,18037.25,18038.25,26
03/11/2024,18:27:00,18039.5,18041.5,18039.0,18040.0,23
03/11/2024,18:30:00,18039.75,18041.0,18039.5,18039.5,12
03/11/2024,18:33:00,18040.0,18040.0,18038.25,18038.25,25
03/11/2024,18:36:00,18038.0,18039.5,18037.0,18039.5,59
03/11/2024,18:39:00,18039.5,18042.0,18039.5,18040.0,30
03/11/2024,18:42:00,18040.5,18042.0,18040.5,18042.0,6
03/11/2024,18:45:00,18042.5,18044.0,18041.5,18041.5,72
03/11/2024,18:48:00,18041.75,18044.0,18041.5,18044.0,25
03/11/2024,18:51:00,18043.75,18045.75,18042.75,18045.0,68
03/11/2024,18:54:00,18045.25,18047.5,18044.5,18045.75,39
03/11/2024,18:57:00,18047.25,18050.75,18046.25,18048.75,144
03/11/2024,19:00:00,18047.75,18048.0,18040.5,18041.25,107
03/11/2024,19:03:00,18040.25,18042.0,18037.75,18039.25,76
03/11/2024,19:06:00,18038.5,18041.0,18035.5,18035.75,47
03/11/2024,19:09:00,18037.25,18040.75,18036.0,18036.75,45
03/11/2024,19:12:00,18036.75,18041.0,18036.75,18038.75,38
03/11/2024,19:15:00,18039.75,18045.75,18039.75,18045.5,53
03/11/2024,19:18:00,18045.0,18045.5,18043.75,18044.0,34
03/11/2024,19:21:00,18044.0,18047.75,18044.0,18047.75,34
03/11/2024,19:24:00,18048.0,18056.25,18045.5,18055.5,281
03/11/2024,19:27:00,18056.25,18060.75,18055.25,18057.25,162
03/11/2024,19:30:00,18057.75,18059.5,18054.75,18055.0,58
03/11/2024,19:33:00,18057.0,18061.0,18057.0,18059.75,99
03/11/2024,19:36:00,18059.75,18066.0,18050.5,18051.0,422
03/11/2024,19:39:00,18050.25,18053.5,18048.5,18052.5,170
03/11/2024,19:42:00,18052.5,18053.5,18046.25,18047.25,59
03/11/2024,19:45:00,18046.75,18047.75,18043.5,18046.75,76
03/11/2024,19:48:00,18047.0,18049.5,18045.0,18045.0,107
03/11/2024,19:51:00,18045.25,18046.75,18044.25,18045.25,38
03/11/2024,19:54:00,18046.75,18047.75,18043.0,18043.75,39
03/11/2024,19:57:00,18043.25,18043.25,18039.0,18040.0,60
03/11/2024,20:00:00,18040.75,18044.5,18040.25,18043.5,52
03/11/2024,20:03:00,18042.75,18047.0,18042.75,18045.0,46
03/11/2024,20:06:00,18045.75,18050.25,18045.5,18049.5,69
03/11/2024,20:09:00,18048.75,18048.75,18041.25,18045.0,82
03/11/2024,20:12:00,18044.75,18045.75,18043.5,18043.5,10
03/11/2024,20:15:00,18044.0,18044.25,18040.75,18043.25,46
03/11/2024,20:18:00,18043.25,18048.25,18043.0,18048.25,27
03/11/2024,20:21:00,18048.75,18048.75,18044.25,18044.5,36
03/11/2024,20:24:00,18044.0,18045.75,18042.5,18044.75,50
03/11/2024,20:27:00,18044.75,18047.0,18044.25,18046.25,22
03/11/2024,20:30:00,18045.75,18046.5,18036.5,18038.5,83
03/11/2024,20:33:00,18038.0,18044.0,18038.0,18041.75,64
03/11/2024,20:36:00,18041.5,18047.25,18040.25,18045.75,28
03/11/2024,20:39:00,18046.0,18048.5,18044.0,18044.0,56
03/11/2024,20:42:00,18045.75,18050.25,18045.5,18049.5,49
03/11/2024,20:45:00,18050.5,18052.25,18049.0,18050.25,43
03/11/2024,20:48:00,18052.0,18056.0,18052.0,18055.5,94
03/11/2024,20:51:00,18053.5,18054.75,18050.25,18054.75,70
03/11/2024,20:54:00,18053.75,18053.75,18046.5,18049.0,97
03/11/2024,20:57:00,18049.0,18049.0,18045.0,18045.5,59
03/11/2024,21:00:00,18046.5,18047.5,18043.5,18046.5,40
03/11/2024,21:03:00,18046.0,18046.0,18041.75,18044.25,28
03/11/2024,21:06:00,18044.0,18045.25,18042.75,18043.0,24
03/11/2024,21:09:00,18042.0,18042.0,18039.25,18040.75,53
03/11/2024,21:12:00,18042.25,18044.5,18041.5,18043.75,39
03/11/2024,21:15:00,18042.75,18045.75,18042.25,18042.75,43
03/11/2024,21:18:00,18044.5,18049.25,18044.5,18048.5,39
03/11/2024,21:21:00,18049.5,18050.0,18046.5,18046.5,34
03/11/2024,21:24:00,18048.5,18050.0,18047.5,18049.0,29
03/11/2024,21:27:00,18048.75,18051.0,18048.25,18050.0,36
03/11/2024,21:30:00,18050.5,18050.5,18049.5,18049.5,12
03/11/2024,21:33:00,18048.75,18051.5,18048.25,18049.75,23
03/11/2024,21:36:00,18049.5,18049.5,18048.0,18048.75,25
03/11/2024,21:39:00,18048.0,18048.0,18045.5,18045.5,21
03/11/2024,21:42:00,18047.25,18047.25,18046.5,18047.0,9
03/11/2024,21:45:00,18046.5,18052.0,18046.5,18050.5,25
03/11/2024,21:48:00,18050.0,18050.0,18048.25,18048.25,9
03/11/2024,21:51:00,18048.0,18048.5,18046.75,18048.5,17
03/11/2024,21:54:00,18049.0,18049.0,18047.5,18049.0,10
03/11/2024,21:57:00,18049.75,18050.75,18048.75,18050.75,9
03/11/2024,22:00:00,18050.25,18051.5,18050.0,18050.75,16
03/11/2024,22:03:00,18050.0,18054.5,18050.0,18052.0,41
03/11/2024,22:06:00,18051.25,18053.25,18050.75,18052.25,30
03/11/2024,22:09:00,18052.25,18055.25,18052.25,18053.0,40
03/11/2024,22:12:00,18054.0,18055.0,18052.0,18053.25,16
03/11/2024,22:15:00,18053.0,18056.25,18053.0,18055.75,33
03/11/2024,22:18:00,18054.75,18056.75,18054.5,18056.75,58
03/11/2024,22:21:00,18056.75,18057.0,18054.5,18055.0,34
03/11/2024,22:24:00,18054.75,18055.5,18053.0,18055.25,28
03/11/2024,22:27:00,18056.25,18056.5,18053.25,18053.75,19
03/11/2024,22:30:00,18053.75,18057.75,18053.75,18057.75,18
03/11/2024,22:33:00,18057.5,18057.5,18055.25,18056.0,15
03/11/2024,22:36:00,18056.0,18060.0,18055.25,18058.0,73
03/11/2024,22:39:00,18058.0,18059.0,18055.25,18055.25,100
03/11/2024,22:42:00,18055.75,18057.5,18055.75,18056.0,15
03/11/2024,22:45:00,18055.5,18055.5,18054.75,18055.5,12
03/11/2024,22:48:00,18055.0,18056.75,18054.0,18056.25,52
03/11/2024,22:51:00,18056.0,18056.25,18055.25,18055.5,7
03/11/2024,22:54:00,18056.25,18056.25,18049.5,18051.25,110
03/11/2024,22:57:00,18051.25,18053.5,18051.0,18053.5,13
03/11/2024,23:00:00,18053.25,18056.0,18052.75,18054.0,37
03/11/2024,23:03:00,18054.5,18055.5,18053.5,18055.5,19
03/11/2024,23:06:00,18054.75,18055.5,18054.5,18055.0,11
03/11/2024,23:09:00,18054.25,18055.0,18053.5,18054.5,19
03/11/2024,23:12:00,18053.5,18054.0,18052.25,18052.75,29
03/11/2024,23:15:00,18053.0,18054.0,18053.0,18053.75,16
03/11/2024,23:18:00,18054.75,18056.0,18054.25,18054.5,10
03/11/2024,23:21:00,18054.0,18054.25,18053.25,18053.5,12
03/11/2024,23:24:00,18053.0,18055.25,18053.0,18055.25,13
03/11/2024,23:27:00,18054.75,18054.75,18052.75,18053.25,37
03/11/2024,23:30:00,18053.25,18054.75,18053.25,18054.75,8
03/11/2024,23:33:00,18053.0,18057.75,18053.0,18056.0,24
03/11/2024,23:36:00,18056.0,18057.0,18056.0,18057.0,6
03/11/2024,23:39:00,18057.75,18060.25,18057.75,18059.0,41
03/11/2024,23:42:00,18058.25,18060.0,18058.25,18058.75,32
03/11/2024,23:45:00,18059.5,18060.5,18059.5,18059.5,20
03/11/2024,23:48:00,18058.75,18061.0,18058.75,18061.0,6
03/11/2024,23:51:00,18061.5,18064.25,18061.5,18063.75,64
03/11/2024,23:54:00,18064.75,18071.75,18064.75,18069.5,232
03/11/2024,23:57:00,18068.75,18073.25,18068.5,18071.5,125
03/12/2024,00:00:00,18071.75,18323.25,18071.75,18321.0,243
03/12/2024,00:03:00,18321.5,18321.5,18318.5,18321.25,84
03/12/2024,00:06:00,18320.75,18329.25,18320.25,18328.0,243
03/12/2024,00:09:00,18327.75,18332.5,18327.5,18330.25,276
03/12/2024,00:12:00,18329.75,18332.0,18328.0,18331.5,164
03/12/2024,00:15:00,18331.75,18334.0,18327.5,18327.5,157
03/12/2024,00:18:00,18328.75,18330.25,18327.75,18329.25,110
03/12/2024,00:21:00,18329.75,18333.0,18329.5,18329.5,90
03/12/2024,00:24:00,18329.75,18330.75,18328.75,18328.75,69
03/12/2024,00:27:00,18328.75,18331.75,18327.75,18329.75,173
03/12/2024,00:30:00,18330.25,18334.25,18329.0,18333.0,176
03/12/2024,00:33:00,18333.0,18333.5,18331.25,18331.75,128
03/12/2024,00:36:00,18331.5,18333.75,18330.25,18332.25,97
03/12/2024,00:39:00,18332.25,18332.75,18329.75,18330.0,103
03/12/2024,00:42:00,18329.75,18332.0,18326.5,18330.75,189
03/12/2024,00:45:00,18330.75,18334.0,18330.75,18332.75,98
03/12/2024,00:48:00,18331.75,18333.0,18328.75,18332.75,115
03/12/2024,00:51:00,18332.5,18338.75,18332.5,18336.25,349
03/12/2024,00:54:00,18336.5,18337.25,18334.75,18336.75,90
03/12/2024,00:57:00,18337.25,18341.5,18336.5,18337.5,253
03/12/2024,01:00:00,18338.0,18340.75,18335.75,18338.75,193
03/12/2024,01:03:00,18337.0,18337.5,18331.5,18333.75,215
03/12/2024,01:06:00,18333.25,18333.75,18329.75,18330.25,195
03/12/2024,01:09:00,18330.75,18330.75,18322.25,18324.0,364
03/12/2024,01:12:00,18324.0,18326.0,18320.25,18323.0,132
03/12/2024,01:15:00,18323.0,18323.25,18314.5,18316.75,230
03/12/2024,01:18:00,18317.0,18321.25,18316.25,18321.0,119
03/12/2024,01:21:00,18320.5,18320.5,18317.75,18319.5,51
03/12/2024,01:24:00,18319.75,18326.25,18319.5,18325.25,255
03/12/2024,01:27:00,18325.25,18328.5,18323.25,18324.0,145
03/12/2024,01:30:00,18324.0,18327.5,18322.75,18325.5,94
03/12/2024,01:33:00,18326.0,18329.75,18326.0,18329.25,87
03/12/2024,01:36:00,18328.75,18329.5,18325.75,18327.25,103
03/12/2024,01:39:00,18326.5,18330.0,18326.5,18328.75,69
03/12/2024,01:42:00,18328.75,18330.0,18327.5,18329.0,51
03/12/2024,01:45:00,18328.5,18330.5,18326.0,18326.5,146
03/12/2024,01:48:00,18326.5,18327.75,18325.25,18325.5,74
03/12/2024,01:51:00,18325.75,18325.75,18319.0,18320.0,234
03/12/2024,01:54:00,18319.0,18319.25,18313.25,18316.5,203
03/12/2024,01:57:00,18316.75,18326.5,18316.0,18324.75,260
03/12/2024,02:00:00,18326.25,18327.25,18319.0,18320.0,277
03/12/2024,02:03:00,18321.5,18326.0,18320.75,18326.0,143
03/12/2024,02:06:00,18325.25,18332.75,18325.0,18330.5,302
03/12/2024,02:09:00,18330.5,18333.75,18325.5,18330.5,200
03/12/2024,02:12:00,18330.5,18332.25,18327.75,18330.25,166
03/12/2024,02:15:00,18329.5,18330.25,18325.0,18327.5,110
03/12/2024,02:18:00,18327.75,18329.5,18323.5,18324.25,120
03/12/2024,02:21:00,18324.25,18326.5,18321.0,18326.0,167
03/12/2024,02:24:00,18326.25,18328.25,18321.0,18326.0,141
03/12/2024,02:27:00,18325.5,18328.5,18324.0,18325.5,80
03/12/2024,02:30:00,18324.5,18326.75,18323.0,18324.0,57
03/12/2024,02:33:00,18323.75,18327.5,18322.5,18325.25,82
03/12/2024,02:36:00,18325.75,18327.75,18323.25,18326.25,74
03/12/2024,02:39:00,18326.5,18326.5,18322.25,18322.25,84
03/12/2024,02:42:00,18322.5,18323.25,18319.5,18320.5,139
03/12/2024,02:45:00,18320.75,18323.25,18318.0,18322.75,191
03/12/2024,02:48:00,18322.0,18324.0,18320.0,18322.0,82
03/12/2024,02:51:00,18322.25,18326.5,18322.25,18324.75,77
03/12/2024,02:54:00,18325.0,18326.0,18321.75,18325.75,104
03/12/2024,02:57:00,18326.25,18329.75,18324.75,18325.5,179
03/12/2024,03:00:00,18326.25,18328.25,18318.75,18323.5,786
03/12/2024,03:03:00,18323.75,18343.5,18323.0,18339.0,785
03/12/2024,03:06:00,18339.5,18341.5,18316.25,18319.75,852
03/12/2024,03:09:00,18319.0,18322.75,18312.25,18314.25,579
03/12/2024,03:12:00,18314.5,18317.5,18307.75,18308.25,705
03/12/2024,03:15:00,18308.25,18316.0,18306.5,18307.0,560
03/12/2024,03:18:00,18306.75,18313.0,18305.0,18309.0,364
03/12/2024,03:21:00,18309.25,18311.75,18305.5,18307.0,275
03/12/2024,03:24:00,18306.75,18310.75,18305.0,18305.75,258
03/12/2024,03:27:00,18306.0,18310.5,18297.75,18298.0,476
03/12/2024,03:30:00,18297.5,18298.0,18275.25,18293.5,1706
03/12/2024,03:33:00,18293.0,18299.0,18288.5,18298.5,351
03/12/2024,03:36:00,18298.5,18303.0,18292.0,18301.75,504
03/12/2024,03:39:00,18301.75,18307.5,18296.0,18297.75,467
03/12/2024,03:42:00,18297.25,18306.75,18297.25,18299.75,170
03/12/2024,03:45:00,18299.25,18300.75,18290.5,18290.5,270
03/12/2024,03:48:00,18291.5,18296.75,18286.25,18287.75,429
03/12/2024,03:51:00,18288.0,18292.5,18285.25,18290.75,282
03/12/2024,03:54:00,18290.75,18291.25,18278.75,18290.5,600
03/12/2024,03:57:00,18290.25,18291.0,18281.5,18283.5,289
03/12/2024,04:00:00,18284.5,18289.0,18280.0,18282.75,318
03/12/2024,04:03:00,18281.25,18288.0,18277.5,18284.25,351
03/12/2024,04:06:00,18285.25,18289.25,18281.5,18282.75,249
03/12/2024,04:09:00,18282.25,18286.0,18280.75,18282.75,242
03/12/2024,04:12:00,18284.0,18287.25,18277.25,18285.5,270
03/12/2024,04:15:00,18285.0,18286.5,18279.75,18282.25,196
03/12/2024,04:18:00,18282.25,18287.0,18279.25,18285.0,188
03/12/2024,04:21:00,18285.0,18288.75,18282.0,18287.75,202
03/12/2024,04:24:00,18288.25,18297.75,18288.0,18296.0,300
03/12/2024,04:27:00,18296.5,18297.75,18293.5,18296.5,181
03/12/2024,04:30:00,18296.5,18296.5,18292.25,18294.25,164
03/12/2024,04:33:00,18294.0,18300.75,18294.0,18297.5,186
03/12/2024,04:36:00,18297.75,18300.75,18294.5,18297.75,168
03/12/2024,04:39:00,18298.25,18300.0,18294.75,18298.0,111
03/12/2024,04:42:00,18298.0,18298.25,18286.0,18286.5,228
03/12/2024,04:45:00,18286.5,18294.75,18286.25,18292.5,283
03/12/2024,04:48:00,18292.75,18296.75,18292.25,18294.25,167
03/12/2024,04:51:00,18293.75,18295.0,18292.5,18293.5,104
03/12/2024,04:54:00,18293.5,18293.5,18285.5,18286.0,160
03/12/2024,04:57:00,18285.75,18287.0,18276.25,18278.25,438
03/12/2024,05:00:00,18278.0,18289.75,18277.0,18289.75,436
03/12/2024,05:03:00,18289.75,18298.25,18288.5,18293.0,553
03/12/2024,05:06:00,18293.5,18296.25,18290.0,18292.0,180
03/12/2024,05:09:00,18292.25,18296.75,18290.5,18296.5,195
03/12/2024,05:12:00,18295.75,18295.75,18288.5,18294.75,231
03/12/2024,05:15:00,18293.0,18294.0,18287.25,18291.0,176
03/12/2024,05:18:00,18290.0,18299.75,18289.75,18299.25,215
03/12/2024,05:21:00,18299.25,18301.25,18296.0,18296.75,207
03/12/2024,05:24:00,18297.5,18303.25,18295.75,18296.25,253
03/12/2024,05:27:00,18297.0,18300.5,18295.75,18296.0,131
03/12/2024,05:30:00,18296.0,18297.25,18291.25,18295.0,216
03/12/2024,05:33:00,18294.5,18295.5,18291.25,18293.25,96
03/12/2024,05:36:00,18293.25,18295.5,18290.0,18295.5,133
03/12/2024,05:39:00,18296.0,18309.75,18295.5,18304.0,537
03/12/2024,05:42:00,18303.75,18304.25,18297.0,18298.0,266
03/12/2024,05:45:00,18297.75,18303.75,18295.0,18297.75,417
03/12/2024,05:48:00,18297.75,18303.25,18296.0,18296.0,272
03/12/2024,05:51:00,18296.25,18303.0,18296.0,18300.5,159
03/12/2024,05:54:00,18301.25,18303.75,18300.0,18302.25,106
03/12/2024,05:57:00,18302.25,18305.75,18295.25,18295.5,231
03/12/2024,06:00:00,18296.0,18296.75,18289.0,18291.75,455
03/12/2024,06:03:00,18291.5,18296.0,18289.5,18291.25,190
03/12/2024,06:06:00,18291.0,18291.0,18283.0,18284.0,373
03/12/2024,06:09:00,18283.25,18284.5,18277.0,18283.75,433
03/12/2024,06:12:00,18284.0,18289.0,18283.0,18286.75,207
03/12/2024,06:15:00,18287.25,18290.75,18282.0,18282.5,284
03/12/2024,06:18:00,18282.0,18288.0,18281.5,18284.0,185
03/12/2024,06:21:00,18283.75,18287.0,18282.25,18287.0,223
03/12/2024,06:24:00,18286.75,18298.25,18286.75,18297.75,381
03/12/2024,06:27:00,18297.25,18299.75,18294.25,18294.5,244
03/12/2024,06:30:00,18294.25,18301.25,18292.75,18298.75,274
03/12/2024,06:33:00,18298.75,18300.0,18291.75,18299.5,365
03/12/2024,06:36:00,18297.75,18302.75,18297.25,18300.5,337
03/12/2024,06:39:00,18300.75,18305.0,18300.0,18300.25,294
03/12/2024,06:42:00,18300.0,18305.0,18298.25,18303.0,331
03/12/2024,06:45:00,18302.5,18303.25,18293.75,18294.0,342
03/12/2024,06:48:00,18293.75,18296.5,18291.0,18293.0,287
03/12/2024,06:51:00,18293.25,18299.5,18291.25,18295.0,362
03/12/2024,06:54:00,18295.75,18296.75,18292.0,18295.0,209
03/12/2024,06:57:00,18295.25,18295.75,18290.25,18294.0,407
03/12/2024,07:00:00,18293.25,18296.75,18289.5,18292.0,802
03/12/2024,07:03:00,18291.75,18295.75,18290.25,18291.25,449
03/12/2024,07:06:00,18291.75,18295.5,18288.5,18294.25,425
03/12/2024,07:09:00,18293.0,18294.25,18289.25,18292.25,334
03/12/2024,07:12:00,18292.0,18293.5,18288.25,18292.25,256
03/12/2024,07:15:00,18291.5,18292.25,18286.0,18287.75,491
03/12/2024,07:18:00,18287.75,18304.25,18287.0,18295.25,1059
03/12/2024,07:21:00,18296.0,18300.75,18292.5,18299.0,410
03/12/2024,07:24:00,18298.75,18302.5,18295.75,18299.25,444
03/12/2024,07:27:00,18298.75,18301.5,18277.5,18292.0,1100
03/12/2024,07:30:00,18292.5,18340.0,18204.0,18318.25,13097
03/12/2024,07:33:00,18317.25,18342.25,18308.25,18341.0,5662
03/12/2024,07:36:00,18341.0,18367.5,18332.5,18334.25,6832
03/12/2024,07:39:00,18334.5,18364.5,18322.0,18357.75,5002
03/12/2024,07:42:00,18356.5,18365.75,18343.5,18357.75,3258
03/12/2024,07:45:00,18357.5,18381.0,18357.5,18361.0,3487
03/12/2024,07:48:00,18360.25,18368.5,18351.5,18356.0,2226
03/12/2024,07:51:00,18356.0,18364.75,18345.75,18353.75,2197
03/12/2024,07:54:00,18353.75,18353.75,18305.5,18324.5,5379
03/12/2024,07:57:00,18324.75,18339.5,18311.0,18315.5,2977
03/12/2024,08:00:00,18316.5,18326.5,18308.25,18318.25,2464
03/12/2024,08:03:00,18318.0,18318.0,18293.25,18297.0,2301
03/12/2024,08:06:00,18297.0,18310.0,18292.75,18309.25,2320
03/12/2024,08:09:00,18309.5,18314.75,18284.5,18287.5,2391
03/12/2024,08:12:00,18287.25,18294.0,18271.75,18292.5,2825
03/12/2024,08:15:00,18292.0,18296.5,18274.5,18292.25,2017
03/12/2024,08:18:00,18292.75,18295.25,18272.25,18285.0,1746
03/12/2024,08:21:00,18285.5,18297.75,18281.5,18290.25,1161
03/12/2024,08:24:00,18289.0,18308.25,18286.75,18306.5,1934
03/12/2024,08:27:00,18305.75,18313.75,18299.75,18311.25,1878
03/12/2024,08:30:00,18311.5,18339.0,18302.75,18313.25,15254
03/12/2024,08:33:00,18314.5,18315.5,18248.25,18249.5,12251
03/12/2024,08:36:00,18250.0,18253.75,18222.0,18235.5,11465
03/12/2024,08:39:00,18235.5,18248.5,18218.25,18240.25,10532
03/12/2024,08:42:00,18240.0,18246.75,18199.75,18202.75,10628
03/12/2024,08:45:00,18203.0,18213.5,18174.0,18180.75,11489
03/12/2024,08:48:00,18180.0,18216.5,18174.5,18213.5,9154
03/12/2024,08:51:00,18213.75,18235.5,18204.0,18226.5,7844
03/12/2024,08:54:00,18226.75,18270.75,18223.75,18269.75,8821
03/12/2024,08:57:00,18269.75,18295.25,18257.25,18291.75,8196
03/12/2024,09:00:00,18292.5,18304.75,18284.5,18297.5,8306
03/12/2024,09:03:00,18297.25,18298.0,18274.75,18294.25,5904
03/12/2024,09:06:00,18294.25,18329.0,18293.25,18325.0,7747
03/12/2024,09:09:00,18325.0,18328.25,18301.75,18315.75,6274
03/12/2024,09:12:00,18315.5,18325.5,18295.75,18301.0,5722
03/12/2024,09:15:00,18301.0,18323.25,18296.75,18306.0,4954
03/12/2024,09:18:00,18305.5,18316.0,18294.0,18304.25,4218
03/12/2024,09:21:00,18304.25,18346.75,18301.0,18344.25,6089
03/12/2024,09:24:00,18344.0,18363.75,18337.0,18360.0,7910
03/12/2024,09:27:00,18360.25,18367.25,18349.0,18364.75,4511
03/12/2024,09:30:00,18364.75,18404.5,18364.75,18397.25,9967
03/12/2024,09:33:00,18397.0,18401.0,18386.75,18392.75,5161
03/12/2024,09:36:00,18393.25,18411.0,18391.0,18410.25,4923
03/12/2024,09:39:00,18410.25,18415.0,18397.5,18406.25,5042
03/12/2024,09:42:00,18406.25,18408.75,18395.25,18407.5,3860
03/12/2024,09:45:00,18407.5,18424.75,18401.25,18423.5,5478
03/12/2024,09:48:00,18424.0,18438.25,18420.75,18425.0,5963
03/12/2024,09:51:00,18425.25,18447.0,18424.5,18429.5,6446
03/12/2024,09:54:00,18429.25,18434.75,18414.25,18420.25,5644
03/12/2024,09:57:00,18421.0,18430.25,18402.0,18419.5,4926
03/12/2024,10:00:00,18419.75,18428.0,18409.25,18424.5,4270
03/12/2024,10:03:00,18425.0,18432.75,18404.25,18406.0,4436
03/12/2024,10:06:00,18406.25,18431.25,18398.75,18431.0,3806
03/12/2024,10:09:00,18431.0,18436.75,18424.5,18435.25,3684
03/12/2024,10:12:00,18434.75,18438.5,18424.5,18427.0,2598
03/12/2024,10:15:00,18428.0,18444.75,18428.0,18437.5,2985
03/12/2024,10:18:00,18437.25,18441.5,18431.5,18436.5,2571
03/12/2024,10:21:00,18437.0,18453.25,18426.25,18450.0,4007
03/12/2024,10:24:00,18450.25,18457.5,18446.0,18450.5,3947
03/12/2024,10:27:00,18451.0,18454.75,18445.25,18453.5,2065
03/12/2024,10:30:00,18453.5,18455.75,18432.75,18437.0,3613
03/12/2024,10:33:00,18437.0,18448.75,18428.5,18430.0,3110
03/12/2024,10:36:00,18429.5,18443.5,18429.0,18439.25,2714
03/12/2024,10:39:00,18439.75,18443.25,18401.25,18405.75,5286
03/12/2024,10:42:00,18406.25,18416.75,18402.0,18407.0,6016
03/12/2024,10:45:00,18407.0,18412.0,18388.0,18406.0,5399
03/12/2024,10:48:00,18406.5,18425.25,18402.75,18423.75,3400
03/12/2024,10:51:00,18423.25,18431.0,18419.75,18428.5,2819
03/12/2024,10:54:00,18428.25,18433.25,18419.0,18425.25,2348
03/12/2024,10:57:00,18425.5,18430.75,18414.75,18420.0,2052
03/12/2024,11:00:00,18420.0,18424.75,18389.25,18391.75,4791
03/12/2024,11:03:00,18391.25,18396.25,18385.0,18392.0,4080
03/12/2024,11:06:00,18392.5,18409.75,18388.75,18402.5,4531
03/12/2024,11:09:00,18402.75,18403.0,18386.75,18396.25,2475
03/12/2024,11:12:00,18395.75,18412.75,18393.75,18411.0,1795
03/12/2024,11:15:00,18411.25,18412.0,18396.75,18399.5,1567
03/12/2024,11:18:00,18399.25,18401.75,18385.25,18391.0,2129
03/12/2024,11:21:00,18391.25,18402.75,18379.25,18381.75,3734
03/12/2024,11:24:00,18382.0,18385.5,18372.75,18375.5,3429
03/12/2024,11:27:00,18375.0,18385.75,18373.5,18383.5,1788
03/12/2024,11:30:00,18383.25,18387.0,18374.5,18381.5,2282
03/12/2024,11:33:00,18381.5,18388.5,18372.25,18387.0,3649
03/12/2024,11:36:00,18386.5,18387.75,18350.25,18363.75,5322
03/12/2024,11:39:00,18363.5,18366.0,18350.25,18361.0,3076
03/12/2024,11:42:00,18361.0,18363.75,18349.5,18354.0,2331
03/12/2024,11:45:00,18354.0,18354.0,18323.25,18341.5,6668
03/12/2024,11:48:00,18342.0,18349.0,18335.25,18348.0,3160
03/12/2024,11:51:00,18348.25,18359.75,18347.5,18350.5,4119
03/12/2024,11:54:00,18350.0,18361.75,18340.25,18342.5,3278
03/12/2024,11:57:00,18342.75,18357.5,18335.0,18354.75,2455
03/12/2024,12:00:00,18355.5,18369.75,18328.75,18331.25,5246
03/12/2024,12:03:00,18331.25,18352.0,18330.75,18336.25,2877
03/12/2024,12:06:00,18336.75,18349.75,18323.75,18328.0,3182
03/12/2024,12:09:00,18329.0,18337.25,18324.0,18335.5,2886
03/12/2024,12:12:00,18335.75,18356.75,18333.0,18353.5,2829
03/12/2024,12:15:00,18354.25,18366.5,18349.5,18364.25,2747
03/12/2024,12:18:00,18364.25,18392.0,18362.5,18390.0,4852
03/12/2024,12:21:00,18390.0,18403.75,18389.5,18396.0,3564
03/12/2024,12:24:00,18396.5,18404.0,18385.5,18388.25,3158
03/12/2024,12:27:00,18388.25,18398.25,18376.75,18382.5,2874
03/12/2024,12:30:00,18382.5,18396.25,18380.25,18393.0,2331
03/12/2024,12:33:00,18393.0,18398.0,18390.0,18392.5,1625
03/12/2024,12:36:00,18392.75,18400.25,18386.25,18400.25,2110
03/12/2024,12:39:00,18400.25,18406.0,18394.0,18400.5,2541
03/12/2024,12:42:00,18400.0,18406.0,18398.0,18402.25,1606
03/12/2024,12:45:00,18402.25,18409.5,18392.5,18403.0,2640
03/12/2024,12:48:00,18403.25,18405.5,18395.25,18398.25,1538
03/12/2024,12:51:00,18398.25,18401.5,18387.75,18388.0,1657
03/12/2024,12:54:00,18388.0,18395.25,18381.0,18394.25,2648
03/12/2024,12:57:00,18394.0,18409.25,18393.25,18402.5,2714
03/12/2024,13:00:00,18402.75,18408.75,18397.25,18407.0,1804
03/12/2024,13:03:00,18407.25,18426.25,18406.25,18423.75,3259
03/12/2024,13:06:00,18423.25,18424.0,18410.0,18416.25,2100
03/12/2024,13:09:00,18415.75,18432.75,18414.5,18431.5,2474
03/12/2024,13:12:00,18431.25,18439.5,18416.25,18419.25,2610
03/12/2024,13:15:00,18418.75,18427.0,18418.0,18424.25,1686
03/12/2024,13:18:00,18424.25,18427.75,18417.5,18423.25,1614
03/12/2024,13:21:00,18423.75,18438.25,18422.75,18432.75,2221
03/12/2024,13:24:00,18433.0,18435.75,18429.0,18434.5,1528
03/12/2024,13:27:00,18434.25,18445.5,18429.75,18444.25,1673
03/12/2024,13:30:00,18444.25,18461.0,18440.25,18455.25,3954
03/12/2024,13:33:00,18455.25,18459.25,18447.0,18454.25,2796
03/12/2024,13:36:00,18454.5,18456.5,18438.75,18440.5,2409
03/12/2024,13:39:00,18441.0,18449.25,18428.25,18431.25,2767
03/12/2024,13:42:00,18431.5,18434.0,18409.0,18413.5,5168
03/12/2024,13:45:00,18414.25,18443.25,18411.5,18443.25,3100
03/12/2024,13:48:00,18443.75,18447.0,18438.75,18442.0,2197
03/12/2024,13:51:00,18443.0,18464.5,18442.75,18461.0,3060
03/12/2024,13:54:00,18460.75,18463.0,18450.5,18456.5,1992
03/12/2024,13:57:00,18457.0,18463.75,18451.75,18454.5,2464
03/12/2024,14:00:00,18454.5,18459.0,18435.0,18438.5,3907
03/12/2024,14:03:00,18439.0,18455.5,18437.75,18450.5,2356
03/12/2024,14:06:00,18450.75,18456.75,18446.75,18455.0,1642
03/12/2024,14:09:00,18454.5,18462.0,18453.75,18455.75,2017
03/12/2024,14:12:00,18455.75,18468.0,18455.0,18459.0,2281
03/12/2024,14:15:00,18459.25,18461.25,18439.75,18442.25,2841
03/12/2024,14:18:00,18441.75,18451.5,18435.0,18449.0,2109
03/12/2024,14:21:00,18449.0,18466.5,18447.0,18462.25,2689
03/12/2024,14:24:00,18462.25,18468.0,18460.5,18466.25,1633
03/12/2024,14:27:00,18466.25,18472.0,18457.75,18468.25,3341
03/12/2024,14:30:00,18468.25,18471.25,18459.25,18460.0,3078
03/12/2024,14:33:00,18459.5,18468.5,18455.5,18458.5,2485
03/12/2024,14:36:00,18458.5,18474.75,18458.5,18466.75,2885
03/12/2024,14:39:00,18466.75,18482.0,18462.5,18480.0,2771
03/12/2024,14:42:00,18480.25,18482.5,18466.75,18467.0,2970
03/12/2024,14:45:00,18467.0,18477.25,18463.0,18473.25,2100
03/12/2024,14:48:00,18474.25,18479.75,18466.0,18472.75,2966
03/12/2024,14:51:00,18472.25,18485.0,18470.75,18484.5,3762
03/12/2024,14:54:00,18484.25,18491.0,18474.0,18486.25,6818
03/12/2024,14:57:00,18485.75,18486.5,18473.0,18475.75,9118
03/12/2024,15:00:00,18475.5,18482.25,18470.25,18479.5,3763
03/12/2024,15:03:00,18479.75,18481.5,18468.0,18469.75,1734
03/12/2024,15:06:00,18470.25,18471.25,18465.0,18469.5,1051
03/12/2024,15:09:00,18469.25,18474.75,18468.75,18471.25,1299
03/12/2024,15:12:00,18471.25,18475.25,18466.75,18467.0,1758
03/12/2024,15:15:00,18467.25,18469.5,18466.5,18468.0,292
03/12/2024,15:18:00,18468.0,18469.75,18464.0,18467.0,369
03/12/2024,15:21:00,18467.5,18468.0,18463.75,18467.25,235
03/12/2024,15:24:00,18467.0,18471.0,18466.25,18468.75,185
03/12/2024,15:27:00,18468.5,18474.5,18468.0,18472.75,327
03/12/2024,15:30:00,18472.5,18475.5,18472.0,18474.25,302
03/12/2024,15:33:00,18474.25,18475.25,18472.0,18475.25,145
03/12/2024,15:36:00,18474.75,18476.0,18473.25,18474.25,171
03/12/2024,15:39:00,18474.25,18474.75,18473.0,18474.0,148
03/12/2024,15:42:00,18473.75,18474.0,18470.75,18473.0,193
03/12/2024,15:45:00,18472.75,18474.75,18470.0,18474.75,212
03/12/2024,15:48:00,18474.5,18475.75,18472.75,18475.25,297
03/12/2024,15:51:00,18474.75,18477.0,18474.0,18476.5,238
03/12/2024,15:54:00,18476.25,18480.0,18471.5,18476.0,500
03/12/2024,15:57:00,18475.75,18475.75,18470.75,18471.0,560
03/12/2024,17:00:00,18469.5,18471.0,18456.0,18468.5,443
03/12/2024,17:03:00,18468.0,18468.5,18463.75,18466.5,159
03/12/2024,17:06:00,18466.5,18468.5,18466.5,18468.0,154
03/12/2024,17:09:00,18467.5,18469.5,18467.25,18469.0,122
03/12/2024,17:12:00,18469.25,18470.75,18468.25,18469.75,123
03/12/2024,17:15:00,18470.0,18472.25,18469.25,18471.5,147
03/12/2024,17:18:00,18471.25,18472.5,18470.75,18472.25,35
03/12/2024,17:21:00,18472.25,18473.5,18470.5,18471.0,160
03/12/2024,17:24:00,18471.0,18472.25,18470.75,18472.0,55
03/12/2024,17:27:00,18472.75,18475.0,18471.75,18472.75,103
03/12/2024,17:30:00,18473.5,18477.5,18473.25,18477.0,150
03/12/2024,17:33:00,18477.5,18477.5,18475.0,18475.5,84
03/12/2024,17:36:00,18475.25,18477.0,18474.25,18476.25,66
03/12/2024,17:39:00,18476.0,18476.75,18473.75,18473.75,103
03/12/2024,17:42:00,18473.75,18475.5,18473.5,18475.0,64
03/12/2024,17:45:00,18475.0,18476.0,18473.75,18475.25,77
03/12/2024,17:48:00,18475.25,18477.25,18475.25,18476.75,68
03/12/2024,17:51:00,18477.0,18480.75,18477.0,18479.0,179
03/12/2024,17:54:00,18478.75,18479.0,18476.75,18478.0,105
03/12/2024,17:57:00,18477.5,18477.75,18475.0,18475.5,91
03/12/2024,18:00:00,18475.25,18477.0,18472.0,18473.0,152
03/12/2024,18:03:00,18473.0,18478.75,18473.0,18476.75,122
03/12/2024,18:06:00,18477.0,18478.25,18475.75,18476.5,79
03/12/2024,18:09:00,18476.25,18476.5,18474.25,18474.5,37
03/12/2024,18:12:00,18474.75,18476.25,18474.0,18476.0,52
03/12/2024,18:15:00,18476.5,18481.75,18476.5,18480.75,177
03/12/2024,18:18:00,18481.0,18485.0,18479.25,18484.75,187
03/12/2024,18:21:00,18484.75,18488.0,18484.0,18487.25,187
03/12/2024,18:24:00,18487.0,18488.25,18484.25,18486.75,123
03/12/2024,18:27:00,18486.25,18486.25,18482.25,18483.25,152
03/12/2024,18:30:00,18484.0,18486.25,18484.0,18485.5,187
03/12/2024,18:33:00,18485.25,18485.5,18483.0,18483.75,88
03/12/2024,18:36:00,18484.25,18485.0,18480.75,18484.5,134
03/12/2024,18:39:00,18484.25,18484.25,18481.5,18482.5,90
03/12/2024,18:42:00,18482.5,18482.75,18480.0,18480.75,148
03/12/2024,18:45:00,18480.75,18481.5,18478.5,18480.25,155
03/12/2024,18:48:00,18480.25,18481.0,18478.75,18479.25,68
03/12/2024,18:51:00,18478.5,18479.25,18476.25,18476.25,120
03/12/2024,18:54:00,18476.75,18478.5,18474.75,18477.0,103
03/12/2024,18:57:00,18477.25,18480.0,18476.5,18478.25,89
03/12/2024,19:00:00,18478.5,18478.75,18475.25,18475.5,115
03/12/2024,19:03:00,18475.0,18476.0,18472.75,18474.25,160
03/12/2024,19:06:00,18474.75,18478.0,18474.5,18474.5,86
03/12/2024,19:09:00,18475.0,18475.0,18473.0,18473.75,73
03/12/2024,19:12:00,18473.25,18474.5,18472.5,18472.5,98
03/12/2024,19:15:00,18472.5,18474.5,18471.75,18473.5,150
03/12/2024,19:18:00,18473.5,18476.0,18473.25,18475.25,60
03/12/2024,19:21:00,18475.25,18480.5,18475.0,18479.5,216
03/12/2024,19:24:00,18480.25,18480.25,18477.25,18478.0,73
03/12/2024,19:27:00,18477.75,18481.0,18476.5,18478.75,86
03/12/2024,19:30:00,18478.25,18478.75,18473.0,18474.75,219
03/12/2024,19:33:00,18475.25,18475.5,18471.75,18472.0,79
03/12/2024,19:36:00,18472.5,18473.25,18471.5,18472.75,84
03/12/2024,19:39:00,18472.5,18472.75,18460.0,18462.0,422
03/12/2024,19:42:00,18461.5,18464.0,18458.5,18460.5,223
03/12/2024,19:45:00,18460.0,18467.25,18460.0,18466.25,242
03/12/2024,19:48:00,18465.75,18465.75,18461.0,18464.5,160
03/12/2024,19:51:00,18464.25,18466.25,18462.75,18463.75,197
03/12/2024,19:54:00,18463.0,18463.25,18458.0,18459.0,225
03/12/2024,19:57:00,18459.25,18463.5,18458.0,18461.5,288
03/12/2024,20:00:00,18461.25,18464.5,18460.25,18460.5,216
03/12/2024,20:03:00,18460.25,18463.0,18459.0,18460.75,136
03/12/2024,20:06:00,18460.5,18462.0,18458.5,18459.75,205
03/12/2024,20:09:00,18459.75,18461.5,18458.5,18459.5,92
03/12/2024,20:12:00,18459.0,18462.0,18457.75,18458.5,96
03/12/2024,20:15:00,18458.0,18462.25,18457.5,18459.75,105
03/12/2024,20:18:00,18460.0,18462.0,18458.0,18458.75,113
03/12/2024,20:21:00,18459.0,18460.0,18456.0,18460.0,205
03/12/2024,20:24:00,18460.0,18463.75,18459.75,18461.0,185
03/12/2024,20:27:00,18461.0,18462.25,18459.75,18460.75,143
03/12/2024,20:30:00,18461.25,18463.0,18459.0,18462.0,104
03/12/2024,20:33:00,18461.5,18462.25,18458.5,18459.75,106
03/12/2024,20:36:00,18459.0,18460.5,18452.75,18459.5,348
03/12/2024,20:39:00,18460.0,18462.0,18456.25,18457.0,97
03/12/2024,20:42:00,18457.0,18458.75,18456.0,18456.75,98
03/12/2024,20:45:00,18456.75,18459.5,18455.75,18458.75,95
03/12/2024,20:48:00,18458.25,18459.5,18456.25,18458.0,113
03/12/2024,20:51:00,18458.25,18458.75,18456.5,18458.0,56
03/12/2024,20:54:00,18457.75,18458.75,18456.5,18458.0,110
03/12/2024,20:57:00,18458.0,18461.5,18458.0,18461.25,191
03/12/2024,21:00:00,18461.75,18463.25,18459.5,18460.0,187
03/12/2024,21:03:00,18460.5,18460.5,18458.25,18458.25,72
03/12/2024,21:06:00,18458.5,18460.0,18457.5,18457.5,80
03/12/2024,21:09:00,18457.5,18462.0,18456.75,18461.25,146
03/12/2024,21:12:00,18461.5,18462.0,18459.25,18461.0,68
03/12/2024,21:15:00,18461.5,18461.75,18460.0,18461.0,56
03/12/2024,21:18:00,18461.0,18461.0,18456.75,18456.75,106
03/12/2024,21:21:00,18458.0,18462.75,18457.5,18462.5,116
03/12/2024,21:24:00,18462.0,18462.5,18457.25,18457.75,91
03/12/2024,21:27:00,18458.0,18458.75,18455.75,18457.0,133
03/12/2024,21:30:00,18456.75,18458.5,18455.25,18457.5,97
03/12/2024,21:33:00,18456.25,18457.5,18455.5,18456.25,58
03/12/2024,21:36:00,18456.5,18458.25,18453.75,18454.75,164
03/12/2024,21:39:00,18454.5,18457.25,18453.25,18456.75,126
03/12/2024,21:42:00,18456.75,18458.25,18456.75,18457.75,57
03/12/2024,21:45:00,18457.25,18457.5,18454.5,18454.5,70
03/12/2024,21:48:00,18454.0,18455.5,18451.25,18455.5,205
03/12/2024,21:51:00,18455.5,18456.25,18454.25,18455.0,72
03/12/2024,21:54:00,18455.25,18457.5,18454.25,18454.5,62
03/12/2024,21:57:00,18454.5,18455.25,18452.25,18452.5,71
03/12/2024,22:00:00,18452.5,18453.25,18449.25,18451.25,189
03/12/2024,22:03:00,18451.25,18451.5,18448.25,18450.75,91
03/12/2024,22:06:00,18450.75,18451.0,18447.75,18448.75,123
03/12/2024,22:09:00,18448.75,18452.25,18448.75,18451.5,78
03/12/2024,22:12:00,18451.5,18451.5,18448.5,18448.75,59
03/12/2024,22:15:00,18448.75,18450.0,18444.5,18449.25,224
03/12/2024,22:18:00,18449.25,18450.25,18447.75,18450.25,88
03/12/2024,22:21:00,18449.5,18452.25,18449.25,18452.0,77
03/12/2024,22:24:00,18452.0,18453.5,18450.0,18450.75,125
03/12/2024,22:27:00,18450.75,18453.5,18450.75,18452.75,83
03/12/2024,22:30:00,18452.5,18456.25,18451.75,18455.5,154
03/12/2024,22:33:00,18455.25,18455.5,18451.25,18451.25,70
03/12/2024,22:36:00,18451.25,18453.75,18451.25,18452.75,85
03/12/2024,22:39:00,18452.0,18452.25,18448.75,18450.0,109
03/12/2024,22:42:00,18449.75,18452.0,18448.75,18452.0,92
03/12/2024,22:45:00,18452.0,18454.5,18451.5,18453.75,113
03/12/2024,22:48:00,18454.0,18457.5,18453.75,18455.75,201
03/12/2024,22:51:00,18455.75,18455.75,18453.5,18455.5,41
03/12/2024,22:54:00,18457.0,18458.25,18455.5,18456.25,144
03/12/2024,22:57:00,18456.25,18457.0,18455.75,18456.0,20
03/12/2024,23:00:00,18456.5,18459.75,18455.75,18458.0,167
03/12/2024,23:03:00,18458.0,18460.5,18457.25,18460.0,94
03/12/2024,23:06:00,18459.5,18460.5,18459.5,18460.5,95
03/12/2024,23:09:00,18460.0,18460.75,18459.5,18460.25,92
03/12/2024,23:12:00,18460.0,18465.0,18459.25,18463.75,275
03/12/2024,23:15:00,18464.0,18464.5,18459.75,18461.75,167
03/12/2024,23:18:00,18461.5,18461.75,18459.25,18459.5,79
03/12/2024,23:21:00,18459.5,18461.0,18459.25,18460.5,89
03/12/2024,23:24:00,18460.5,18460.5,18459.0,18460.0,61
03/12/2024,23:27:00,18459.75,18462.75,18459.5,18462.25,59
03/12/2024,23:30:00,18462.75,18463.0,18460.0,18462.0,121
03/12/2024,23:33:00,18462.0,18464.25,18460.75,18461.5,115
03/12/2024,23:36:00,18461.25,18462.5,18461.25,18462.0,55
03/12/2024,23:39:00,18462.25,18463.25,18461.75,18462.75,48
03/12/2024,23:42:00,18462.25,18463.75,18462.0,18463.5,98
03/12/2024,23:45:00,18463.5,18466.25,18463.0,18466.0,161
03/12/2024,23:48:00,18466.25,18467.0,18464.5,18466.75,188
03/12/2024,23:51:00,18467.0,18467.75,18465.75,18467.25,58
03/12/2024,23:54:00,18467.0,18470.25,18466.75,18467.5,314
03/12/2024,23:57:00,18467.25,18468.75,18467.0,18468.0,105
03/13/2024,00:00:00,18467.75,18471.25,18466.75,18470.25,169
03/13/2024,00:03:00,18470.25,18472.5,18468.5,18471.0,170
03/13/2024,00:06:00,18471.25,18475.0,18471.25,18473.5,172
03/13/2024,00:09:00,18473.75,18474.0,18469.75,18472.75,205
03/13/2024,00:12:00,18472.5,18473.5,18471.5,18471.5,84
03/13/2024,00:15:00,18471.25,18472.5,18468.5,18469.75,210
03/13/2024,00:18:00,18469.5,18471.0,18468.75,18470.25,108
03/13/2024,00:21:00,18470.0,18475.5,18470.0,18474.75,194
03/13/2024,00:24:00,18474.0,18478.75,18474.0,18478.25,236
03/13/2024,00:27:00,18478.25,18481.5,18478.25,18479.25,242
03/13/2024,00:30:00,18479.25,18479.25,18476.25,18476.25,171
03/13/2024,00:33:00,18476.5,18479.5,18475.5,18479.0,137
03/13/2024,00:36:00,18479.5,18484.25,18479.5,18483.0,242
03/13/2024,00:39:00,18483.5,18484.0,18479.25,18480.0,181
03/13/2024,00:42:00,18479.25,18479.25,18475.25,18477.25,206
03/13/2024,00:45:00,18477.5,18479.25,18475.75,18479.25,129
03/13/2024,00:48:00,18479.25,18480.5,18477.0,18478.5,184
03/13/2024,00:51:00,18478.25,18480.0,18477.5,18479.25,71
03/13/2024,00:54:00,18478.5,18484.5,18478.25,18483.0,169
03/13/2024,00:57:00,18483.0,18485.75,18482.5,18482.75,228
03/13/2024,01:00:00,18483.5,18483.5,18478.5,18479.0,186
03/13/2024,01:03:00,18478.75,18479.25,18476.5,18478.25,151
03/13/2024,01:06:00,18479.25,18480.75,18476.75,18476.75,199
03/13/2024,01:09:00,18476.5,18478.5,18473.5,18477.25,218
03/13/2024,01:12:00,18477.5,18478.0,18475.5,18477.25,76
03/13/2024,01:15:00,18477.75,18478.25,18474.25,18475.0,113
03/13/2024,01:18:00,18474.75,18475.0,18472.0,18474.75,241
03/13/2024,01:21:00,18474.25,18474.25,18469.5,18471.75,217
03/13/2024,01:24:00,18471.75,18472.75,18471.0,18471.0,77
03/13/2024,01:27:00,18471.5,18471.5,18466.75,18466.75,215
03/13/2024,01:30:00,18467.25,18472.0,18466.75,18468.0,232
03/13/2024,01:33:00,18468.25,18473.5,18468.25,18473.25,155
03/13/2024,01:36:00,18472.75,18474.75,18469.25,18472.5,253
03/13/2024,01:39:00,18473.25,18475.25,18471.0,18473.0,110
03/13/2024,01:42:00,18473.5,18474.75,18472.0,18474.0,96
03/13/2024,01:45:00,18474.25,18474.25,18470.75,18473.25,125
03/13/2024,01:48:00,18473.75,18473.75,18469.25,18470.5,96
03/13/2024,01:51:00,18470.25,18472.5,18468.75,18472.0,83
03/13/2024,01:54:00,18471.75,18476.25,18471.75,18472.5,140
03/13/2024,01:57:00,18472.75,18476.0,18472.5,18474.75,99
03/13/2024,02:00:00,18474.25,18488.0,18474.0,18487.5,746
03/13/2024,02:03:00,18487.75,18498.75,18486.0,18487.25,1116
03/13/2024,02:06:00,18487.0,18497.75,18487.0,18492.75,364
03/13/2024,02:09:00,18491.25,18497.25,18490.75,18496.5,260
03/13/2024,02:12:00,18496.5,18497.0,18492.75,18496.5,174
03/13/2024,02:15:00,18496.5,18498.5,18488.25,18493.75,420
03/13/2024,02:18:00,18494.0,18504.25,18493.75,18502.75,775
03/13/2024,02:21:00,18502.0,18503.5,18498.5,18501.0,365
03/13/2024,02:24:00,18501.0,18503.0,18498.25,18499.0,180
03/13/2024,02:27:00,18499.5,18503.75,18497.25,18502.25,142
03/13/2024,02:30:00,18501.5,18502.75,18495.5,18495.5,240
03/13/2024,02:33:00,18495.75,18498.0,18493.75,18497.0,236
03/13/2024,02:36:00,18496.5,18504.25,18496.5,18499.75,634
03/13/2024,02:39:00,18499.0,18499.0,18491.5,18493.75,231
03/13/2024,02:42:00,18494.25,18498.5,18493.75,18496.5,215
03/13/2024,02:45:00,18497.0,18498.5,18494.75,18496.25,154
03/13/2024,02:48:00,18495.75,18500.0,18493.25,18498.25,174
03/13/2024,02:51:00,18497.25,18499.25,18495.0,18498.5,170
03/13/2024,02:54:00,18498.25,18502.0,18498.0,18501.0,217
03/13/2024,02:57:00,18501.0,18501.0,18495.25,18497.75,140
03/13/2024,03:00:00,18498.25,18506.75,18495.0,18497.0,953
03/13/2024,03:03:00,18497.25,18497.75,18482.5,18485.5,866
03/13/2024,03:06:00,18485.25,18488.25,18478.5,18482.75,699
03/13/2024,03:09:00,18482.5,18487.5,18479.25,18481.75,675
03/13/2024,03:12:00,18481.75,18484.25,18478.5,18480.5,326
03/13/2024,03:15:00,18480.5,18484.0,18474.25,18481.0,684
03/13/2024,03:18:00,18480.5,18489.75,18477.25,18485.5,503
03/13/2024,03:21:00,18485.25,18485.25,18476.5,18480.0,513
03/13/2024,03:24:00,18479.25,18479.25,18465.75,18468.25,735
03/13/2024,03:27:00,18468.5,18471.25,18453.0,18453.5,765
03/13/2024,03:30:00,18453.75,18457.25,18442.25,18455.5,1192
03/13/2024,03:33:00,18455.75,18461.75,18454.5,18461.0,465
03/13/2024,03:36:00,18460.25,18460.75,18452.5,18454.5,397
03/13/2024,03:39:00,18455.0,18457.75,18449.5,18452.0,458
03/13/2024,03:42:00,18451.25,18453.75,18448.5,18450.0,377
03/13/2024,03:45:00,18450.0,18453.25,18445.25,18445.25,371
03/13/2024,03:48:00,18445.75,18451.75,18440.5,18441.0,816
03/13/2024,03:51:00,18440.75,18450.0,18437.0,18449.25,724
03/13/2024,03:54:00,18448.75,18461.0,18448.5,18460.0,644
03/13/2024,03:57:00,18460.5,18461.5,18457.0,18461.0,437
03/13/2024,04:00:00,18461.75,18462.5,18452.25,18452.25,485
03/13/2024,04:03:00,18452.0,18452.0,18441.0,18446.75,545
03/13/2024,04:06:00,18447.5,18451.5,18443.25,18445.25,288
03/13/2024,04:09:00,18445.25,18454.5,18443.75,18453.0,493
03/13/2024,04:12:00,18452.25,18460.75,18451.75,18458.5,390
03/13/2024,04:15:00,18460.0,18461.25,18444.75,18453.25,842
03/13/2024,04:18:00,18453.0,18458.5,18447.75,18449.75,403
03/13/2024,04:21:00,18449.75,18454.25,18448.0,18452.25,235
03/13/2024,04:24:00,18452.25,18456.75,18448.5,18454.5,242
03/13/2024,04:27:00,18455.75,18461.75,18454.75,18460.5,394
03/13/2024,04:30:00,18459.5,18459.75,18452.5,18453.0,341
03/13/2024,04:33:00,18452.75,18456.25,18446.5,18454.75,443
03/13/2024,04:36:00,18454.25,18457.25,18450.25,18455.25,195
03/13/2024,04:39:00,18454.75,18456.5,18451.25,18452.75,204
03/13/2024,04:42:00,18454.0,18460.0,18454.0,18455.0,271
03/13/2024,04:45:00,18454.75,18460.25,18453.75,18454.75,258
03/13/2024,04:48:00,18454.0,18459.75,18451.75,18459.5,255
03/13/2024,04:51:00,18459.0,18460.0,18452.0,18453.25,286
03/13/2024,04:54:00,18453.0,18457.25,18451.25,18454.5,190
03/13/2024,04:57:00,18456.0,18458.75,18452.5,18458.5,230
03/13/2024,05:00:00,18457.75,18461.5,18455.75,18461.0,428
03/13/2024,05:03:00,18460.75,18461.25,18453.5,18454.25,330
03/13/2024,05:06:00,18454.25,18454.25,18448.25,18449.25,335
03/13/2024,05:09:00,18449.0,18457.5,18445.75,18456.5,655
03/13/2024,05:12:00,18456.75,18459.75,18453.25,18454.0,275
03/13/2024,05:15:00,18453.25,18458.25,18451.75,18457.0,193
03/13/2024,05:18:00,18457.0,18461.75,18455.0,18459.25,269
03/13/2024,05:21:00,18459.0,18462.5,18456.5,18459.0,216
03/13/2024,05:24:00,18458.75,18463.0,18457.5,18458.0,300
03/13/2024,05:27:00,18458.25,18459.75,18454.5,18458.0,216
03/13/2024,05:30:00,18457.75,18458.25,18452.75,18454.25,309
03/13/2024,05:33:00,18454.25,18454.5,18450.5,18452.5,266
03/13/2024,05:36:00,18453.0,18459.25,18452.25,18456.0,294
03/13/2024,05:39:00,18457.25,18457.5,18454.0,18456.0,242
03/13/2024,05:42:00,18455.75,18463.75,18454.5,18461.75,225
03/13/2024,05:45:00,18461.5,18467.25,18461.5,18466.0,394
03/13/2024,05:48:00,18466.0,18471.5,18466.0,18467.75,480
03/13/2024,05:51:00,18468.5,18470.25,18466.0,18467.25,231
03/13/2024,05:54:00,18467.0,18471.75,18466.25,18469.75,217
03/13/2024,05:57:00,18470.5,18476.5,18470.0,18475.5,424
03/13/2024,06:00:00,18475.5,18479.25,18470.75,18478.75,451
03/13/2024,06:03:00,18478.5,18481.5,18474.0,18475.75,494
03/13/2024,06:06:00,18475.75,18483.0,18475.25,18482.0,389
03/13/2024,06:09:00,18482.5,18484.75,18479.75,18484.25,492
03/13/2024,06:12:00,18484.25,18485.5,18477.75,18478.0,439
03/13/2024,06:15:00,18478.0,18482.0,18476.75,18478.25,392
03/13/2024,06:18:00,18478.0,18485.0,18477.5,18484.5,405
03/13/2024,06:21:00,18484.5,18485.0,18478.5,18479.75,264
03/13/2024,06:24:00,18478.75,18481.75,18477.25,18477.75,238
03/13/2024,06:27:00,18477.5,18481.5,18472.0,18480.5,540
03/13/2024,06:30:00,18481.25,18482.25,18477.0,18481.0,292
03/13/2024,06:33:00,18480.5,18485.0,18480.5,18484.0,417
03/13/2024,06:36:00,18484.25,18486.5,18481.0,18482.5,292
03/13/2024,06:39:00,18482.0,18483.25,18473.75,18474.25,402
03/13/2024,06:42:00,18473.75,18482.75,18472.75,18481.75,410
03/13/2024,06:45:00,18482.5,18484.5,18479.25,18480.25,275
03/13/2024,06:48:00,18480.75,18482.75,18476.25,18476.25,282
03/13/2024,06:51:00,18477.0,18479.5,18468.5,18470.75,665
03/13/2024,06:54:00,18470.5,18471.25,18461.75,18462.75,596
03/13/2024,06:57:00,18462.75,18464.5,18460.5,18461.25,540
03/13/2024,07:00:00,18461.0,18467.25,18460.25,18466.25,829
03/13/2024,07:03:00,18465.5,18466.0,18449.5,18454.25,1411
03/13/2024,07:06:00,18454.25,18457.5,18451.0,18456.25,511
03/13/2024,07:09:00,18456.25,18456.25,18446.0,18447.0,686
03/13/2024,07:12:00,18447.25,18459.75,18447.25,18455.25,846
03/13/2024,07:15:00,18455.75,18457.25,18446.5,18448.5,855
03/13/2024,07:18:00,18448.5,18449.25,18443.75,18448.0,604
03/13/2024,07:21:00,18448.0,18448.75,18440.75,18441.25,758
03/13/2024,07:24:00,18441.0,18441.25,18432.75,18437.75,1368
03/13/2024,07:27:00,18437.75,18439.75,18425.75,18430.5,1104
03/13/2024,07:30:00,18430.25,18430.5,18422.25,18426.25,1303
03/13/2024,07:33:00,18426.5,18429.0,18413.0,18422.5,1695
03/13/2024,07:36:00,18423.0,18423.25,18413.75,18420.0,1114
03/13/2024,07:39:00,18419.75,18421.75,18412.0,18418.0,738
03/13/2024,07:42:00,18417.5,18426.75,18416.75,18423.25,1136
03/13/2024,07:45:00,18422.75,18428.25,18419.75,18423.5,855
03/13/2024,07:48:00,18422.75,18427.0,18416.75,18419.0,740
03/13/2024,07:51:00,18418.5,18420.0,18413.75,18414.5,818
03/13/2024,07:54:00,18415.0,18420.25,18413.25,18415.75,688
03/13/2024,07:57:00,18415.5,18427.25,18415.25,18425.5,921
03/13/2024,08:00:00,18425.0,18428.75,18418.5,18427.75,963
03/13/2024,08:03:00,18427.5,18434.25,18426.75,18432.5,1327
03/13/2024,08:06:00,18432.75,18435.0,18427.0,18431.75,869
03/13/2024,08:09:00,18432.0,18438.25,18430.75,18436.0,1039
03/13/2024,08:12:00,18436.0,18440.5,18434.5,18439.5,1200
03/13/2024,08:15:00,18440.0,18441.5,18433.5,18438.0,1114
03/13/2024,08:18:00,18437.75,18440.75,18434.5,18435.5,1003
03/13/2024,08:21:00,18436.0,18437.0,18430.5,18432.25,925
03/13/2024,08:24:00,18432.5,18438.0,18429.25,18435.75,1286
03/13/2024,08:27:00,18435.5,18439.25,18424.25,18428.25,3039
03/13/2024,08:30:00,18428.5,18429.75,18382.75,18391.75,19389
03/13/2024,08:33:00,18391.75,18407.75,18386.5,18401.5,13908
03/13/2024,08:36:00,18401.0,18407.0,18387.25,18394.5,10776
03/13/2024,08:39:00,18394.0,18397.75,18370.75,18392.5,14442
03/13/2024,08:42:00,18392.75,18394.25,18366.5,18370.25,10862
03/13/2024,08:45:00,18370.5,18371.75,18346.0,18353.25,14160
03/13/2024,08:48:00,18352.5,18359.5,18335.5,18354.75,13032
03/13/2024,08:51:00,18354.5,18358.75,18342.75,18350.0,7395
03/13/2024,08:54:00,18350.25,18362.25,18341.75,18348.0,7749
03/13/2024,08:57:00,18348.0,18352.75,18337.75,18338.5,6449
03/13/2024,09:00:00,18339.0,18340.25,18302.75,18320.0,13109
03/13/2024,09:03:00,18320.0,18336.25,18312.0,18332.25,7564
03/13/2024,09:06:00,18332.25,18339.5,18320.0,18325.75,5900
03/13/2024,09:09:00,18325.25,18349.75,18320.25,18348.5,7279
03/13/2024,09:12:00,18348.25,18358.75,18326.25,18327.75,7280
03/13/2024,09:15:00,18327.75,18344.5,18322.75,18331.0,5797
03/13/2024,09:18:00,18330.5,18351.0,18328.5,18348.0,5346
03/13/2024,09:21:00,18348.25,18354.0,18327.25,18343.0,5492
03/13/2024,09:24:00,18343.25,18352.5,18336.0,18339.75,4590
03/13/2024,09:27:00,18339.5,18350.0,18335.5,18342.75,3850
03/13/2024,09:30:00,18342.25,18354.25,18338.0,18346.25,5062
03/13/2024,09:33:00,18346.25,18368.0,18345.25,18348.25,6950
03/13/2024,09:36:00,18348.0,18358.25,18332.5,18354.5,6497
03/13/2024,09:39:00,18355.0,18355.5,18342.5,18352.25,4173
03/13/2024,09:42:00,18352.0,18382.25,18350.0,18381.25,7797
03/13/2024,09:45:00,18381.0,18384.5,18360.25,18365.25,6639
03/13/2024,09:48:00,18365.25,18367.5,18350.25,18355.5,4396
03/13/2024,09:51:00,18355.5,18363.5,18329.0,18333.25,6128
03/13/2024,09:54:00,18333.5,18338.75,18314.0,18315.75,6286
03/13/2024,09:57:00,18315.5,18335.25,18315.0,18332.25,5363
03/13/2024,10:00:00,18333.0,18340.0,18324.0,18336.5,4816
03/13/2024,10:03:00,18336.75,18361.5,18335.0,18357.0,4700
03/13/2024,10:06:00,18356.75,18362.5,18339.25,18344.5,4027
03/13/2024,10:09:00,18344.5,18364.0,18344.0,18358.25,3928
03/13/2024,10:12:00,18358.0,18365.5,18342.5,18344.25,3742
03/13/2024,10:15:00,18344.25,18353.5,18341.0,18352.75,3018
03/13/2024,10:18:00,18353.0,18363.75,18347.5,18351.0,3505
03/13/2024,10:21:00,18351.25,18357.75,18343.75,18343.75,2752
03/13/2024,10:24:00,18344.25,18350.25,18337.75,18341.5,3246
03/13/2024,10:27:00,18341.5,18346.0,18316.25,18321.0,5466
03/13/2024,10:30:00,18321.5,18339.75,18313.25,18337.0,5596
03/13/2024,10:33:00,18337.0,18337.25,18320.75,18331.25,3394
03/13/2024,10:36:00,18331.0,18338.25,18325.0,18326.0,3013
03/13/2024,10:39:00,18326.0,18328.75,18299.25,18304.25,5778
03/13/2024,10:42:00,18304.25,18304.25,18281.75,18298.75,7058
03/13/2024,10:45:00,18299.0,18302.75,18289.5,18296.0,5388
03/13/2024,10:48:00,18296.0,18315.75,18294.75,18312.75,5223
03/13/2024,10:51:00,18312.75,18320.5,18309.25,18316.75,3605
03/13/2024,10:54:00,18316.75,18338.25,18314.0,18333.0,5462
03/13/2024,10:57:00,18332.75,18339.5,18327.25,18334.75,3014
03/13/2024,11:00:00,18334.5,18337.5,18320.5,18326.75,3399
03/13/2024,11:03:00,18326.25,18336.75,18321.0,18336.25,3046
03/13/2024,11:06:00,18336.5,18341.75,18326.0,18329.0,3057
03/13/2024,11:09:00,18329.0,18334.25,18321.0,18330.25,2480
03/13/2024,11:12:00,18330.75,18339.25,18328.25,18333.25,2358
03/13/2024,11:15:00,18333.5,18341.75,18331.25,18335.25,2163
03/13/2024,11:18:00,18335.5,18345.0,18332.0,18338.0,2401
03/13/2024,11:21:00,18337.5,18345.5,18335.75,18338.75,2107
03/13/2024,11:24:00,18338.75,18349.25,18337.25,18340.25,2182
03/13/2024,11:27:00,18340.5,18343.0,18330.25,18334.25,2426
03/13/2024,11:30:00,18334.75,18344.5,18319.25,18322.5,3505
03/13/2024,11:33:00,18322.5,18331.5,18319.25,18330.0,2833
03/13/2024,11:36:00,18330.0,18334.5,18324.25,18333.25,1748
03/13/2024,11:39:00,18333.25,18344.75,18332.0,18343.25,2317
03/13/2024,11:42:00,18343.0,18353.75,18342.25,18349.75,2960
03/13/2024,11:45:00,18349.75,18356.75,18348.25,18352.75,2627
03/13/2024,11:48:00,18352.75,18362.0,18347.5,18355.25,2836
03/13/2024,11:51:00,18355.75,18355.75,18348.0,18348.5,1465
03/13/2024,11:54:00,18347.75,18358.0,18345.25,18352.5,1812
03/13/2024,11:57:00,18353.0,18356.75,18346.5,18351.75,1619
03/13/2024,12:00:00,18351.5,18379.0,18350.75,18373.75,6848
03/13/2024,12:03:00,18373.75,18374.5,18359.25,18366.75,3528
03/13/2024,12:06:00,18366.75,18389.5,18366.0,18384.25,4277
03/13/2024,12:09:00,18384.75,18392.25,18376.75,18384.75,3163
03/13/2024,12:12:00,18384.75,18385.75,18372.25,18374.75,2609
03/13/2024,12:15:00,18374.25,18379.75,18353.0,18356.75,4011
03/13/2024,12:18:00,18357.25,18365.75,18355.5,18360.75,2260
03/13/2024,12:21:00,18360.5,18369.25,18359.5,18365.0,1587
03/13/2024,12:24:00,18365.5,18379.0,18362.0,18374.5,2364
03/13/2024,12:27:00,18374.75,18385.5,18373.75,18384.5,2262
03/13/2024,12:30:00,18385.0,18396.0,18379.0,18381.5,4072
03/13/2024,12:33:00,18382.0,18382.0,18364.25,18372.75,3373
03/13/2024,12:36:00,18373.0,18389.0,18371.75,18380.5,2705
03/13/2024,12:39:00,18380.5,18384.25,18374.0,18376.25,1954
03/13/2024,12:42:00,18376.0,18379.0,18366.25,18367.25,2522
03/13/2024,12:45:00,18367.5,18382.5,18366.25,18380.5,2427
03/13/2024,12:48:00,18380.5,18382.25,18365.5,18378.25,3155
03/13/2024,12:51:00,18378.25,18393.5,18375.0,18393.25,2827
03/13/2024,12:54:00,18393.5,18398.25,18386.5,18387.0,3378
03/13/2024,12:57:00,18386.75,18395.25,18385.5,18388.0,2390
03/13/2024,13:00:00,18387.75,18395.5,18380.25,18386.25,2998
03/13/2024,13:03:00,18386.0,18387.5,18378.25,18384.5,2343
03/13/2024,13:06:00,18384.25,18388.75,18377.25,18380.0,2559
03/13/2024,13:09:00,18380.25,18381.5,18367.5,18375.5,3295
03/13/2024,13:12:00,18375.5,18386.5,18374.75,18377.0,2234
03/13/2024,13:15:00,18376.75,18385.75,18372.5,18379.5,2296
03/13/2024,13:18:00,18379.5,18381.0,18373.75,18379.5,1442
03/13/2024,13:21:00,18379.5,18388.75,18375.75,18384.25,1875
03/13/2024,13:24:00,18384.0,18391.25,18382.0,18384.75,1577
03/13/2024,13:27:00,18384.25,18389.5,18379.5,18383.5,1694
03/13/2024,13:30:00,18384.0,18394.25,18383.0,18391.0,1899
03/13/2024,13:33:00,18392.0,18393.75,18386.25,18387.5,1417
03/13/2024,13:36:00,18387.5,18389.5,18377.5,18384.75,2092
03/13/2024,13:39:00,18384.75,18400.5,18381.75,18400.25,2986
03/13/2024,13:42:00,18400.25,18401.0,18382.0,18389.5,2747
03/13/2024,13:45:00,18389.5,18395.75,18382.0,18394.25,2740
03/13/2024,13:48:00,18394.0,18395.75,18383.75,18392.5,2303
03/13/2024,13:51:00,18392.5,18404.25,18391.0,18397.0,2582
03/13/2024,13:54:00,18397.5,18397.75,18389.5,18391.5,1687
03/13/2024,13:57:00,18391.5,18393.0,18376.25,18379.5,2970
03/13/2024,14:00:00,18379.5,18389.5,18377.0,18379.5,2410
03/13/2024,14:03:00,18379.25,18387.5,18372.0,18376.0,2911
03/13/2024,14:06:00,18376.0,18382.25,18368.75,18374.0,3114
03/13/2024,14:09:00,18373.25,18382.5,18366.5,18368.25,2923
03/13/2024,14:12:00,18368.25,18376.25,18363.25,18369.75,2953
03/13/2024,14:15:00,18370.0,18382.75,18366.75,18382.5,2448
03/13/2024,14:18:00,18382.75,18387.25,18379.5,18382.25,2506
03/13/2024,14:21:00,18382.75,18384.0,18367.0,18367.25,2824
03/13/2024,14:24:00,18367.75,18370.75,18357.25,18367.5,4022
03/13/2024,14:27:00,18367.25,18367.5,18288.75,18314.25,12118
03/13/2024,14:30:00,18314.5,18338.75,18306.25,18311.75,9388
03/13/2024,14:33:00,18311.25,18326.75,18309.25,18321.5,4127
03/13/2024,14:36:00,18321.5,18328.25,18311.25,18316.5,3853
03/13/2024,14:39:00,18316.75,18326.25,18313.5,18324.75,3012
03/13/2024,14:42:00,18325.0,18341.75,18320.5,18332.25,4429
03/13/2024,14:45:00,18332.0,18348.75,18320.0,18343.5,4265
03/13/2024,14:48:00,18343.5,18351.75,18333.5,18338.0,4544
03/13/2024,14:51:00,18338.0,18338.0,18317.0,18319.25,4408
03/13/2024,14:54:00,18319.0,18336.0,18310.25,18330.0,6487
03/13/2024,14:57:00,18329.5,18333.5,18322.5,18330.25,8928
03/13/2024,15:00:00,18330.75,18342.5,18325.0,18331.75,3822
03/13/2024,15:03:00,18331.5,18337.75,18325.75,18337.25,1590
03/13/2024,15:06:00,18337.5,18341.75,18332.75,18337.75,885
03/13/2024,15:09:00,18337.25,18343.5,18337.25,18341.0,1015
03/13/2024,15:12:00,18341.5,18347.75,18341.25,18345.25,652
03/13/2024,15:15:00,18345.5,18347.0,18340.75,18346.0,722
03/13/2024,15:18:00,18346.5,18346.5,18343.25,18344.0,125
03/13/2024,15:21:00,18344.75,18345.5,18343.0,18343.5,182
03/13/2024,15:24:00,18343.0,18347.75,18342.75,18347.5,195
03/13/2024,15:27:00,18347.75,18348.75,18346.25,18348.0,204
03/13/2024,15:30:00,18347.75,18349.75,18346.75,18348.25,261
03/13/2024,15:33:00,18348.5,18349.5,18346.75,18348.75,273
03/13/2024,15:36:00,18349.25,18349.75,18347.5,18347.75,189
03/13/2024,15:39:00,18347.5,18348.25,18346.5,18347.25,92
03/13/2024,15:42:00,18347.25,18349.5,18346.5,18349.25,203
03/13/2024,15:45:00,18349.0,18350.0,18346.0,18348.25,285
03/13/2024,15:48:00,18348.0,18354.0,18347.75,18351.5,293
03/13/2024,15:51:00,18351.5,18354.5,18350.25,18354.0,336
03/13/2024,15:54:00,18354.0,18357.25,18353.25,18355.5,195
03/13/2024,15:57:00,18355.25,18357.75,18353.25,18355.5,352
03/13/2024,17:00:00,18342.0,18353.5,18337.5,18347.25,592
03/13/2024,17:03:00,18348.5,18349.25,18346.75,18346.75,73
03/13/2024,17:06:00,18346.75,18360.0,18346.75,18360.0,492
03/13/2024,17:09:00,18359.25,18360.0,18354.0,18354.0,252
03/13/2024,17:12:00,18354.0,18354.25,18351.25,18352.5,146
03/13/2024,17:15:00,18352.75,18354.5,18351.25,18353.5,105
03/13/2024,17:18:00,18352.75,18356.0,18350.5,18354.25,150
03/13/2024,17:21:00,18353.0,18354.25,18349.0,18351.75,107
03/13/2024,17:24:00,18350.75,18355.0,18349.75,18352.0,146
03/13/2024,17:27:00,18351.5,18355.0,18351.5,18354.0,70
03/13/2024,17:30:00,18354.75,18354.75,18349.75,18349.75,92
03/13/2024,17:33:00,18350.0,18351.75,18348.25,18351.25,172
03/13/2024,17:36:00,18350.25,18352.0,18348.5,18349.25,74
03/13/2024,17:39:00,18349.0,18353.25,18348.75,18352.25,96
03/13/2024,17:42:00,18352.25,18354.25,18349.25,18354.0,159
03/13/2024,17:45:00,18354.0,18358.0,18353.0,18354.0,173
03/13/2024,17:48:00,18354.0,18361.25,18353.75,18358.0,163
03/13/2024,17:51:00,18357.5,18357.75,18355.25,18356.0,102
03/13/2024,17:54:00,18356.5,18357.75,18355.5,18357.5,69
03/13/2024,17:57:00,18358.0,18359.5,18357.25,18357.5,124
03/13/2024,18:00:00,18357.75,18359.0,18357.0,18358.25,96
03/13/2024,18:03:00,18358.25,18358.5,18356.5,18357.5,114
03/13/2024,18:06:00,18358.0,18367.75,18358.0,18367.0,319
03/13/2024,18:09:00,18367.0,18367.5,18364.75,18366.0,199
03/13/2024,18:12:00,18366.0,18366.0,18362.75,18363.75,127
03/13/2024,18:15:00,18363.75,18364.5,18362.75,18363.0,67
03/13/2024,18:18:00,18363.75,18366.75,18363.5,18365.25,104
03/13/2024,18:21:00,18366.0,18366.75,18364.5,18366.0,68
03/13/2024,18:24:00,18366.0,18367.5,18365.25,18367.0,82
03/13/2024,18:27:00,18367.5,18371.75,18367.5,18369.5,114
03/13/2024,18:30:00,18369.5,18374.75,18369.5,18374.0,319
03/13/2024,18:33:00,18373.5,18378.0,18372.75,18374.5,344
03/13/2024,18:36:00,18374.25,18376.5,18374.0,18375.75,107
03/13/2024,18:39:00,18375.0,18375.25,18372.5,18373.25,148
03/13/2024,18:42:00,18373.0,18375.5,18372.5,18375.0,67
03/13/2024,18:45:00,18375.5,18375.75,18372.75,18374.25,67
03/13/2024,18:48:00,18374.25,18374.25,18372.25,18374.0,77
03/13/2024,18:51:00,18373.75,18375.5,18373.25,18373.75,100
03/13/2024,18:54:00,18373.5,18374.25,18372.0,18372.5,65
03/13/2024,18:57:00,18372.25,18373.5,18372.25,18372.5,44
03/13/2024,19:00:00,18373.25,18373.5,18365.25,18367.25,395
03/13/2024,19:03:00,18366.75,18367.25,18362.5,18367.25,192
03/13/2024,19:06:00,18366.75,18369.0,18366.25,18367.0,123
03/13/2024,19:09:00,18366.75,18367.0,18364.25,18364.25,68
03/13/2024,19:12:00,18364.75,18365.75,18363.5,18364.5,86
03/13/2024,19:15:00,18364.0,18364.75,18361.25,18363.25,180
03/13/2024,19:18:00,18364.0,18366.5,18363.0,18364.0,162
03/13/2024,19:21:00,18364.25,18364.5,18358.0,18358.5,175
03/13/2024,19:24:00,18359.0,18359.75,18354.0,18354.0,162
03/13/2024,19:27:00,18354.5,18358.25,18354.25,18355.75,138
03/13/2024,19:30:00,18356.0,18359.75,18355.75,18359.25,75
03/13/2024,19:33:00,18358.75,18362.75,18357.25,18362.25,123
03/13/2024,19:36:00,18362.5,18365.75,18361.5,18362.5,203
03/13/2024,19:39:00,18362.0,18364.25,18361.5,18362.25,140
03/13/2024,19:42:00,18362.0,18362.75,18360.5,18361.5,68
03/13/2024,19:45:00,18361.75,18365.25,18360.5,18364.0,140
03/13/2024,19:48:00,18363.25,18367.75,18362.5,18367.75,109
03/13/2024,19:51:00,18367.5,18367.75,18366.25,18367.0,99
03/13/2024,19:54:00,18366.75,18369.0,18366.5,18367.75,88
03/13/2024,19:57:00,18367.5,18368.5,18367.5,18368.0,85
03/13/2024,20:00:00,18368.25,18370.5,18367.0,18368.25,192
03/13/2024,20:03:00,18368.25,18370.0,18368.0,18370.0,71
03/13/2024,20:06:00,18369.5,18371.75,18369.0,18371.0,155
03/13/2024,20:09:00,18371.5,18371.75,18366.75,18367.0,129
03/13/2024,20:12:00,18367.25,18367.75,18361.5,18362.5,223
03/13/2024,20:15:00,18362.5,18366.75,18361.0,18365.5,137
03/13/2024,20:18:00,18365.75,18366.75,18362.75,18366.5,89
03/13/2024,20:21:00,18367.0,18369.25,18362.5,18366.25,163
03/13/2024,20:24:00,18366.75,18366.75,18363.75,18364.75,76
03/13/2024,20:27:00,18364.75,18368.75,18364.25,18365.0,152
03/13/2024,20:30:00,18365.75,18368.25,18364.75,18366.0,122
03/13/2024,20:33:00,18365.75,18368.0,18364.0,18367.0,95
03/13/2024,20:36:00,18366.25,18373.25,18366.0,18373.25,183
03/13/2024,20:39:00,18373.75,18375.5,18371.0,18371.0,176
03/13/2024,20:42:00,18371.0,18375.75,18371.0,18374.5,145
03/13/2024,20:45:00,18374.5,18380.75,18374.5,18379.75,444
03/13/2024,20:48:00,18379.75,18379.75,18374.5,18377.0,142
03/13/2024,20:51:00,18377.0,18377.25,18374.75,18376.5,73
03/13/2024,20:54:00,18376.0,18377.75,18375.5,18377.5,95
03/13/2024,20:57:00,18377.75,18380.25,18377.75,18379.25,107
03/13/2024,21:00:00,18378.75,18380.5,18376.75,18377.75,145
03/13/2024,21:03:00,18377.5,18377.75,18373.0,18373.5,147
03/13/2024,21:06:00,18373.5,18374.0,18371.0,18372.5,123
03/13/2024,21:09:00,18372.75,18372.75,18370.5,18371.25,108
03/13/2024,21:12:00,18372.0,18372.5,18370.5,18371.75,53
03/13/2024,21:15:00,18372.25,18375.25,18372.0,18375.0,147
03/13/2024,21:18:00,18374.75,18376.0,18372.25,18372.75,104
03/13/2024,21:21:00,18372.25,18375.75,18372.0,18375.0,113
03/13/2024,21:24:00,18375.25,18378.0,18374.75,18376.25,82
03/13/2024,21:27:00,18376.0,18378.5,18375.5,18377.25,139
03/13/2024,21:30:00,18377.75,18379.75,18376.5,18376.5,121
03/13/2024,21:33:00,18376.5,18377.25,18375.75,18377.0,56
03/13/2024,21:36:00,18377.25,18377.5,18375.0,18376.5,81
03/13/2024,21:39:00,18376.5,18378.75,18376.0,18378.25,72
03/13/2024,21:42:00,18378.5,18379.25,18376.75,18378.0,50
03/13/2024,21:45:00,18378.0,18379.75,18377.25,18378.75,73
03/13/2024,21:48:00,18378.25,18379.25,18377.5,18378.5,26
03/13/2024,21:51:00,18378.5,18378.75,18376.5,18376.5,48
03/13/2024,21:54:00,18376.0,18376.75,18374.25,18375.0,83
03/13/2024,21:57:00,18375.0,18375.75,18371.5,18371.75,123
03/13/2024,22:00:00,18371.75,18372.5,18369.25,18370.0,159
03/13/2024,22:03:00,18370.5,18373.25,18368.5,18372.5,143
03/13/2024,22:06:00,18373.25,18374.75,18369.0,18370.0,248
03/13/2024,22:09:00,18369.75,18374.0,18369.5,18373.25,129
03/13/2024,22:12:00,18372.5,18373.25,18372.0,18372.5,31
03/13/2024,22:15:00,18372.5,18372.75,18368.75,18368.75,87
03/13/2024,22:18:00,18368.5,18370.0,18366.75,18369.0,83
03/13/2024,22:21:00,18368.5,18369.25,18368.25,18368.25,29
03/13/2024,22:24:00,18368.25,18369.5,18367.75,18368.25,49
03/13/2024,22:27:00,18368.25,18369.75,18367.0,18367.0,57
03/13/2024,22:30:00,18367.0,18368.0,18365.25,18367.0,73
03/13/2024,22:33:00,18367.0,18368.0,18365.5,18365.75,54
03/13/2024,22:36:00,18366.25,18368.25,18365.5,18367.25,46
03/13/2024,22:39:00,18366.75,18367.5,18363.25,18365.25,153
03/13/2024,22:42:00,18365.5,18366.5,18364.25,18365.75,46
03/13/2024,22:45:00,18366.25,18367.5,18364.0,18367.0,82
03/13/2024,22:48:00,18367.0,18369.5,18366.25,18368.5,130
03/13/2024,22:51:00,18368.5,18370.25,18368.25,18369.25,75
03/13/2024,22:54:00,18369.0,18370.75,18369.0,18370.0,102
03/13/2024,22:57:00,18370.5,18372.25,18370.5,18371.75,100
03/13/2024,23:00:00,18371.75,18374.75,18371.0,18371.25,171
03/13/2024,23:03:00,18370.75,18371.75,18369.0,18370.5,93
03/13/2024,23:06:00,18370.75,18371.75,18370.25,18370.25,35
03/13/2024,23:09:00,18370.5,18370.5,18368.0,18369.75,56
03/13/2024,23:12:00,18369.75,18370.75,18368.5,18369.25,55
03/13/2024,23:15:00,18369.25,18369.5,18365.75,18367.5,137
03/13/2024,23:18:00,18367.5,18368.5,18366.25,18368.5,37
03/13/2024,23:21:00,18368.5,18370.75,18368.5,18369.75,77
03/13/2024,23:24:00,18370.25,18370.25,18368.5,18369.0,42
03/13/2024,23:27:00,18369.0,18371.25,18368.75,18370.75,45
03/13/2024,23:30:00,18370.0,18370.75,18368.5,18368.5,101
03/13/2024,23:33:00,18369.0,18370.0,18368.75,18369.25,25
03/13/2024,23:36:00,18368.75,18372.5,18368.75,18372.25,105
03/13/2024,23:39:00,18373.0,18374.5,18372.5,18372.75,76
03/13/2024,23:42:00,18372.75,18374.5,18372.75,18373.5,31
03/13/2024,23:45:00,18373.5,18375.0,18372.0,18374.5,61
03/13/2024,23:48:00,18374.75,18377.5,18374.25,18377.5,80
03/13/2024,23:51:00,18377.25,18379.0,18377.0,18377.5,80
03/13/2024,23:54:00,18377.5,18379.0,18376.75,18378.75,54
03/13/2024,23:57:00,18379.0,18380.75,18379.0,18380.25,122
03/14/2024,00:00:00,18380.0,18384.0,18379.25,18381.75,159
03/14/2024,00:03:00,18382.25,18385.5,18381.75,18384.5,161
03/14/2024,00:06:00,18384.5,18385.5,18383.25,18383.5,107
03/14/2024,00:09:00,18384.0,18384.25,18380.0,18381.0,185
03/14/2024,00:12:00,18381.25,18381.75,18379.25,18380.5,98
03/14/2024,00:15:00,18380.75,18382.0,18379.5,18380.0,143
03/14/2024,00:18:00,18380.0,18380.25,18377.0,18378.5,82
03/14/2024,00:21:00,18378.75,18378.75,18375.75,18376.5,103
03/14/2024,00:24:00,18376.75,18378.5,18374.75,18378.0,151
03/14/2024,00:27:00,18378.5,18381.25,18378.25,18380.75,64
03/14/2024,00:30:00,18380.75,18381.5,18379.5,18380.5,46
03/14/2024,00:33:00,18380.75,18385.25,18380.75,18383.75,167
03/14/2024,00:36:00,18383.75,18387.25,18383.25,18384.25,149
03/14/2024,00:39:00,18383.75,18383.75,18379.0,18379.5,117
03/14/2024,00:42:00,18379.75,18381.0,18378.75,18379.25,55
03/14/2024,00:45:00,18379.25,18381.0,18379.25,18380.75,33
03/14/2024,00:48:00,18380.75,18382.5,18380.5,18382.5,46
03/14/2024,00:51:00,18382.5,18384.5,18381.5,18383.25,68
03/14/2024,00:54:00,18383.25,18384.75,18381.5,18384.0,79
03/14/2024,00:57:00,18383.75,18384.5,18383.25,18383.5,52
03/14/2024,01:00:00,18383.75,18384.25,18378.0,18380.0,185
03/14/2024,01:03:00,18379.5,18381.0,18379.5,18381.0,61
03/14/2024,01:06:00,18380.75,18386.0,18380.75,18384.0,156
03/14/2024,01:09:00,18383.75,18385.75,18382.25,18385.75,95
03/14/2024,01:12:00,18386.25,18388.0,18385.0,18386.75,129
03/14/2024,01:15:00,18386.75,18387.75,18383.25,18384.5,131
03/14/2024,01:18:00,18384.0,18393.0,18384.0,18391.5,337
03/14/2024,01:21:00,18391.75,18393.5,18390.75,18393.5,140
03/14/2024,01:24:00,18393.75,18394.0,18385.0,18385.25,218
03/14/2024,01:27:00,18385.5,18386.75,18383.5,18385.0,177
03/14/2024,01:30:00,18385.0,18386.5,18384.0,18386.5,105
03/14/2024,01:33:00,18386.5,18387.0,18383.75,18384.0,60
03/14/2024,01:36:00,18384.0,18384.0,18379.5,18381.5,258
03/14/2024,01:39:00,18381.75,18386.25,18381.25,18386.0,114
03/14/2024,01:42:00,18386.25,18386.75,18382.75,18383.75,93
03/14/2024,01:45:00,18384.0,18384.5,18381.25,18381.75,35
03/14/2024,01:48:00,18383.75,18386.0,18380.75,18381.0,114
03/14/2024,01:51:00,18380.75,18383.25,18380.25,18383.25,64
03/14/2024,01:54:00,18383.25,18384.5,18381.5,18384.0,110
03/14/2024,01:57:00,18384.75,18391.5,18384.75,18390.5,221
03/14/2024,02:00:00,18390.75,18395.0,18376.75,18378.0,626
03/14/2024,02:03:00,18378.5,18383.25,18377.25,18382.75,172
03/14/2024,02:06:00,18382.75,18386.5,18382.25,18384.5,155
03/14/2024,02:09:00,18385.0,18387.5,18382.25,18382.75,134
03/14/2024,02:12:00,18383.75,18384.0,18375.25,18376.5,161
03/14/2024,02:15:00,18376.5,18380.75,18375.0,18379.25,97
03/14/2024,02:18:00,18381.0,18384.0,18376.5,18378.5,174
03/14/2024,02:21:00,18378.75,18383.0,18376.25,18380.0,214
03/14/2024,02:24:00,18380.75,18382.5,18378.0,18380.0,89
03/14/2024,02:27:00,18380.0,18386.0,18380.0,18384.75,142
03/14/2024,02:30:00,18383.5,18394.0,18383.5,18394.0,319
03/14/2024,02:33:00,18394.0,18394.5,18387.5,18390.75,336
03/14/2024,02:36:00,18390.75,18392.75,18386.75,18388.75,149
03/14/2024,02:39:00,18388.25,18391.25,18386.5,18388.75,180
03/14/2024,02:42:00,18389.25,18395.0,18389.0,18391.0,204
03/14/2024,02:45:00,18391.0,18397.75,18391.0,18395.0,263
03/14/2024,02:48:00,18395.0,18395.25,18391.0,18393.5,144
03/14/2024,02:51:00,18393.0,18397.5,18392.25,18395.5,132
03/14/2024,02:54:00,18395.25,18397.0,18393.0,18395.5,90
03/14/2024,02:57:00,18395.5,18400.5,18393.0,18397.75,537
03/14/2024,03:00:00,18397.75,18403.25,18396.0,18402.0,734
03/14/2024,03:03:00,18401.75,18405.25,18397.25,18398.0,562
03/14/2024,03:06:00,18397.5,18406.75,18394.5,18406.0,489
03/14/2024,03:09:00,18406.0,18418.75,18405.5,18417.25,1191
03/14/2024,03:12:00,18417.5,18419.75,18412.75,18415.75,368
03/14/2024,03:15:00,18415.5,18418.5,18411.5,18417.75,363
03/14/2024,03:18:00,18417.75,18426.5,18415.25,18424.0,898
03/14/2024,03:21:00,18424.75,18428.25,18417.5,18421.25,655
03/14/2024,03:24:00,18421.0,18423.5,18417.25,18422.5,488
03/14/2024,03:27:00,18422.25,18424.5,18412.75,18413.75,413
03/14/2024,03:30:00,18414.25,18417.25,18406.0,18409.5,569
03/14/2024,03:33:00,18410.0,18415.25,18409.0,18412.75,569
03/14/2024,03:36:00,18412.75,18418.25,18410.75,18413.25,509
03/14/2024,03:39:00,18413.5,18419.25,18412.25,18415.75,361
03/14/2024,03:42:00,18415.5,18416.25,18403.5,18406.5,507
03/14/2024,03:45:00,18406.75,18411.0,18402.75,18409.0,332
03/14/2024,03:48:00,18409.0,18414.25,18408.5,18412.0,330
03/14/2024,03:51:00,18412.5,18414.25,18409.5,18411.0,192
03/14/2024,03:54:00,18410.75,18417.25,18408.5,18416.75,386
03/14/2024,03:57:00,18416.25,18418.25,18412.75,18416.75,367
03/14/2024,04:00:00,18417.0,18418.25,18410.75,18413.5,339
03/14/2024,04:03:00,18413.0,18416.5,18410.75,18413.25,217
03/14/2024,04:06:00,18413.25,18417.75,18413.25,18417.75,160
03/14/2024,04:09:00,18417.75,18419.5,18412.0,18416.5,271
03/14/2024,04:12:00,18417.75,18423.0,18415.5,18422.5,408
03/14/2024,04:15:00,18422.5,18422.5,18410.25,18411.5,342
03/14/2024,04:18:00,18411.75,18420.5,18411.75,18419.75,202
03/14/2024,04:21:00,18420.25,18421.25,18417.0,18420.5,197
03/14/2024,04:24:00,18421.0,18424.0,18417.5,18418.75,304
03/14/2024,04:27:00,18418.25,18420.75,18414.75,18418.75,401
03/14/2024,04:30:00,18419.0,18422.25,18417.5,18421.5,291
03/14/2024,04:33:00,18421.25,18422.25,18417.0,18419.0,145
03/14/2024,04:36:00,18419.0,18422.5,18418.75,18422.25,147
03/14/2024,04:39:00,18422.5,18422.5,18419.0,18420.0,139
03/14/2024,04:42:00,18419.5,18421.75,18418.0,18420.25,139
03/14/2024,04:45:00,18420.0,18420.0,18413.0,18416.5,302
03/14/2024,04:48:00,18416.5,18417.0,18408.5,18409.75,360
03/14/2024,04:51:00,18409.25,18412.5,18406.5,18411.5,339
03/14/2024,04:54:00,18411.75,18413.75,18408.5,18411.5,161
03/14/2024,04:57:00,18411.5,18418.0,18411.0,18417.0,242
03/14/2024,05:00:00,18417.25,18418.5,18414.0,18414.75,254
03/14/2024,05:03:00,18413.75,18415.75,18410.5,18415.5,257
03/14/2024,05:06:00,18415.75,18416.0,18412.25,18415.5,180
03/14/2024,05:09:00,18415.5,18418.75,18409.5,18411.0,399
03/14/2024,05:12:00,18411.25,18414.75,18409.75,18412.75,201
03/14/2024,05:15:00,18411.75,18417.75,18411.75,18417.5,135
03/14/2024,05:18:00,18417.25,18421.5,18412.75,18413.5,380
03/14/2024,05:21:00,18414.25,18418.0,18413.5,18416.0,148
03/14/2024,05:24:00,18416.25,18417.5,18414.0,18414.75,153
03/14/2024,05:27:00,18414.0,18418.0,18413.75,18415.75,130
03/14/2024,05:30:00,18415.0,18416.0,18413.25,18414.75,135
03/14/2024,05:33:00,18414.0,18416.25,18412.25,18415.5,152
03/14/2024,05:36:00,18416.25,18417.25,18412.25,18414.75,166
03/14/2024,05:39:00,18415.0,18415.5,18408.25,18409.25,245
03/14/2024,05:42:00,18409.5,18409.5,18405.5,18408.75,247
03/14/2024,05:45:00,18408.25,18410.0,18405.25,18405.25,208
03/14/2024,05:48:00,18405.5,18407.25,18401.75,18405.75,342
03/14/2024,05:51:00,18405.75,18407.0,18401.0,18404.0,213
03/14/2024,05:54:00,18404.75,18405.25,18402.5,18405.25,218
03/14/2024,05:57:00,18405.75,18411.25,18405.5,18408.5,248
03/14/2024,06:00:00,18408.25,18409.5,18398.5,18401.75,629
03/14/2024,06:03:00,18401.5,18408.0,18395.25,18403.75,535
03/14/2024,06:06:00,18403.25,18407.0,18402.25,18405.25,221
03/14/2024,06:09:00,18405.75,18408.25,18402.25,18407.5,281
03/14/2024,06:12:00,18407.75,18412.5,18406.5,18407.75,358
03/14/2024,06:15:00,18407.25,18414.25,18406.75,18412.25,271
03/14/2024,06:18:00,18412.5,18419.0,18412.5,18418.25,459
03/14/2024,06:21:00,18418.5,18420.5,18415.75,18416.75,412
03/14/2024,06:24:00,18417.0,18417.25,18402.75,18404.25,611
03/14/2024,06:27:00,18404.25,18409.25,18403.25,18407.5,370
03/14/2024,06:30:00,18407.25,18408.25,18398.5,18399.75,437
03/14/2024,06:33:00,18399.5,18400.25,18396.0,18396.25,450
03/14/2024,06:36:00,18396.0,18403.75,18395.25,18400.75,474
03/14/2024,06:39:00,18400.5,18403.25,18398.25,18400.5,261
03/14/2024,06:42:00,18400.25,18402.5,18397.75,18399.0,221
03/14/2024,06:45:00,18399.25,18399.5,18394.25,18395.75,329
03/14/2024,06:48:00,18396.0,18398.5,18390.75,18392.25,660
03/14/2024,06:51:00,18392.5,18396.0,18391.25,18392.75,221
03/14/2024,06:54:00,18392.25,18394.75,18390.5,18393.25,215
03/14/2024,06:57:00,18393.5,18395.0,18388.5,18395.0,373
03/14/2024,07:00:00,18395.25,18406.5,18393.75,18405.5,929
03/14/2024,07:03:00,18405.75,18407.25,18399.75,18406.5,624
03/14/2024,07:06:00,18406.0,18406.5,18400.25,18401.0,441
03/14/2024,07:09:00,18400.5,18403.25,18399.25,18402.25,352
03/14/2024,07:12:00,18401.5,18405.75,18400.5,18402.5,457
03/14/2024,07:15:00,18402.75,18410.5,18402.0,18410.5,549
03/14/2024,07:18:00,18410.25,18412.5,18403.75,18404.25,563
03/14/2024,07:21:00,18404.0,18405.5,18401.25,18403.75,514
03/14/2024,07:24:00,18403.0,18404.5,18396.5,18404.0,747
03/14/2024,07:27:00,18404.25,18414.0,18401.5,18401.5,762
03/14/2024,07:30:00,18404.5,18412.0,18351.25,18365.75,7211
03/14/2024,07:33:00,18366.25,18379.0,18357.0,18368.5,3515
03/14/2024,07:36:00,18368.5,18369.75,18352.25,18360.25,2837
03/14/2024,07:39:00,18360.75,18388.0,18360.25,18385.5,2952
03/14/2024,07:42:00,18385.75,18395.0,18380.25,18383.0,2614
03/14/2024,07:45:00,18383.5,18385.75,18376.25,18381.0,1491
03/14/2024,07:48:00,18380.25,18386.0,18363.5,18367.5,2327
03/14/2024,07:51:00,18368.0,18379.0,18357.5,18374.75,2231
03/14/2024,07:54:00,18375.25,18380.25,18367.75,18375.25,1381
03/14/2024,07:57:00,18375.5,18378.5,18363.25,18370.5,1583
03/14/2024,08:00:00,18370.75,18390.0,18364.25,18378.25,2092
03/14/2024,08:03:00,18378.25,18388.5,18374.75,18375.25,1261
03/14/2024,08:06:00,18375.0,18376.5,18352.75,18355.75,2819
03/14/2024,08:09:00,18355.75,18362.5,18353.0,18361.0,1368
03/14/2024,08:12:00,18360.5,18364.75,18346.5,18362.0,2160
03/14/2024,08:15:00,18361.5,18366.25,18356.5,18359.75,891
03/14/2024,08:18:00,18358.75,18366.25,18350.25,18351.25,1308
03/14/2024,08:21:00,18352.0,18357.25,18342.5,18350.25,1806
03/14/2024,08:24:00,18351.25,18363.25,18348.5,18361.75,1446
03/14/2024,08:27:00,18361.5,18377.25,18361.5,18375.0,2669
03/14/2024,08:30:00,18375.25,18377.75,18335.75,18344.75,15851
03/14/2024,08:33:00,18344.75,18384.0,18342.25,18366.75,13041
03/14/2024,08:36:00,18367.0,18398.0,18361.75,18391.25,10682
03/14/2024,08:39:00,18391.0,18393.5,18370.75,18376.25,8871
03/14/2024,08:42:00,18376.0,18384.25,18358.25,18363.5,7585
03/14/2024,08:45:00,18363.25,18372.5,18312.0,18315.75,13379
03/14/2024,08:48:00,18315.75,18321.0,18246.5,18248.0,19812
03/14/2024,08:51:00,18248.0,18258.25,18234.5,18235.25,13503
03/14/2024,08:54:00,18235.0,18263.5,18229.5,18263.0,11624
03/14/2024,08:57:00,18262.5,18265.0,18235.5,18238.0,9685
03/14/2024,09:00:00,18237.75,18238.5,18203.25,18230.5,14893
03/14/2024,09:03:00,18230.25,18255.0,18222.25,18247.75,8004
03/14/2024,09:06:00,18247.5,18273.75,18247.5,18261.5,6942
03/14/2024,09:09:00,18261.25,18295.5,18253.25,18292.0,8039
03/14/2024,09:12:00,18292.5,18310.75,18286.75,18309.5,8236
03/14/2024,09:15:00,18309.0,18314.25,18286.5,18294.25,7402
03/14/2024,09:18:00,18294.75,18301.75,18278.0,18279.0,6245
03/14/2024,09:21:00,18278.75,18299.25,18272.75,18291.5,7396
03/14/2024,09:24:00,18291.75,18305.0,18280.25,18292.5,5314
03/14/2024,09:27:00,18292.75,18316.25,18281.0,18313.0,5206
03/14/2024,09:30:00,18313.0,18340.0,18311.5,18320.75,9198
03/14/2024,09:33:00,18320.5,18342.0,18317.25,18337.75,5432
03/14/2024,09:36:00,18337.5,18339.75,18311.5,18314.25,4709
03/14/2024,09:39:00,18314.5,18320.75,18283.5,18294.0,5847
03/14/2024,09:42:00,18293.5,18307.0,18285.25,18290.0,5121
03/14/2024,09:45:00,18290.25,18314.5,18287.0,18312.25,4690
03/14/2024,09:48:00,18312.0,18316.25,18277.75,18296.0,5852
03/14/2024,09:51:00,18295.75,18313.25,18289.5,18295.0,4521
03/14/2024,09:54:00,18295.5,18306.0,18286.25,18294.0,4125
03/14/2024,09:57:00,18294.25,18301.25,18276.0,18299.25,5008
03/14/2024,10:00:00,18299.75,18334.0,18298.75,18329.0,7214
03/14/2024,10:03:00,18329.0,18333.75,18312.0,18328.25,4686
03/14/2024,10:06:00,18328.25,18330.0,18294.5,18308.0,4691
03/14/2024,10:09:00,18308.75,18329.5,18301.0,18323.75,4051
03/14/2024,10:12:00,18324.0,18338.0,18317.0,18318.75,4126
03/14/2024,10:15:00,18318.75,18328.5,18302.5,18305.5,3673
03/14/2024,10:18:00,18306.25,18318.25,18283.75,18287.5,5051
03/14/2024,10:21:00,18287.5,18292.0,18266.75,18272.25,6134
03/14/2024,10:24:00,18272.0,18285.5,18264.5,18274.5,5304
03/14/2024,10:27:00,18274.5,18283.0,18264.0,18278.75,3695
03/14/2024,10:30:00,18279.25,18283.25,18262.5,18273.5,3765
03/14/2024,10:33:00,18273.25,18293.0,18271.5,18286.25,3598
03/14/2024,10:36:00,18285.75,18309.5,18282.75,18296.5,4040
03/14/2024,10:39:00,18297.0,18307.25,18283.0,18291.25,3662
03/14/2024,10:42:00,18291.75,18294.75,18278.75,18282.75,2060
03/14/2024,10:45:00,18282.75,18305.5,18280.25,18292.0,3136
03/14/2024,10:48:00,18292.0,18297.5,18273.5,18294.5,3942
03/14/2024,10:51:00,18295.0,18299.0,18282.25,18291.75,3727
03/14/2024,10:54:00,18292.25,18298.5,18285.5,18286.25,2783
03/14/2024,10:57:00,18286.25,18307.75,18285.75,18301.5,3547
03/14/2024,11:00:00,18302.0,18313.5,18291.25,18294.25,3852
03/14/2024,11:03:00,18294.5,18297.5,18267.25,18269.0,3935
03/14/2024,11:06:00,18269.5,18270.5,18246.0,18250.5,6556
03/14/2024,11:09:00,18250.75,18263.75,18242.5,18250.75,4839
03/14/2024,11:12:00,18250.25,18255.25,18243.0,18249.0,3333
03/14/2024,11:15:00,18248.75,18258.75,18242.5,18257.25,3509
03/14/2024,11:18:00,18258.0,18261.25,18248.75,18254.5,2306
03/14/2024,11:21:00,18254.5,18275.25,18252.0,18273.25,3634
03/14/2024,11:24:00,18272.75,18285.25,18271.75,18283.5,3627
03/14/2024,11:27:00,18283.25,18289.0,18276.5,18280.5,2856
03/14/2024,11:30:00,18280.75,18292.75,18278.5,18286.5,3847
03/14/2024,11:33:00,18287.5,18299.5,18282.75,18298.25,2858
03/14/2024,11:36:00,18298.0,18304.5,18283.75,18285.5,3539
03/14/2024,11:39:00,18285.75,18290.75,18274.5,18283.5,3435
03/14/2024,11:42:00,18284.25,18289.5,18269.25,18273.25,2275
03/14/2024,11:45:00,18273.5,18284.5,18258.0,18260.25,3070
03/14/2024,11:48:00,18260.0,18272.25,18259.5,18269.0,2175
03/14/2024,11:51:00,18269.5,18282.75,18267.5,18271.5,2269
03/14/2024,11:54:00,18271.5,18272.75,18258.25,18260.25,2377
03/14/2024,11:57:00,18260.25,18261.75,18248.0,18251.5,3976
03/14/2024,12:00:00,18252.75,18257.0,18239.75,18245.5,3119
03/14/2024,12:03:00,18245.75,18253.25,18241.25,18251.75,2429
03/14/2024,12:06:00,18251.0,18251.0,18238.25,18241.25,2747
03/14/2024,12:09:00,18240.75,18253.75,18229.75,18234.5,3389
03/14/2024,12:12:00,18235.25,18240.75,18228.0,18237.5,2362
03/14/2024,12:15:00,18237.25,18239.25,18216.5,18218.5,3140
03/14/2024,12:18:00,18218.0,18227.5,18210.0,18220.25,4554
03/14/2024,12:21:00,18219.75,18242.25,18217.75,18240.5,2843
03/14/2024,12:24:00,18241.25,18250.5,18237.25,18243.25,2763
03/14/2024,12:27:00,18243.25,18246.75,18233.0,18233.5,2183
03/14/2024,12:30:00,18234.0,18234.25,18219.75,18229.0,4093
03/14/2024,12:33:00,18228.75,18251.5,18226.5,18244.5,3437
03/14/2024,12:36:00,18244.25,18254.0,18237.0,18253.5,2229
03/14/2024,12:39:00,18253.25,18256.25,18237.25,18243.5,2243
03/14/2024,12:42:00,18243.25,18256.5,18241.75,18253.0,2047
03/14/2024,12:45:00,18252.75,18252.75,18233.5,18244.5,2635
03/14/2024,12:48:00,18244.0,18263.25,18241.25,18262.0,3006
03/14/2024,12:51:00,18261.75,18273.0,18259.0,18272.0,3199
03/14/2024,12:54:00,18272.0,18289.25,18270.75,18284.25,5549
03/14/2024,12:57:00,18284.25,18294.75,18283.0,18292.5,3454
03/14/2024,13:00:00,18292.5,18320.5,18292.5,18316.0,9565
03/14/2024,13:03:00,18316.25,18324.5,18310.75,18318.75,6180
03/14/2024,13:06:00,18319.0,18319.5,18307.75,18312.5,3622
03/14/2024,13:09:00,18312.5,18326.75,18312.0,18323.0,3324
03/14/2024,13:12:00,18323.5,18332.25,18318.25,18322.25,3616
03/14/2024,13:15:00,18322.5,18327.5,18308.5,18309.25,3169
03/14/2024,13:18:00,18309.0,18321.0,18304.25,18306.5,3208
03/14/2024,13:21:00,18307.0,18307.5,18295.5,18297.0,3182
03/14/2024,13:24:00,18297.25,18309.0,18293.25,18307.0,2947
03/14/2024,13:27:00,18307.25,18312.0,18297.25,18300.0,2822
03/14/2024,13:30:00,18300.25,18308.0,18284.5,18289.0,3898
03/14/2024,13:33:00,18289.5,18303.75,18285.75,18294.5,3143
03/14/2024,13:36:00,18294.25,18297.0,18278.0,18285.25,3576
03/14/2024,13:39:00,18285.5,18286.0,18269.75,18278.75,3705
03/14/2024,13:42:00,18278.75,18298.0,18274.5,18294.5,2922
03/14/2024,13:45:00,18295.0,18303.75,18291.25,18303.25,2568
03/14/2024,13:48:00,18303.25,18310.75,18284.5,18288.25,4754
03/14/2024,13:51:00,18288.25,18289.25,18260.75,18270.0,5028
03/14/2024,13:54:00,18270.5,18273.5,18254.0,18256.75,4320
03/14/2024,13:57:00,18257.0,18267.25,18250.25,18252.25,4046
03/14/2024,14:00:00,18252.25,18252.25,18226.0,18241.5,6220
03/14/2024,14:03:00,18241.75,18244.0,18227.25,18229.75,3537
03/14/2024,14:06:00,18229.25,18235.25,18204.75,18208.5,5483
03/14/2024,14:09:00,18208.75,18209.25,18191.5,18196.25,10509
03/14/2024,14:12:00,18196.25,18203.75,18182.0,18184.5,5383
03/14/2024,14:15:00,18184.25,18206.75,18181.5,18198.5,5383
03/14/2024,14:18:00,18198.5,18202.0,18180.5,18200.0,4250
03/14/2024,14:21:00,18199.5,18202.75,18186.75,18188.0,2683
03/14/2024,14:24:00,18188.75,18189.0,18171.25,18179.5,4071
03/14/2024,14:27:00,18180.25,18200.75,18179.75,18191.5,4064
03/14/2024,14:30:00,18192.0,18194.5,18169.0,18173.75,4361
03/14/2024,14:33:00,18173.5,18179.5,18161.75,18166.25,3892
03/14/2024,14:36:00,18165.75,18191.25,18161.25,18188.25,4826
03/14/2024,14:39:00,18188.0,18213.0,18186.5,18211.0,5270
03/14/2024,14:42:00,18210.25,18215.75,18200.25,18215.75,3578
03/14/2024,14:45:00,18215.5,18227.0,18197.0,18209.75,5133
03/14/2024,14:48:00,18210.25,18235.25,18210.0,18222.5,5239
03/14/2024,14:51:00,18222.25,18251.25,18222.25,18246.5,6472
03/14/2024,14:54:00,18246.5,18261.5,18242.0,18251.75,8032
03/14/2024,14:57:00,18251.5,18278.5,18246.25,18278.5,11359
03/14/2024,15:00:00,18278.5,18295.0,18268.5,18294.75,7197
03/14/2024,15:03:00,18295.0,18299.75,18271.75,18273.5,4967
03/14/2024,15:06:00,18273.0,18274.75,18262.0,18272.5,2437
03/14/2024,15:09:00,18272.0,18274.25,18261.5,18268.0,1545
03/14/2024,15:12:00,18268.5,18271.0,18258.25,18259.5,1304
03/14/2024,15:15:00,18259.75,18266.5,18257.0,18260.75,858
03/14/2024,15:18:00,18260.75,18264.75,18259.0,18262.0,568
03/14/2024,15:21:00,18261.0,18264.75,18259.5,18262.5,431
03/14/2024,15:24:00,18262.0,18264.75,18261.0,18263.5,435
03/14/2024,15:27:00,18263.5,18264.25,18261.5,18262.0,219
03/14/2024,15:30:00,18262.75,18264.5,18260.25,18261.5,394
03/14/2024,15:33:00,18261.25,18261.25,18255.25,18258.25,375
03/14/2024,15:36:00,18258.5,18264.25,18257.75,18264.0,257
03/14/2024,15:39:00,18263.5,18269.0,18262.25,18269.0,272
03/14/2024,15:42:00,18268.5,18272.0,18267.25,18271.0,317
03/14/2024,15:45:00,18271.5,18274.0,18270.25,18271.75,308
03/14/2024,15:48:00,18271.5,18271.75,18265.0,18266.5,265
03/14/2024,15:51:00,18266.5,18267.5,18262.25,18264.25,214
03/14/2024,15:54:00,18263.75,18265.5,18261.0,18265.5,240
03/14/2024,15:57:00,18265.75,18268.25,18264.75,18266.25,294
03/14/2024,17:00:00,18251.0,18260.0,18249.75,18254.25,560
03/14/2024,17:03:00,18253.75,18256.75,18252.75,18253.5,147
03/14/2024,17:06:00,18253.75,18261.5,18253.25,18261.0,237
03/14/2024,17:09:00,18261.5,18263.0,18260.25,18261.0,149
03/14/2024,17:12:00,18261.75,18261.75,18255.25,18257.0,426
03/14/2024,17:15:00,18256.75,18259.0,18252.5,18254.75,191
03/14/2024,17:18:00,18254.5,18254.5,18251.0,18252.75,210
03/14/2024,17:21:00,18252.5,18253.25,18249.5,18250.25,168
03/14/2024,17:24:00,18250.0,18257.0,18249.25,18256.5,162
03/14/2024,17:27:00,18257.0,18261.0,18256.5,18259.0,166
03/14/2024,17:30:00,18259.25,18259.75,18256.5,18258.25,69
03/14/2024,17:33:00,18258.0,18259.25,18256.5,18257.0,54
03/14/2024,17:36:00,18257.0,18259.5,18257.0,18259.25,40
03/14/2024,17:39:00,18258.25,18258.25,18253.0,18254.25,73
03/14/2024,17:42:00,18254.5,18256.5,18253.0,18253.75,150
03/14/2024,17:45:00,18253.25,18254.5,18245.5,18246.5,272
03/14/2024,17:48:00,18246.25,18253.75,18245.5,18250.75,151
03/14/2024,17:51:00,18250.75,18252.0,18249.5,18251.5,69
03/14/2024,17:54:00,18252.0,18252.5,18247.75,18250.0,73
03/14/2024,17:57:00,18250.0,18251.5,18248.75,18250.75,57
03/14/2024,18:00:00,18251.25,18251.25,18246.0,18246.75,107
03/14/2024,18:03:00,18247.0,18247.25,18241.5,18246.5,309
03/14/2024,18:06:00,18246.75,18248.0,18244.0,18244.5,48
03/14/2024,18:09:00,18244.75,18244.75,18235.25,18236.0,257
03/14/2024,18:12:00,18236.0,18239.25,18235.5,18236.25,114
03/14/2024,18:15:00,18236.0,18236.5,18231.75,18234.75,205
03/14/2024,18:18:00,18234.75,18235.5,18231.5,18235.25,131
03/14/2024,18:21:00,18235.75,18238.75,18235.75,18236.25,102
03/14/2024,18:24:00,18236.5,18239.0,18235.75,18236.75,64
03/14/2024,18:27:00,18236.25,18236.25,18228.5,18229.25,186
03/14/2024,18:30:00,18229.25,18232.5,18225.75,18231.25,254
03/14/2024,18:33:00,18231.5,18235.5,18229.75,18235.0,145
03/14/2024,18:36:00,18234.5,18234.5,18229.0,18229.0,109
03/14/2024,18:39:00,18229.75,18231.5,18226.0,18227.75,163
03/14/2024,18:42:00,18227.5,18228.5,18225.5,18226.0,128
03/14/2024,18:45:00,18226.0,18229.5,18224.25,18227.25,234
03/14/2024,18:48:00,18227.5,18233.25,18226.75,18232.5,107
03/14/2024,18:51:00,18233.0,18234.0,18231.75,18232.5,87
03/14/2024,18:54:00,18233.0,18237.0,18231.25,18237.0,153
03/14/2024,18:57:00,18237.0,18238.75,18234.0,18238.5,253
03/14/2024,19:00:00,18238.25,18245.0,18237.0,18244.0,339
03/14/2024,19:03:00,18242.75,18246.75,18242.75,18245.0,155
03/14/2024,19:06:00,18245.5,18247.5,18240.75,18241.5,190
03/14/2024,19:09:00,18241.25,18241.25,18238.75,18240.0,128
03/14/2024,19:12:00,18239.5,18244.5,18238.75,18243.5,81
03/14/2024,19:15:00,18243.5,18244.25,18241.0,18243.25,146
03/14/2024,19:18:00,18244.0,18247.75,18240.25,18242.5,187
03/14/2024,19:21:00,18241.25,18253.0,18241.25,18251.5,359
03/14/2024,19:24:00,18251.5,18252.5,18248.25,18251.75,133
03/14/2024,19:27:00,18251.0,18251.25,18246.75,18247.25,99
03/14/2024,19:30:00,18247.5,18256.0,18247.5,18253.25,281
03/14/2024,19:33:00,18254.5,18259.0,18253.25,18256.0,182
03/14/2024,19:36:00,18255.75,18258.0,18255.5,18257.75,80
03/14/2024,19:39:00,18257.5,18257.5,18253.0,18253.5,157
03/14/2024,19:42:00,18253.25,18254.0,18250.75,18253.25,81
03/14/2024,19:45:00,18253.75,18256.25,18251.25,18251.25,96
03/14/2024,19:48:00,18251.0,18254.5,18250.75,18253.5,79
03/14/2024,19:51:00,18254.0,18264.25,18253.25,18264.25,429
03/14/2024,19:54:00,18263.75,18263.75,18255.75,18256.25,323
03/14/2024,19:57:00,18255.75,18261.5,18254.75,18261.25,179
03/14/2024,20:00:00,18261.5,18266.0,18261.0,18264.0,250
03/14/2024,20:03:00,18263.75,18268.0,18259.75,18267.75,168
03/14/2024,20:06:00,18267.75,18269.0,18263.5,18264.0,107
03/14/2024,20:09:00,18264.0,18264.25,18257.75,18260.75,166
03/14/2024,20:12:00,18261.0,18263.0,18258.25,18258.25,68
03/14/2024,20:15:00,18258.5,18261.5,18256.75,18261.0,128
03/14/2024,20:18:00,18260.25,18262.0,18253.5,18255.0,182
03/14/2024,20:21:00,18255.75,18256.75,18250.0,18251.75,176
03/14/2024,20:24:00,18251.75,18256.25,18251.75,18253.75,266
03/14/2024,20:27:00,18254.25,18260.0,18254.25,18259.0,117
03/14/2024,20:30:00,18258.75,18265.0,18258.75,18265.0,231
03/14/2024,20:33:00,18265.0,18266.0,18262.5,18263.25,244
03/14/2024,20:36:00,18262.75,18265.75,18261.0,18265.25,113
03/14/2024,20:39:00,18265.0,18265.0,18256.0,18259.0,135
03/14/2024,20:42:00,18258.25,18262.5,18255.25,18262.5,179
03/14/2024,20:45:00,18261.75,18262.0,18254.0,18257.0,243
03/14/2024,20:48:00,18257.75,18262.5,18257.75,18260.0,122
03/14/2024,20:51:00,18259.75,18264.0,18257.0,18262.25,200
03/14/2024,20:54:00,18262.5,18263.25,18252.25,18253.75,244
03/14/2024,20:57:00,18252.75,18253.5,18245.25,18245.5,396
03/14/2024,21:00:00,18245.25,18245.25,18239.0,18240.75,403
03/14/2024,21:03:00,18240.25,18245.0,18239.5,18240.75,213
03/14/2024,21:06:00,18241.25,18241.75,18234.0,18236.25,267
03/14/2024,21:09:00,18236.5,18240.25,18233.0,18239.75,187
03/14/2024,21:12:00,18240.25,18240.75,18237.5,18240.75,90
03/14/2024,21:15:00,18240.75,18241.5,18237.75,18237.75,178
03/14/2024,21:18:00,18238.0,18239.0,18233.25,18236.0,190
03/14/2024,21:21:00,18235.75,18240.0,18235.0,18238.75,104
03/14/2024,21:24:00,18239.25,18239.5,18235.0,18236.5,88
03/14/2024,21:27:00,18236.5,18241.0,18236.5,18239.25,124
03/14/2024,21:30:00,18239.5,18239.5,18232.75,18234.25,223
03/14/2024,21:33:00,18233.75,18235.25,18232.75,18235.25,105
03/14/2024,21:36:00,18235.75,18237.5,18235.0,18236.25,76
03/14/2024,21:39:00,18236.0,18236.5,18227.75,18229.5,282
03/14/2024,21:42:00,18229.5,18231.0,18225.75,18227.75,220
03/14/2024,21:45:00,18227.0,18232.0,18227.0,18231.5,135
03/14/2024,21:48:00,18231.0,18235.25,18231.0,18231.0,120
03/14/2024,21:51:00,18231.75,18236.5,18230.25,18236.25,176
03/14/2024,21:54:00,18236.0,18238.25,18232.5,18235.5,250
03/14/2024,21:57:00,18235.0,18241.25,18234.75,18240.25,290
03/14/2024,22:00:00,18240.75,18242.0,18237.5,18238.75,104
03/14/2024,22:03:00,18238.75,18241.75,18238.25,18240.25,138
03/14/2024,22:06:00,18240.75,18242.75,18239.25,18242.25,66
03/14/2024,22:09:00,18242.25,18242.25,18237.0,18238.0,107
03/14/2024,22:12:00,18238.25,18238.25,18233.25,18234.0,113
03/14/2024,22:15:00,18233.5,18240.25,18232.5,18239.75,126
03/14/2024,22:18:00,18240.0,18240.75,18238.75,18240.25,38
03/14/2024,22:21:00,18240.75,18244.0,18239.75,18244.0,92
03/14/2024,22:24:00,18243.25,18244.5,18242.75,18243.25,103
03/14/2024,22:27:00,18243.25,18244.25,18240.75,18242.75,131
03/14/2024,22:30:00,18242.25,18245.0,18239.25,18242.5,245
03/14/2024,22:33:00,18242.5,18244.0,18241.5,18243.75,55
03/14/2024,22:36:00,18243.75,18245.0,18241.0,18243.75,125
03/14/2024,22:39:00,18244.0,18246.25,18242.5,18244.5,90
03/14/2024,22:42:00,18244.5,18247.0,18244.25,18246.75,47
03/14/2024,22:45:00,18247.0,18247.75,18244.25,18244.75,104
03/14/2024,22:48:00,18244.25,18247.5,18244.25,18245.75,89
03/14/2024,22:51:00,18245.75,18246.0,18244.5,18245.75,60
03/14/2024,22:54:00,18245.25,18246.5,18243.5,18245.25,97
03/14/2024,22:57:00,18245.75,18246.25,18244.75,18244.75,39
03/14/2024,23:00:00,18244.5,18245.0,18240.75,18243.0,103
03/14/2024,23:03:00,18242.25,18242.75,18238.0,18238.25,129
03/14/2024,23:06:00,18239.0,18242.75,18238.75,18241.75,47
03/14/2024,23:09:00,18242.5,18243.0,18240.75,18242.0,53
03/14/2024,23:12:00,18242.5,18243.0,18240.0,18240.0,34
03/14/2024,23:15:00,18240.25,18241.5,18237.0,18239.0,190
03/14/2024,23:18:00,18239.75,18239.75,18233.25,18236.5,208
03/14/2024,23:21:00,18236.5,18237.25,18232.5,18233.0,78
03/14/2024,23:24:00,18232.25,18233.75,18230.75,18233.5,118
03/14/2024,23:27:00,18233.5,18234.25,18232.25,18233.5,66
03/14/2024,23:30:00,18233.5,18233.5,18229.25,18229.25,106
03/14/2024,23:33:00,18229.25,18231.75,18227.75,18230.0,86
03/14/2024,23:36:00,18229.25,18229.75,18222.0,18222.5,227
03/14/2024,23:39:00,18222.75,18227.75,18220.25,18226.75,228
03/14/2024,23:42:00,18227.0,18227.5,18222.0,18223.25,151
03/14/2024,23:45:00,18222.75,18224.25,18221.0,18221.5,131
03/14/2024,23:48:00,18221.25,18223.25,18220.25,18223.25,119
03/14/2024,23:51:00,18223.25,18225.0,18222.75,18224.75,129
03/14/2024,23:54:00,18224.5,18225.0,18223.0,18223.0,44
03/14/2024,23:57:00,18223.75,18226.5,18223.25,18224.75,120
03/15/2024,00:00:00,18225.0,18229.0,18224.75,18228.75,164
03/15/2024,00:03:00,18227.75,18228.5,18224.0,18225.75,126
03/15/2024,00:06:00,18225.25,18228.5,18225.25,18227.5,76
03/15/2024,00:09:00,18226.75,18231.75,18226.25,18227.5,187
03/15/2024,00:12:00,18227.75,18227.75,18223.75,18224.25,83
03/15/2024,00:15:00,18224.75,18226.25,18217.5,18221.75,394
03/15/2024,00:18:00,18221.5,18228.25,18219.25,18228.0,148
03/15/2024,00:21:00,18227.75,18229.75,18227.25,18228.5,112
03/15/2024,00:24:00,18228.75,18228.75,18224.0,18224.5,93
03/15/2024,00:27:00,18224.75,18226.75,18224.0,18225.75,43
03/15/2024,00:30:00,18226.0,18226.0,18221.0,18221.25,119
03/15/2024,00:33:00,18221.75,18222.0,18217.75,18219.5,134
03/15/2024,00:36:00,18219.75,18222.25,18216.5,18217.0,195
03/15/2024,00:39:00,18217.0,18218.25,18212.0,18213.5,233
03/15/2024,00:42:00,18213.5,18214.0,18206.25,18206.5,401
03/15/2024,00:45:00,18206.75,18214.5,18205.5,18213.5,304
03/15/2024,00:48:00,18212.75,18216.75,18212.5,18216.75,108
03/15/2024,00:51:00,18217.0,18222.25,18216.0,18221.0,195
03/15/2024,00:54:00,18222.0,18223.75,18218.75,18218.75,173
03/15/2024,00:57:00,18219.0,18219.5,18215.5,18216.75,188
03/15/2024,01:00:00,18215.75,18215.75,18209.75,18211.25,192
03/15/2024,01:03:00,18211.0,18214.75,18211.0,18212.25,118
03/15/2024,01:06:00,18212.0,18215.5,18210.25,18214.5,128
03/15/2024,01:09:00,18214.5,18214.5,18209.0,18210.75,151
03/15/2024,01:12:00,18210.75,18214.75,18209.25,18212.25,111
03/15/2024,01:15:00,18212.5,18221.5,18211.5,18220.25,146
03/15/2024,01:18:00,18221.25,18222.5,18219.0,18219.5,173
03/15/2024,01:21:00,18219.5,18219.75,18216.25,18217.75,117
03/15/2024,01:24:00,18218.5,18221.25,18214.75,18214.75,151
03/15/2024,01:27:00,18215.5,18215.75,18211.5,18211.5,87
03/15/2024,01:30:00,18211.5,18213.0,18210.0,18213.0,107
03/15/2024,01:33:00,18212.5,18216.25,18212.25,18215.5,95
03/15/2024,01:36:00,18216.25,18218.0,18211.5,18215.5,196
03/15/2024,01:39:00,18215.5,18216.5,18213.5,18214.75,54
03/15/2024,01:42:00,18214.75,18218.75,18214.75,18217.75,104
03/15/2024,01:45:00,18217.75,18221.25,18217.0,18220.75,139
03/15/2024,01:48:00,18221.0,18223.5,18219.25,18221.0,204
03/15/2024,01:51:00,18221.0,18221.0,18213.5,18215.25,235
03/15/2024,01:54:00,18215.25,18216.0,18209.5,18213.5,230
03/15/2024,01:57:00,18214.75,18220.0,18212.75,18218.5,196
03/15/2024,02:00:00,18220.0,18221.25,18211.5,18216.75,276
03/15/2024,02:03:00,18217.0,18224.75,18214.0,18223.0,344
03/15/2024,02:06:00,18223.75,18232.25,18223.5,18229.5,428
03/15/2024,02:09:00,18229.0,18231.0,18225.0,18227.75,205
03/15/2024,02:12:00,18227.75,18233.5,18226.75,18228.5,218
03/15/2024,02:15:00,18228.5,18229.5,18222.5,18227.0,197
03/15/2024,02:18:00,18226.75,18235.75,18226.75,18233.25,311
03/15/2024,02:21:00,18233.25,18234.5,18229.0,18233.5,134
03/15/2024,02:24:00,18233.25,18235.75,18229.5,18230.0,149
03/15/2024,02:27:00,18229.75,18239.0,18229.5,18239.0,371
03/15/2024,02:30:00,18238.5,18239.25,18234.0,18237.5,144
03/15/2024,02:33:00,18236.75,18238.25,18232.5,18235.25,207
03/15/2024,02:36:00,18235.25,18242.75,18229.25,18241.75,492
03/15/2024,02:39:00,18241.5,18242.25,18238.25,18239.25,180
03/15/2024,02:42:00,18239.5,18240.0,18236.0,18238.25,143
03/15/2024,02:45:00,18238.0,18240.25,18233.25,18233.5,178
03/15/2024,02:48:00,18234.0,18234.0,18228.0,18229.75,193
03/15/2024,02:51:00,18229.25,18231.25,18228.0,18229.75,103
03/15/2024,02:54:00,18230.0,18230.0,18216.0,18217.75,529
03/15/2024,02:57:00,18218.25,18219.0,18208.25,18211.0,634
03/15/2024,03:00:00,18210.0,18223.0,18209.5,18221.0,755
03/15/2024,03:03:00,18221.75,18238.75,18218.25,18237.75,757
03/15/2024,03:06:00,18237.5,18245.0,18236.75,18244.5,648
03/15/2024,03:09:00,18244.25,18249.25,18241.5,18247.5,692
03/15/2024,03:12:00,18247.5,18248.0,18242.75,18245.25,290
03/15/2024,03:15:00,18245.5,18249.75,18239.5,18239.75,487
03/15/2024,03:18:00,18240.5,18243.75,18239.25,18243.25,286
03/15/2024,03:21:00,18242.25,18245.5,18241.0,18243.5,171
03/15/2024,03:24:00,18244.25,18248.0,18243.75,18245.0,266
03/15/2024,03:27:00,18244.5,18245.0,18236.5,18244.0,477
03/15/2024,03:30:00,18244.5,18248.0,18244.25,18247.0,289
03/15/2024,03:33:00,18246.5,18247.0,18238.25,18241.5,241
03/15/2024,03:36:00,18240.75,18246.25,18235.25,18243.75,375
03/15/2024,03:39:00,18244.5,18259.0,18244.5,18257.75,826
03/15/2024,03:42:00,18258.5,18259.5,18251.5,18258.0,422
03/15/2024,03:45:00,18258.25,18260.0,18254.5,18257.5,397
03/15/2024,03:48:00,18257.5,18259.5,18248.25,18251.0,427
03/15/2024,03:51:00,18250.75,18258.25,18250.75,18256.5,292
03/15/2024,03:54:00,18257.0,18261.75,18254.25,18261.0,229
03/15/2024,03:57:00,18260.5,18265.0,18258.75,18259.25,462
03/15/2024,04:00:00,18259.25,18264.25,18258.5,18263.25,278
03/15/2024,04:03:00,18263.5,18266.5,18262.0,18262.25,307
03/15/2024,04:06:00,18262.0,18274.5,18261.25,18274.25,479
03/15/2024,04:09:00,18274.25,18275.25,18268.0,18268.0,346
03/15/2024,04:12:00,18268.0,18271.5,18265.5,18267.75,198
03/15/2024,04:15:00,18267.5,18267.5,18259.25,18264.5,385
03/15/2024,04:18:00,18265.0,18267.75,18262.5,18263.5,232
03/15/2024,04:21:00,18262.75,18269.0,18260.75,18268.0,288
03/15/2024,04:24:00,18267.75,18270.0,18263.25,18263.25,391
03/15/2024,04:27:00,18263.25,18264.25,18254.0,18263.5,463
03/15/2024,04:30:00,18264.0,18276.75,18264.0,18273.5,721
03/15/2024,04:33:00,18273.5,18283.5,18272.5,18279.75,697
03/15/2024,04:36:00,18280.75,18284.5,18277.5,18284.0,329
03/15/2024,04:39:00,18284.25,18285.75,18281.25,18283.25,371
03/15/2024,04:42:00,18282.5,18284.0,18279.5,18279.75,212
03/15/2024,04:45:00,18280.0,18291.5,18280.0,18288.75,784
03/15/2024,04:48:00,18288.75,18292.0,18287.5,18291.5,269
03/15/2024,04:51:00,18291.5,18297.25,18289.5,18295.75,494
03/15/2024,04:54:00,18295.5,18302.25,18295.0,18295.75,878
03/15/2024,04:57:00,18295.75,18295.75,18289.0,18289.5,394
03/15/2024,05:00:00,18289.5,18299.75,18289.5,18299.25,455
03/15/2024,05:03:00,18299.0,18302.25,18295.75,18297.5,460
03/15/2024,05:06:00,18297.25,18306.0,18296.75,18304.75,417
03/15/2024,05:09:00,18304.5,18305.5,18298.75,18303.75,286
03/15/2024,05:12:00,18304.25,18307.0,18302.5,18303.5,331
03/15/2024,05:15:00,18303.0,18306.25,18300.0,18305.5,365
03/15/2024,05:18:00,18305.5,18308.0,18301.5,18306.5,422
03/15/2024,05:21:00,18306.75,18313.0,18305.75,18309.5,482
03/15/2024,05:24:00,18309.75,18310.75,18304.75,18307.25,282
03/15/2024,05:27:00,18307.5,18307.5,18303.75,18305.5,200
03/15/2024,05:30:00,18304.75,18312.75,18302.5,18312.25,485
03/15/2024,05:33:00,18311.75,18317.75,18311.0,18314.5,677
03/15/2024,05:36:00,18314.75,18319.75,18314.5,18319.25,421
03/15/2024,05:39:00,18319.5,18322.75,18318.0,18322.0,575
03/15/2024,05:42:00,18322.25,18322.5,18312.0,18312.0,485
03/15/2024,05:45:00,18312.25,18318.25,18311.25,18316.5,428
03/15/2024,05:48:00,18317.25,18320.0,18315.25,18316.75,314
03/15/2024,05:51:00,18317.0,18318.75,18314.0,18318.25,237
03/15/2024,05:54:00,18318.5,18321.0,18314.25,18315.25,367
03/15/2024,05:57:00,18316.0,18316.0,18307.0,18308.0,579
03/15/2024,06:00:00,18307.75,18307.75,18300.75,18305.25,724
03/15/2024,06:03:00,18305.5,18308.0,18301.5,18304.0,375
03/15/2024,06:06:00,18303.75,18308.5,18302.5,18303.75,389
03/15/2024,06:09:00,18303.75,18304.0,18292.75,18292.75,1108
03/15/2024,06:12:00,18292.5,18301.75,18292.25,18301.75,519
03/15/2024,06:15:00,18301.0,18307.75,18298.25,18303.5,522
03/15/2024,06:18:00,18303.25,18303.5,18299.0,18299.5,280
03/15/2024,06:21:00,18299.0,18307.0,18296.75,18298.25,660
03/15/2024,06:24:00,18297.75,18305.0,18297.75,18303.25,304
03/15/2024,06:27:00,18302.75,18306.5,18301.25,18301.25,438
03/15/2024,06:30:00,18301.0,18305.0,18299.5,18300.5,278
03/15/2024,06:33:00,18301.25,18309.75,18300.75,18306.75,374
03/15/2024,06:36:00,18306.5,18307.75,18301.25,18305.25,347
03/15/2024,06:39:00,18305.25,18309.25,18304.25,18306.0,629
03/15/2024,06:42:00,18306.0,18308.0,18300.25,18300.75,435
03/15/2024,06:45:00,18300.5,18301.25,18291.25,18291.25,525
03/15/2024,06:48:00,18291.75,18303.5,18291.5,18301.25,459
03/15/2024,06:51:00,18301.5,18301.5,18293.75,18293.75,366
03/15/2024,06:54:00,18294.25,18294.5,18283.25,18283.75,663
03/15/2024,06:57:00,18283.75,18285.25,18274.0,18281.5,778
03/15/2024,07:00:00,18282.0,18283.5,18270.75,18277.0,1073
03/15/2024,07:03:00,18276.5,18280.25,18268.25,18269.25,776
03/15/2024,07:06:00,18268.75,18271.25,18265.0,18266.75,1001
03/15/2024,07:09:00,18266.0,18275.25,18264.25,18273.0,692
03/15/2024,07:12:00,18273.25,18276.0,18252.0,18256.75,1491
03/15/2024,07:15:00,18256.75,18259.0,18252.0,18255.5,688
03/15/2024,07:18:00,18255.0,18258.75,18247.75,18253.25,1265
03/15/2024,07:21:00,18254.0,18258.25,18250.25,18251.0,570
03/15/2024,07:24:00,18250.75,18259.25,18249.75,18259.0,798
03/15/2024,07:27:00,18258.75,18261.75,18252.5,18260.5,778
03/15/2024,07:30:00,18261.0,18269.75,18252.25,18262.75,1957
03/15/2024,07:33:00,18262.75,18276.75,18257.5,18272.75,1277
03/15/2024,07:36:00,18272.75,18275.25,18256.25,18259.0,1110
03/15/2024,07:39:00,18258.5,18262.0,18237.5,18239.5,2534
03/15/2024,07:42:00,18239.5,18249.0,18232.5,18246.5,1495
03/15/2024,07:45:00,18246.75,18248.75,18232.75,18247.0,1350
03/15/2024,07:48:00,18247.0,18256.25,18242.75,18251.5,1404
03/15/2024,07:51:00,18252.0,18257.25,18242.75,18255.5,1048
03/15/2024,07:54:00,18255.25,18262.25,18255.25,18257.25,995
03/15/2024,07:57:00,18256.75,18262.25,18250.5,18253.25,844
03/15/2024,08:00:00,18252.5,18255.5,18238.75,18243.25,1482
03/15/2024,08:03:00,18243.25,18247.75,18239.0,18242.5,936
03/15/2024,08:06:00,18242.5,18242.5,18228.25,18228.5,1520
03/15/2024,08:09:00,18228.75,18236.0,18223.25,18226.0,2182
03/15/2024,08:12:00,18225.5,18229.0,18217.75,18219.25,1716
03/15/2024,08:15:00,18219.25,18224.25,18208.0,18213.75,3141
03/15/2024,08:18:00,18213.5,18227.25,18210.25,18217.25,2166
03/15/2024,08:21:00,18217.75,18218.0,18192.25,18199.25,3594
03/15/2024,08:24:00,18199.0,18201.0,18168.5,18190.0,5982
03/15/2024,08:27:00,18191.0,18196.0,18130.0,18152.5,12653
03/15/2024,08:30:00,18152.5,18174.5,18127.25,18146.0,20911
03/15/2024,08:33:00,18146.5,18164.0,18130.25,18145.25,11671
03/15/2024,08:36:00,18145.25,18156.0,18105.0,18106.5,13012
03/15/2024,08:39:00,18106.75,18138.75,18103.0,18122.25,9831
03/15/2024,08:42:00,18122.0,18123.5,18080.75,18082.5,9120
03/15/2024,08:45:00,18082.75,18107.0,18070.0,18095.25,10469
03/15/2024,08:48:00,18095.0,18101.0,18083.75,18094.75,6030
03/15/2024,08:51:00,18095.25,18118.5,18091.25,18113.0,6322
03/15/2024,08:54:00,18113.25,18128.75,18098.5,18098.75,6798
03/15/2024,08:57:00,18099.0,18102.5,18084.75,18094.0,3892
03/15/2024,09:00:00,18093.25,18113.75,18061.25,18085.0,11433
03/15/2024,09:03:00,18085.0,18087.0,18047.0,18054.0,8356
03/15/2024,09:06:00,18054.5,18065.5,18029.0,18050.5,10920
03/15/2024,09:09:00,18051.75,18102.0,18051.25,18095.5,7810
03/15/2024,09:12:00,18095.0,18105.5,18077.25,18094.5,5739
03/15/2024,09:15:00,18094.75,18114.25,18092.5,18101.25,6089
03/15/2024,09:18:00,18101.25,18113.0,18085.0,18108.75,4799
03/15/2024,09:21:00,18109.75,18110.5,18083.75,18092.0,4935
03/15/2024,09:24:00,18092.5,18126.0,18091.75,18114.25,6849
03/15/2024,09:27:00,18114.75,18120.0,18099.5,18105.25,4465
03/15/2024,09:30:00,18106.5,18121.5,18100.25,18107.5,4184
03/15/2024,09:33:00,18108.0,18119.0,18093.75,18116.5,4334
03/15/2024,09:36:00,18116.5,18152.0,18115.75,18144.0,8773
03/15/2024,09:39:00,18143.75,18146.0,18128.25,18132.75,4849
03/15/2024,09:42:00,18133.25,18150.25,18132.75,18137.5,3648
03/15/2024,09:45:00,18137.5,18153.75,18134.0,18151.5,4020
03/15/2024,09:48:00,18152.0,18172.0,18146.0,18147.0,6708
03/15/2024,09:51:00,18147.0,18157.25,18142.0,18146.25,3823
03/15/2024,09:54:00,18146.75,18148.0,18130.5,18135.0,4163
03/15/2024,09:57:00,18135.0,18135.0,18116.25,18123.75,5017
03/15/2024,10:00:00,18124.5,18128.75,18106.5,18111.25,4827
03/15/2024,10:03:00,18112.0,18127.25,18106.0,18117.25,4010
03/15/2024,10:06:00,18117.0,18121.0,18098.5,18099.25,3251
03/15/2024,10:09:00,18099.75,18126.0,18098.5,18113.75,4285
03/15/2024,10:12:00,18114.5,18118.75,18104.0,18107.25,2504
03/15/2024,10:15:00,18106.25,18124.0,18104.0,18115.25,2611
03/15/2024,10:18:00,18115.0,18118.0,18092.0,18094.25,3909
03/15/2024,10:21:00,18094.75,18096.75,18082.25,18088.25,3242
03/15/2024,10:24:00,18088.25,18096.0,18080.5,18083.25,3412
03/15/2024,10:27:00,18083.5,18107.5,18081.0,18102.75,3260
03/15/2024,10:30:00,18102.5,18110.5,18090.5,18092.0,3578
03/15/2024,10:33:00,18092.0,18098.75,18078.75,18089.5,3606
03/15/2024,10:36:00,18089.25,18094.0,18066.0,18069.25,4767
03/15/2024,10:39:00,18069.25,18079.25,18063.25,18072.5,3323
03/15/2024,10:42:00,18072.75,18078.25,18064.0,18070.75,2835
03/15/2024,10:45:00,18070.5,18077.0,18057.75,18064.0,3065
03/15/2024,10:48:00,18064.0,18068.0,18050.0,18067.0,3987
03/15/2024,10:51:00,18066.75,18075.0,18059.25,18069.75,3886
03/15/2024,10:54:00,18069.25,18074.0,18060.75,18068.25,2843
03/15/2024,10:57:00,18068.75,18076.0,18057.5,18063.25,2787
03/15/2024,11:00:00,18063.5,18073.25,18056.0,18067.25,2954
03/15/2024,11:03:00,18067.25,18075.25,18056.5,18059.0,2387
03/15/2024,11:06:00,18058.5,18065.0,18054.75,18058.5,2406
03/15/2024,11:09:00,18058.5,18060.75,18041.0,18045.25,3282
03/15/2024,11:12:00,18045.5,18049.5,18036.75,18040.25,3363
03/15/2024,11:15:00,18040.0,18046.5,18022.25,18027.0,4392
03/15/2024,11:18:00,18026.75,18041.75,18024.25,18038.25,3708
03/15/2024,11:21:00,18038.25,18050.5,18037.75,18042.0,2998
03/15/2024,11:24:00,18041.75,18053.75,18039.0,18040.5,3593
03/15/2024,11:27:00,18040.25,18045.75,18037.0,18040.5,1713
03/15/2024,11:30:00,18040.75,18068.0,18038.0,18067.5,4398
03/15/2024,11:33:00,18067.5,18067.75,18035.25,18044.5,3607
03/15/2024,11:36:00,18045.0,18062.25,18042.0,18057.75,2834
03/15/2024,11:39:00,18057.25,18064.25,18050.5,18060.25,2283
03/15/2024,11:42:00,18060.0,18062.75,18043.5,18047.75,2572
03/15/2024,11:45:00,18047.25,18060.0,18042.75,18053.75,2327
03/15/2024,11:48:00,18054.0,18054.25,18033.0,18035.5,2997
03/15/2024,11:51:00,18036.0,18036.0,18015.0,18024.75,4958
03/15/2024,11:54:00,18024.25,18025.0,18009.0,18013.25,3809
03/15/2024,11:57:00,18013.0,18018.0,18006.25,18011.5,3309
03/15/2024,12:00:00,18010.75,18027.25,18009.75,18018.0,3650
03/15/2024,12:03:00,18017.75,18028.75,18008.25,18027.5,2640
03/15/2024,12:06:00,18027.25,18039.0,18026.25,18026.5,2957
03/15/2024,12:09:00,18027.0,18050.25,18026.0,18046.25,2840
03/15/2024,12:12:00,18046.75,18053.25,18038.5,18039.25,2430
03/15/2024,12:15:00,18038.75,18046.75,18037.0,18041.5,1800
03/15/2024,12:18:00,18041.5,18054.0,18040.25,18050.75,1962
03/15/2024,12:21:00,18051.0,18062.25,18048.5,18058.5,2741
03/15/2024,12:24:00,18057.75,18071.5,18053.75,18055.5,3625
03/15/2024,12:27:00,18055.5,18058.75,18047.5,18050.25,2055
03/15/2024,12:30:00,18051.0,18059.0,18048.25,18055.75,1930
03/15/2024,12:33:00,18055.75,18064.0,18048.25,18056.0,1956
03/15/2024,12:36:00,18056.25,18061.5,18051.25,18060.0,1450
03/15/2024,12:39:00,18059.75,18072.25,18059.0,18065.5,2055
03/15/2024,12:42:00,18065.5,18073.5,18063.0,18063.5,1789
03/15/2024,12:45:00,18063.5,18064.75,18048.5,18049.25,2064
03/15/2024,12:48:00,18049.25,18053.0,18037.25,18049.75,3171
03/15/2024,12:51:00,18049.75,18066.0,18045.0,18064.5,2438
03/15/2024,12:54:00,18065.0,18082.5,18062.5,18078.25,3762
03/15/2024,12:57:00,18078.0,18085.0,18069.25,18081.0,3151
03/15/2024,13:00:00,18081.5,18091.25,18080.0,18085.75,2668
03/15/2024,13:03:00,18086.0,18089.0,18074.0,18074.0,2134
03/15/2024,13:06:00,18074.0,18077.0,18065.0,18075.25,2118
03/15/2024,13:09:00,18075.0,18077.0,18066.5,18068.75,1675
03/15/2024,13:12:00,18068.75,18070.5,18052.25,18060.5,2968
03/15/2024,13:15:00,18060.25,18068.0,18054.5,18061.0,1924
03/15/2024,13:18:00,18060.25,18069.0,18059.0,18064.0,1904
03/15/2024,13:21:00,18063.5,18070.25,18059.75,18065.0,1628
03/15/2024,13:24:00,18065.0,18066.75,18044.25,18045.75,2949
03/15/2024,13:27:00,18046.0,18058.75,18041.25,18056.5,2593
03/15/2024,13:30:00,18056.5,18073.0,18053.75,18068.75,2735
03/15/2024,13:33:00,18069.0,18075.0,18061.0,18063.75,3003
03/15/2024,13:36:00,18063.75,18083.0,18062.75,18080.0,2013
03/15/2024,13:39:00,18080.0,18096.0,18076.25,18094.5,3002
03/15/2024,13:42:00,18094.0,18101.25,18087.25,18093.25,3792
03/15/2024,13:45:00,18093.25,18093.5,18073.75,18075.0,2184
03/15/2024,13:48:00,18075.25,18081.75,18066.0,18074.5,2053
03/15/2024,13:51:00,18074.25,18087.5,18070.0,18076.75,3090
03/15/2024,13:54:00,18076.25,18096.5,18076.25,18092.75,2156
03/15/2024,13:57:00,18092.5,18094.0,18079.5,18083.5,2039
03/15/2024,14:00:00,18083.25,18092.5,18077.0,18092.5,1917
03/15/2024,14:03:00,18091.75,18101.0,18088.25,18090.25,2365
03/15/2024,14:06:00,18089.5,18090.25,18074.25,18076.75,2613
03/15/2024,14:09:00,18076.75,18084.75,18067.5,18076.75,2702
03/15/2024,14:12:00,18076.25,18086.5,18076.25,18082.0,2261
03/15/2024,14:15:00,18082.25,18086.75,18070.5,18072.25,2131
03/15/2024,14:18:00,18073.25,18080.75,18069.25,18072.0,1814
03/15/2024,14:21:00,18071.75,18072.75,18060.0,18071.0,2867
03/15/2024,14:24:00,18070.75,18087.5,18070.5,18087.25,2622
03/15/2024,14:27:00,18087.5,18106.75,18077.5,18088.25,7115
03/15/2024,14:30:00,18088.75,18094.25,18075.25,18075.5,2577
03/15/2024,14:33:00,18076.5,18088.75,18072.75,18085.25,2492
03/15/2024,14:36:00,18085.25,18090.25,18068.5,18068.75,2760
03/15/2024,14:39:00,18069.0,18077.5,18066.25,18070.25,2505
03/15/2024,14:42:00,18070.5,18075.5,18060.75,18069.0,2821
03/15/2024,14:45:00,18068.75,18073.75,18064.0,18073.0,2332
03/15/2024,14:48:00,18073.0,18075.0,18055.25,18056.5,3869
03/15/2024,14:51:00,18056.75,18060.75,18044.0,18045.25,5467
03/15/2024,14:54:00,18045.5,18070.5,18044.75,18053.25,6400
03/15/2024,14:57:00,18053.0,18063.0,18048.0,18058.5,13693
03/15/2024,15:00:00,18058.25,18078.0,18056.0,18064.5,6533
03/15/2024,15:03:00,18064.25,18071.5,18062.0,18071.5,2133
03/15/2024,15:06:00,18071.75,18072.25,18067.0,18070.5,1483
03/15/2024,15:09:00,18070.5,18073.75,18069.75,18070.5,1070
03/15/2024,15:12:00,18070.5,18075.0,18070.0,18073.75,1231
03/15/2024,15:15:00,18074.0,18074.0,18062.75,18067.5,648
03/15/2024,15:18:00,18067.5,18070.0,18065.25,18065.5,484
03/15/2024,15:21:00,18066.25,18068.0,18065.75,18067.25,316
03/15/2024,15:24:00,18067.5,18080.75,18067.5,18079.25,714
03/15/2024,15:27:00,18079.0,18079.75,18074.0,18075.75,346
03/15/2024,15:30:00,18076.0,18078.25,18072.25,18075.5,372
03/15/2024,15:33:00,18075.5,18076.75,18069.25,18069.25,452
03/15/2024,15:36:00,18069.5,18071.0,18067.75,18068.5,318
03/15/2024,15:39:00,18069.0,18069.25,18062.5,18063.0,321
03/15/2024,15:42:00,18063.75,18064.25,18060.5,18062.75,294
03/15/2024,15:45:00,18062.75,18063.75,18060.0,18062.5,311
03/15/2024,15:48:00,18061.5,18065.5,18060.75,18062.75,281
03/15/2024,15:51:00,18062.75,18062.75,18059.5,18060.75,273
03/15/2024,15:54:00,18060.5,18063.0,18060.5,18063.0,349
03/15/2024,15:57:00,18063.25,18064.75,18060.25,18063.5,632
03/17/2024,17:00:00,18073.5,18082.0,18062.25,18074.5,585
03/17/2024,17:03:00,18074.75,18077.5,18068.5,18077.5,254
03/17/2024,17:06:00,18077.5,18103.0,18076.5,18098.5,824
03/17/2024,17:09:00,18098.0,18102.25,18092.25,18093.5,423
03/17/2024,17:12:00,18093.25,18102.0,18090.0,18099.75,365
03/17/2024,17:15:00,18100.0,18101.75,18093.25,18093.5,176
03/17/2024,17:18:00,18094.25,18097.5,18092.75,18094.25,144
03/17/2024,17:21:00,18095.25,18103.0,18095.0,18099.5,271
03/17/2024,17:24:00,18100.25,18103.0,18098.0,18099.5,196
03/17/2024,17:27:00,18099.25,18102.25,18098.0,18101.0,110
03/17/2024,17:30:00,18102.0,18103.0,18093.25,18093.25,226
03/17/2024,17:33:00,18093.25,18094.0,18087.0,18087.75,373
03/17/2024,17:36:00,18088.25,18096.75,18084.5,18095.25,400
03/17/2024,17:39:00,18095.25,18097.5,18093.25,18094.0,142
03/17/2024,17:42:00,18093.75,18095.25,18089.25,18089.75,104
03/17/2024,17:45:00,18089.25,18095.25,18089.25,18090.75,88
03/17/2024,17:48:00,18090.75,18091.75,18089.25,18091.75,103
03/17/2024,17:51:00,18091.5,18091.5,18079.5,18084.5,351
03/17/2024,17:54:00,18083.75,18084.5,18078.5,18083.75,176
03/17/2024,17:57:00,18084.5,18084.75,18070.25,18071.0,306
03/17/2024,18:00:00,18071.5,18077.5,18071.5,18074.25,278
03/17/2024,18:03:00,18074.25,18076.0,18063.0,18076.0,534
03/17/2024,18:06:00,18075.75,18077.5,18064.25,18064.75,295
03/17/2024,18:09:00,18065.0,18070.5,18063.0,18063.75,306
03/17/2024,18:12:00,18063.75,18066.0,18063.0,18064.25,203
03/17/2024,18:15:00,18064.25,18072.25,18064.25,18070.5,239
03/17/2024,18:18:00,18070.5,18074.0,18067.0,18072.0,145
03/17/2024,18:21:00,18071.0,18074.75,18071.0,18074.75,70
03/17/2024,18:24:00,18074.5,18081.25,18073.0,18077.25,318
03/17/2024,18:27:00,18078.0,18079.75,18074.5,18075.75,110
03/17/2024,18:30:00,18075.25,18084.5,18075.25,18081.25,244
03/17/2024,18:33:00,18080.5,18083.0,18079.0,18080.5,112
03/17/2024,18:36:00,18079.75,18088.5,18079.75,18083.25,262
03/17/2024,18:39:00,18084.0,18085.0,18077.75,18079.0,111
03/17/2024,18:42:00,18078.75,18082.5,18078.75,18081.0,79
03/17/2024,18:45:00,18081.25,18083.75,18077.25,18083.75,113
03/17/2024,18:48:00,18083.0,18087.5,18082.5,18087.0,177
03/17/2024,18:51:00,18087.5,18087.5,18081.0,18084.25,136
03/17/2024,18:54:00,18083.5,18084.0,18079.5,18080.25,141
03/17/2024,18:57:00,18080.0,18081.0,18078.5,18079.25,75
03/17/2024,19:00:00,18079.0,18079.75,18072.5,18077.0,302
03/17/2024,19:03:00,18077.75,18081.75,18063.5,18064.0,366
03/17/2024,19:06:00,18065.0,18071.75,18065.0,18068.25,206
03/17/2024,19:09:00,18068.25,18073.5,18064.25,18072.0,204
03/17/2024,19:12:00,18071.75,18078.25,18071.5,18076.25,295
03/17/2024,19:15:00,18077.25,18077.25,18073.5,18075.0,167
03/17/2024,19:18:00,18075.0,18077.25,18073.75,18073.75,137
03/17/2024,19:21:00,18074.0,18076.75,18071.25,18071.75,116
03/17/2024,19:24:00,18072.25,18079.0,18070.5,18079.0,168
03/17/2024,19:27:00,18079.0,18079.0,18074.75,18075.5,74
03/17/2024,19:30:00,18075.25,18076.25,18072.75,18074.0,74
03/17/2024,19:33:00,18073.5,18078.25,18071.75,18077.75,101
03/17/2024,19:36:00,18078.5,18078.75,18074.75,18075.25,109
03/17/2024,19:39:00,18075.5,18081.25,18074.75,18080.5,124
03/17/2024,19:42:00,18080.25,18086.25,18078.0,18085.0,251
03/17/2024,19:45:00,18085.0,18087.0,18080.75,18083.25,155
03/17/2024,19:48:00,18083.5,18088.5,18083.0,18087.5,224
03/17/2024,19:51:00,18088.0,18088.25,18085.0,18087.0,136
03/17/2024,19:54:00,18086.5,18093.5,18085.0,18092.0,247
03/17/2024,19:57:00,18091.75,18091.75,18087.25,18089.75,132
03/17/2024,20:00:00,18088.75,18090.5,18085.0,18085.75,236
03/17/2024,20:03:00,18085.75,18095.25,18085.5,18094.75,311
03/17/2024,20:06:00,18095.0,18096.25,18090.75,18094.5,257
03/17/2024,20:09:00,18094.5,18101.0,18093.0,18100.0,341
03/17/2024,20:12:00,18100.75,18104.0,18098.5,18098.75,380
03/17/2024,20:15:00,18098.25,18098.75,18093.25,18095.0,211
03/17/2024,20:18:00,18095.0,18095.0,18091.25,18091.75,136
03/17/2024,20:21:00,18091.75,18092.25,18088.5,18090.75,270
03/17/2024,20:24:00,18091.5,18096.0,18090.25,18090.25,191
03/17/2024,20:27:00,18090.75,18093.5,18088.75,18091.75,123
03/17/2024,20:30:00,18092.0,18098.5,18092.0,18098.0,193
03/17/2024,20:33:00,18097.25,18101.0,18095.5,18100.75,199
03/17/2024,20:36:00,18101.0,18102.25,18099.0,18101.75,149
03/17/2024,20:39:00,18101.0,18101.0,18098.0,18100.75,119
03/17/2024,20:42:00,18100.75,18101.75,18098.25,18099.0,105
03/17/2024,20:45:00,18098.75,18101.0,18098.75,18100.75,49
03/17/2024,20:48:00,18100.25,18105.25,18100.25,18103.75,246
03/17/2024,20:51:00,18103.25,18104.25,18099.5,18104.25,101
03/17/2024,20:54:00,18103.75,18112.0,18103.25,18111.5,548
03/17/2024,20:57:00,18112.0,18112.75,18107.75,18109.5,331
03/17/2024,21:00:00,18110.5,18116.5,18110.5,18111.5,391
03/17/2024,21:03:00,18112.0,18113.25,18107.75,18109.25,211
03/17/2024,21:06:00,18109.0,18112.25,18106.25,18107.25,187
03/17/2024,21:09:00,18107.25,18113.5,18107.0,18112.75,196
03/17/2024,21:12:00,18113.0,18113.75,18106.75,18109.75,188
03/17/2024,21:15:00,18110.5,18111.5,18108.5,18109.75,105
03/17/2024,21:18:00,18110.0,18112.5,18107.0,18110.5,162
03/17/2024,21:21:00,18110.0,18113.75,18108.25,18112.0,110
03/17/2024,21:24:00,18112.25,18115.0,18112.0,18113.25,193
03/17/2024,21:27:00,18112.5,18116.25,18110.5,18114.5,191
03/17/2024,21:30:00,18114.75,18115.5,18109.25,18111.5,263
03/17/2024,21:33:00,18111.5,18119.75,18111.25,18117.25,340
03/17/2024,21:36:00,18117.0,18121.5,18117.0,18118.5,299
03/17/2024,21:39:00,18119.5,18121.25,18117.0,18117.75,113
03/17/2024,21:42:00,18117.0,18119.5,18116.75,18119.5,126
03/17/2024,21:45:00,18119.75,18124.0,18119.75,18121.75,276
03/17/2024,21:48:00,18122.0,18123.75,18119.75,18122.0,164
03/17/2024,21:51:00,18122.75,18123.5,18120.5,18120.75,115
03/17/2024,21:54:00,18120.75,18121.25,18117.5,18119.25,162
03/17/2024,21:57:00,18118.75,18121.0,18118.75,18119.75,64
03/17/2024,22:00:00,18120.0,18123.5,18119.75,18123.5,149
03/17/2024,22:03:00,18123.75,18125.25,18121.75,18123.25,191
03/17/2024,22:06:00,18123.25,18126.0,18121.5,18125.0,106
03/17/2024,22:09:00,18124.75,18125.0,18123.25,18124.75,85
03/17/2024,22:12:00,18125.0,18127.0,18120.0,18122.25,287
03/17/2024,22:15:00,18123.25,18124.25,18120.75,18121.5,90
03/17/2024,22:18:00,18121.25,18122.5,18120.0,18121.75,126
03/17/2024,22:21:00,18121.5,18122.0,18120.0,18121.0,41
03/17/2024,22:24:00,18120.75,18124.5,18120.75,18123.5,138
03/17/2024,22:27:00,18123.25,18124.25,18122.25,18123.25,61
03/17/2024,22:30:00,18123.5,18124.25,18123.0,18123.25,50
03/17/2024,22:33:00,18123.0,18123.0,18120.0,18122.0,137
03/17/2024,22:36:00,18122.75,18125.5,18122.75,18124.75,154
03/17/2024,22:39:00,18124.75,18125.0,18118.75,18119.5,249
03/17/2024,22:42:00,18119.0,18120.0,18116.5,18119.25,169
03/17/2024,22:45:00,18119.5,18121.75,18118.5,18120.75,154
03/17/2024,22:48:00,18121.5,18121.75,18120.5,18120.75,40
03/17/2024,22:51:00,18120.5,18122.75,18116.25,18120.5,292
03/17/2024,22:54:00,18120.5,18122.25,18117.75,18119.75,204
03/17/2024,22:57:00,18120.0,18126.75,18119.75,18125.25,205
03/17/2024,23:00:00,18125.25,18126.0,18122.5,18123.25,111
03/17/2024,23:03:00,18123.75,18128.5,18123.25,18126.5,164
03/17/2024,23:06:00,18125.75,18128.75,18125.75,18128.25,102
03/17/2024,23:09:00,18128.25,18134.75,18128.0,18134.25,387
03/17/2024,23:12:00,18134.5,18134.75,18132.0,18134.0,139
03/17/2024,23:15:00,18134.5,18136.5,18131.75,18132.0,188
03/17/2024,23:18:00,18132.25,18134.75,18132.0,18132.5,93
03/17/2024,23:21:00,18132.0,18134.0,18130.5,18133.25,121
03/17/2024,23:24:00,18133.0,18133.75,18131.25,18133.25,59
03/17/2024,23:27:00,18133.25,18133.75,18131.25,18133.0,65
03/17/2024,23:30:00,18133.5,18137.5,18133.25,18136.75,172
03/17/2024,23:33:00,18136.5,18138.75,18134.25,18135.75,110
03/17/2024,23:36:00,18135.75,18137.75,18135.25,18137.5,87
03/17/2024,23:39:00,18137.25,18141.0,18136.25,18139.0,279
03/17/2024,23:42:00,18139.75,18141.5,18139.5,18140.0,150
03/17/2024,23:45:00,18140.5,18140.5,18138.0,18138.25,94
03/17/2024,23:48:00,18138.25,18138.75,18136.0,18137.25,132
03/17/2024,23:51:00,18136.75,18140.0,18136.25,18138.25,85
03/17/2024,23:54:00,18138.75,18138.75,18136.5,18137.0,81
03/17/2024,23:57:00,18137.25,18138.0,18136.5,18137.25,72
03/18/2024,00:00:00,18137.5,18137.75,18134.75,18137.0,196
03/18/2024,00:03:00,18137.0,18138.25,18135.25,18137.5,89
03/18/2024,00:06:00,18137.75,18143.75,18137.5,18141.0,310
03/18/2024,00:09:00,18141.0,18142.0,18140.25,18141.5,109
03/18/2024,00:12:00,18141.75,18143.75,18141.25,18142.0,96
03/18/2024,00:15:00,18142.5,18145.5,18140.75,18141.5,238
03/18/2024,00:18:00,18141.75,18143.25,18140.25,18142.0,149
03/18/2024,00:21:00,18142.0,18143.25,18138.5,18142.0,291
03/18/2024,00:24:00,18142.0,18145.5,18141.75,18144.25,159
03/18/2024,00:27:00,18144.5,18147.75,18144.0,18146.25,170
03/18/2024,00:30:00,18146.25,18152.5,18146.25,18149.0,558
03/18/2024,00:33:00,18149.25,18151.0,18148.25,18149.5,92
03/18/2024,00:36:00,18149.0,18152.25,18148.0,18149.75,216
03/18/2024,00:39:00,18149.25,18156.75,18149.25,18154.5,371
03/18/2024,00:42:00,18153.25,18156.0,18151.25,18151.75,157
03/18/2024,00:45:00,18151.5,18157.25,18151.25,18155.25,280
03/18/2024,00:48:00,18155.5,18158.0,18155.25,18157.25,146
03/18/2024,00:51:00,18156.75,18157.0,18154.75,18155.75,128
03/18/2024,00:54:00,18156.5,18158.75,18154.25,18157.5,132
03/18/2024,00:57:00,18157.25,18159.0,18155.0,18155.5,107
03/18/2024,01:00:00,18155.75,18158.0,18154.25,18157.25,189
03/18/2024,01:03:00,18158.0,18161.25,18157.5,18160.5,267
03/18/2024,01:06:00,18160.75,18166.0,18160.0,18164.5,307
03/18/2024,01:09:00,18164.25,18165.5,18162.0,18164.0,128
03/18/2024,01:12:00,18163.5,18165.25,18163.5,18164.75,95
03/18/2024,01:15:00,18165.0,18166.0,18162.75,18164.25,109
03/18/2024,01:18:00,18163.75,18164.0,18160.0,18162.5,172
03/18/2024,01:21:00,18162.5,18162.75,18156.5,18158.0,237
03/18/2024,01:24:00,18158.5,18159.75,18157.0,18159.75,123
03/18/2024,01:27:00,18160.0,18160.0,18151.5,18153.75,437
03/18/2024,01:30:00,18154.0,18157.25,18154.0,18156.25,219
03/18/2024,01:33:00,18156.5,18159.25,18156.25,18157.75,97
03/18/2024,01:36:00,18157.5,18159.25,18155.75,18157.0,134
03/18/2024,01:39:00,18156.75,18156.75,18153.25,18154.5,153
03/18/2024,01:42:00,18154.0,18158.0,18153.5,18157.25,110
03/18/2024,01:45:00,18157.25,18158.25,18153.5,18157.75,197
03/18/2024,01:48:00,18158.25,18163.5,18157.75,18159.25,215
03/18/2024,01:51:00,18159.5,18160.75,18155.5,18156.25,112
03/18/2024,01:54:00,18156.25,18157.75,18155.5,18157.75,86
03/18/2024,01:57:00,18157.75,18157.75,18152.0,18154.0,196
03/18/2024,02:00:00,18154.25,18160.0,18152.0,18159.75,462
03/18/2024,02:03:00,18159.75,18161.75,18157.5,18161.5,254
03/18/2024,02:06:00,18162.0,18162.5,18157.75,18158.5,208
03/18/2024,02:09:00,18158.5,18160.25,18155.0,18160.25,183
03/18/2024,02:12:00,18160.0,18160.0,18154.5,18156.5,171
03/18/2024,02:15:00,18157.5,18160.75,18154.5,18155.0,256
03/18/2024,02:18:00,18155.0,18160.25,18154.5,18160.0,149
03/18/2024,02:21:00,18160.25,18166.0,18159.0,18165.5,373
03/18/2024,02:24:00,18166.0,18169.0,18161.5,18162.75,326
03/18/2024,02:27:00,18163.0,18163.0,18149.0,18150.0,571
03/18/2024,02:30:00,18149.75,18159.0,18147.5,18155.25,477
03/18/2024,02:33:00,18155.0,18156.75,18151.0,18154.25,277
03/18/2024,02:36:00,18154.0,18158.5,18151.75,18157.0,178
03/18/2024,02:39:00,18156.75,18158.25,18152.0,18158.0,250
03/18/2024,02:42:00,18158.0,18164.0,18155.25,18155.25,416
03/18/2024,02:45:00,18155.0,18162.25,18154.5,18155.5,250
03/18/2024,02:48:00,18155.25,18156.25,18152.75,18152.75,263
03/18/2024,02:51:00,18153.25,18153.25,18148.75,18148.75,295
03/18/2024,02:54:00,18149.25,18151.25,18146.25,18148.5,393
03/18/2024,02:57:00,18148.5,18154.25,18145.75,18147.5,320
03/18/2024,03:00:00,18148.0,18158.5,18144.0,18157.25,1067
03/18/2024,03:03:00,18158.5,18167.5,18157.75,18158.75,847
03/18/2024,03:06:00,18158.25,18161.25,18154.25,18158.75,462
03/18/2024,03:09:00,18159.75,18171.75,18159.75,18170.5,753
03/18/2024,03:12:00,18170.25,18171.0,18165.25,18166.5,295
03/18/2024,03:15:00,18167.0,18172.0,18157.5,18158.25,671
03/18/2024,03:18:00,18158.25,18161.25,18150.5,18153.25,622
03/18/2024,03:21:00,18152.5,18160.5,18152.5,18159.0,431
03/18/2024,03:24:00,18158.5,18162.0,18154.5,18160.0,232
03/18/2024,03:27:00,18159.25,18159.25,18145.75,18145.75,492
03/18/2024,03:30:00,18146.0,18150.75,18139.25,18148.25,1036
03/18/2024,03:33:00,18149.75,18152.5,18147.25,18150.25,353
03/18/2024,03:36:00,18150.25,18155.25,18147.5,18152.25,448
03/18/2024,03:39:00,18151.75,18160.25,18151.5,18157.5,474
03/18/2024,03:42:00,18158.0,18161.25,18156.25,18160.25,278
03/18/2024,03:45:00,18160.0,18162.5,18157.75,18158.75,335
03/18/2024,03:48:00,18158.5,18178.75,18158.5,18177.25,1456
03/18/2024,03:51:00,18178.0,18182.0,18171.0,18180.25,645
03/18/2024,03:54:00,18181.0,18184.5,18179.0,18183.75,531
03/18/2024,03:57:00,18183.25,18188.75,18179.75,18187.5,619
03/18/2024,04:00:00,18187.5,18195.0,18186.5,18190.0,1064
03/18/2024,04:03:00,18190.5,18194.75,18189.0,18194.75,381
03/18/2024,04:06:00,18194.25,18195.5,18186.0,18187.25,755
03/18/2024,04:09:00,18187.75,18190.25,18182.75,18187.0,533
03/18/2024,04:12:00,18187.0,18189.0,18178.25,18179.75,494
03/18/2024,04:15:00,18178.75,18179.75,18173.25,18176.25,590
03/18/2024,04:18:00,18177.0,18177.0,18168.25,18170.75,442
03/18/2024,04:21:00,18170.0,18173.5,18168.25,18171.25,340
03/18/2024,04:24:00,18171.25,18179.0,18170.5,18174.75,396
03/18/2024,04:27:00,18174.5,18178.25,18173.0,18175.75,206
03/18/2024,04:30:00,18176.0,18177.25,18171.0,18171.25,288
03/18/2024,04:33:00,18171.25,18174.25,18167.5,18168.75,295
03/18/2024,04:36:00,18169.25,18175.75,18168.75,18174.5,236
03/18/2024,04:39:00,18175.0,18176.25,18172.25,18175.5,178
03/18/2024,04:42:00,18176.0,18181.75,18174.25,18180.75,338
03/18/2024,04:45:00,18180.0,18180.75,18173.75,18175.0,227
03/18/2024,04:48:00,18175.75,18178.75,18173.25,18177.0,224
03/18/2024,04:51:00,18177.5,18178.25,18171.75,18172.75,256
03/18/2024,04:54:00,18172.75,18179.5,18172.0,18177.0,238
03/18/2024,04:57:00,18177.25,18178.0,18173.75,18174.75,121
03/18/2024,05:00:00,18175.0,18177.75,18173.25,18175.0,187
03/18/2024,05:03:00,18175.5,18181.0,18174.75,18178.25,254
03/18/2024,05:06:00,18179.0,18180.0,18174.75,18178.75,210
03/18/2024,05:09:00,18179.75,18180.75,18174.0,18177.5,393
03/18/2024,05:12:00,18177.5,18186.25,18176.75,18185.25,386
03/18/2024,05:15:00,18185.25,18188.25,18181.0,18184.25,337
03/18/2024,05:18:00,18184.5,18184.5,18180.5,18181.0,151
03/18/2024,05:21:00,18180.75,18185.0,18180.0,18184.5,210
03/18/2024,05:24:00,18184.75,18189.25,18183.75,18184.75,300
03/18/2024,05:27:00,18184.5,18188.75,18183.0,18188.75,171
03/18/2024,05:30:00,18189.0,18195.0,18188.75,18190.5,662
03/18/2024,05:33:00,18190.25,18193.0,18185.25,18191.75,362
03/18/2024,05:36:00,18192.0,18194.25,18189.0,18193.25,324
03/18/2024,05:39:00,18193.5,18197.5,18188.5,18194.75,1037
03/18/2024,05:42:00,18194.5,18200.5,18194.25,18198.25,786
03/18/2024,05:45:00,18198.5,18204.5,18196.25,18198.75,873
03/18/2024,05:48:00,18198.25,18202.0,18196.0,18199.0,294
03/18/2024,05:51:00,18199.5,18206.5,18198.5,18199.0,616
03/18/2024,05:54:00,18199.0,18203.5,18197.5,18197.75,362
03/18/2024,05:57:00,18198.25,18200.25,18195.0,18197.5,399
03/18/2024,06:00:00,18197.5,18199.0,18191.25,18192.75,681
03/18/2024,06:03:00,18192.0,18199.5,18191.25,18199.5,489
03/18/2024,06:06:00,18199.25,18202.25,18196.25,18200.75,411
03/18/2024,06:09:00,18201.25,18206.0,18200.0,18205.0,550
03/18/2024,06:12:00,18204.5,18216.25,18204.25,18211.0,1317
03/18/2024,06:15:00,18211.0,18217.75,18209.5,18211.75,859
03/18/2024,06:18:00,18211.5,18224.0,18207.5,18223.0,1205
03/18/2024,06:21:00,18222.75,18232.25,18222.75,18227.5,1612
03/18/2024,06:24:00,18226.75,18238.0,18226.5,18233.25,1062
03/18/2024,06:27:00,18233.25,18247.75,18232.0,18245.0,1592
03/18/2024,06:30:00,18245.5,18263.25,18244.25,18260.75,2174
03/18/2024,06:33:00,18260.5,18261.5,18252.5,18257.75,1201
03/18/2024,06:36:00,18258.0,18259.5,18253.5,18254.0,940
03/18/2024,06:39:00,18253.75,18257.0,18248.25,18253.5,830
03/18/2024,06:42:00,18254.0,18258.75,18253.0,18258.0,591
03/18/2024,06:45:00,18258.5,18268.25,18256.75,18257.75,1375
03/18/2024,06:48:00,18258.25,18264.25,18255.75,18261.5,791
03/18/2024,06:51:00,18261.25,18266.25,18257.5,18257.5,793
03/18/2024,06:54:00,18258.25,18262.0,18254.0,18262.0,624
03/18/2024,06:57:00,18262.0,18264.25,18256.75,18263.0,601
03/18/2024,07:00:00,18263.0,18270.75,18262.5,18270.75,1418
03/18/2024,07:03:00,18270.75,18279.75,18270.75,18276.75,1658
03/18/2024,07:06:00,18276.5,18278.75,18271.0,18273.0,785
03/18/2024,07:09:00,18273.5,18279.0,18271.75,18273.75,676
03/18/2024,07:12:00,18274.75,18285.5,18273.5,18283.0,1460
03/18/2024,07:15:00,18283.5,18285.25,18278.0,18279.75,727
03/18/2024,07:18:00,18280.0,18281.25,18271.75,18272.75,853
03/18/2024,07:21:00,18272.5,18278.0,18267.75,18277.0,1278
03/18/2024,07:24:00,18276.5,18277.75,18269.5,18270.25,764
03/18/2024,07:27:00,18270.25,18284.25,18268.25,18283.25,1129
03/18/2024,07:30:00,18283.5,18289.25,18271.75,18275.75,1963
03/18/2024,07:33:00,18276.0,18279.25,18267.75,18274.25,1018
03/18/2024,07:36:00,18274.25,18279.5,18272.25,18276.75,749
03/18/2024,07:39:00,18276.5,18277.0,18269.0,18272.75,696
03/18/2024,07:42:00,18272.5,18276.25,18270.5,18273.0,536
03/18/2024,07:45:00,18272.5,18278.0,18272.25,18277.0,489
03/18/2024,07:48:00,18276.75,18278.5,18268.0,18273.5,1214
03/18/2024,07:51:00,18273.25,18273.5,18263.75,18264.25,773
03/18/2024,07:54:00,18264.0,18274.75,18263.25,18272.5,848
03/18/2024,07:57:00,18273.5,18277.25,18270.75,18276.5,528
03/18/2024,08:00:00,18277.0,18288.5,18276.75,18282.0,1385
03/18/2024,08:03:00,18281.75,18285.0,18278.75,18281.75,594
03/18/2024,08:06:00,18282.25,18284.0,18278.5,18281.5,595
03/18/2024,08:09:00,18281.25,18289.0,18278.5,18287.25,1125
03/18/2024,08:12:00,18287.0,18291.25,18285.25,18286.75,969
03/18/2024,08:15:00,18286.5,18296.0,18286.25,18294.5,1991
03/18/2024,08:18:00,18294.5,18294.5,18282.0,18284.25,1744
03/18/2024,08:21:00,18284.25,18284.75,18275.25,18277.25,1312
03/18/2024,08:24:00,18277.25,18282.25,18274.75,18275.75,1716
03/18/2024,08:27:00,18276.25,18286.0,18269.25,18284.25,3426
03/18/2024,08:30:00,18284.0,18328.75,18277.5,18316.75,20024
03/18/2024,08:33:00,18317.25,18337.5,18302.75,18334.75,13557
03/18/2024,08:36:00,18334.5,18336.25,18315.0,18329.75,10335
03/18/2024,08:39:00,18329.75,18346.75,18323.75,18342.75,10121
03/18/2024,08:42:00,18342.75,18344.25,18329.25,18331.75,6966
03/18/2024,08:45:00,18331.25,18361.75,18330.75,18337.5,11211
03/18/2024,08:48:00,18337.25,18343.0,18324.25,18333.5,7434
03/18/2024,08:51:00,18333.0,18338.5,18309.25,18314.5,7655
03/18/2024,08:54:00,18314.0,18324.0,18308.0,18314.0,6545
03/18/2024,08:57:00,18313.75,18314.75,18285.5,18289.25,9995
03/18/2024,09:00:00,18288.75,18305.5,18286.25,18297.75,8669
03/18/2024,09:03:00,18297.75,18311.0,18292.0,18300.25,5832
03/18/2024,09:06:00,18300.0,18335.75,18299.5,18333.25,7616
03/18/2024,09:09:00,18333.5,18347.75,18327.0,18347.0,5357
03/18/2024,09:12:00,18347.0,18357.25,18336.25,18338.5,6053
03/18/2024,09:15:00,18338.75,18347.75,18337.75,18341.0,4561
03/18/2024,09:18:00,18340.0,18352.0,18337.75,18344.5,3719
03/18/2024,09:21:00,18344.25,18354.75,18337.5,18345.0,4605
03/18/2024,09:24:00,18345.25,18378.0,18344.0,18370.0,8962
03/18/2024,09:27:00,18370.25,18381.0,18365.5,18372.25,5145
03/18/2024,09:30:00,18372.25,18377.75,18355.75,18363.0,5638
03/18/2024,09:33:00,18362.75,18365.5,18348.0,18357.0,4694
03/18/2024,09:36:00,18356.5,18368.5,18350.5,18362.25,3667
03/18/2024,09:39:00,18362.5,18373.5,18359.75,18369.0,3416
03/18/2024,09:42:00,18369.25,18378.25,18366.0,18368.5,3830
03/18/2024,09:45:00,18368.5,18380.0,18360.0,18361.25,4836
03/18/2024,09:48:00,18361.0,18368.5,18354.75,18355.25,4004
03/18/2024,09:51:00,18355.5,18359.25,18348.75,18351.25,3173
03/18/2024,09:54:00,18351.0,18356.0,18345.0,18348.25,3856
03/18/2024,09:57:00,18348.0,18357.75,18346.0,18357.0,3025
03/18/2024,10:00:00,18356.75,18365.0,18339.0,18341.5,5145
03/18/2024,10:03:00,18341.75,18346.75,18329.75,18334.5,4673
03/18/2024,10:06:00,18334.5,18352.25,18330.75,18347.25,3567
03/18/2024,10:09:00,18347.0,18352.25,18333.5,18335.5,2618
03/18/2024,10:12:00,18335.5,18339.0,18314.0,18321.5,5528
03/18/2024,10:15:00,18321.75,18322.25,18297.75,18309.25,7564
03/18/2024,10:18:00,18309.5,18319.75,18307.25,18309.25,4168
03/18/2024,10:21:00,18309.5,18327.5,18308.75,18322.75,3931
03/18/2024,10:24:00,18323.25,18325.5,18308.25,18311.0,3015
03/18/2024,10:27:00,18310.5,18321.5,18307.75,18319.75,2548
03/18/2024,10:30:00,18319.75,18320.75,18288.0,18293.75,5578
03/18/2024,10:33:00,18293.75,18297.75,18284.0,18295.0,4366
03/18/2024,10:36:00,18294.5,18310.5,18294.5,18306.5,3153
03/18/2024,10:39:00,18306.25,18313.75,18302.0,18305.25,2369
03/18/2024,10:42:00,18304.5,18315.0,18301.0,18311.75,2373
03/18/2024,10:45:00,18311.5,18314.5,18299.0,18302.0,2579
03/18/2024,10:48:00,18302.25,18305.75,18291.25,18300.5,2727
03/18/2024,10:51:00,18300.5,18302.5,18276.5,18283.0,4248
03/18/2024,10:54:00,18283.25,18293.75,18278.75,18293.5,2701
03/18/2024,10:57:00,18293.75,18301.5,18291.75,18295.0,2184
03/18/2024,11:00:00,18295.25,18296.0,18277.75,18279.0,2640
03/18/2024,11:03:00,18278.75,18291.0,18270.0,18289.5,3821
03/18/2024,11:06:00,18289.75,18298.25,18285.0,18295.25,2252
03/18/2024,11:09:00,18295.5,18303.5,18294.0,18303.0,2579
03/18/2024,11:12:00,18303.0,18314.0,18303.0,18311.5,2994
03/18/2024,11:15:00,18311.0,18312.25,18297.0,18301.5,2151
03/18/2024,11:18:00,18301.25,18306.25,18297.25,18300.5,1799
03/18/2024,11:21:00,18300.25,18307.5,18298.5,18301.0,1351
03/18/2024,11:24:00,18300.75,18306.25,18289.0,18291.5,2356
03/18/2024,11:27:00,18292.0,18301.25,18288.0,18292.0,2322
03/18/2024,11:30:00,18292.25,18293.5,18279.0,18281.25,2932
03/18/2024,11:33:00,18281.0,18291.5,18273.5,18289.75,2829
03/18/2024,11:36:00,18290.0,18294.5,18285.75,18288.75,1894
03/18/2024,11:39:00,18289.25,18294.25,18282.75,18287.25,1442
03/18/2024,11:42:00,18287.5,18302.5,18287.25,18298.5,2590
03/18/2024,11:45:00,18298.25,18301.0,18291.5,18297.5,1768
03/18/2024,11:48:00,18298.0,18300.75,18257.5,18266.5,4645
03/18/2024,11:51:00,18266.0,18274.5,18253.5,18262.0,4663
03/18/2024,11:54:00,18261.5,18270.0,18251.75,18259.0,2935
03/18/2024,11:57:00,18259.0,18260.5,18245.75,18249.0,3448
03/18/2024,12:00:00,18249.0,18249.75,18237.75,18247.25,4526
03/18/2024,12:03:00,18247.25,18256.0,18235.25,18248.75,3400
03/18/2024,12:06:00,18249.0,18261.25,18244.25,18256.25,3327
03/18/2024,12:09:00,18256.25,18258.5,18247.25,18256.0,2017
03/18/2024,12:12:00,18255.75,18257.0,18246.25,18254.5,1967
03/18/2024,12:15:00,18254.25,18256.5,18245.25,18247.0,1712
03/18/2024,12:18:00,18246.75,18268.5,18246.75,18264.0,2855
03/18/2024,12:21:00,18264.25,18278.75,18264.25,18278.5,2911
03/18/2024,12:24:00,18278.5,18287.75,18274.75,18277.25,3280
03/18/2024,12:27:00,18277.25,18288.5,18275.0,18287.25,1809
03/18/2024,12:30:00,18287.25,18291.75,18283.0,18286.5,2693
03/18/2024,12:33:00,18286.5,18287.75,18268.75,18272.25,2418
03/18/2024,12:36:00,18272.25,18272.75,18253.25,18254.25,3087
03/18/2024,12:39:00,18254.25,18257.25,18244.5,18249.25,2945
03/18/2024,12:42:00,18249.25,18262.5,18248.25,18259.25,2177
03/18/2024,12:45:00,18260.0,18265.75,18254.5,18259.75,1953
03/18/2024,12:48:00,18259.75,18273.5,18257.5,18267.5,2481
03/18/2024,12:51:00,18267.25,18267.75,18259.75,18260.5,1758
03/18/2024,12:54:00,18260.25,18267.5,18255.5,18267.0,1489
03/18/2024,12:57:00,18267.5,18275.75,18262.75,18272.5,1785
03/18/2024,13:00:00,18273.25,18276.5,18265.75,18273.75,1637
03/18/2024,13:03:00,18273.5,18279.5,18268.25,18269.75,1892
03/18/2024,13:06:00,18270.0,18281.25,18267.0,18280.25,1863
03/18/2024,13:09:00,18280.5,18294.75,18280.0,18290.25,2857
03/18/2024,13:12:00,18290.0,18293.75,18276.75,18278.5,2357
03/18/2024,13:15:00,18278.25,18290.25,18277.0,18288.75,1562
03/18/2024,13:18:00,18288.5,18295.0,18287.75,18293.0,1379
03/18/2024,13:21:00,18292.75,18292.75,18280.5,18283.0,1679
03/18/2024,13:24:00,18283.25,18306.0,18283.25,18305.75,2930
03/18/2024,13:27:00,18305.75,18311.0,18303.0,18310.0,2544
03/18/2024,13:30:00,18309.75,18311.75,18298.75,18299.75,2478
03/18/2024,13:33:00,18300.0,18304.25,18296.25,18299.0,1730
03/18/2024,13:36:00,18298.75,18310.0,18297.75,18304.5,1552
03/18/2024,13:39:00,18305.0,18307.0,18277.5,18277.75,3260
03/18/2024,13:42:00,18277.25,18280.75,18254.5,18268.75,5286
03/18/2024,13:45:00,18269.0,18272.75,18260.0,18263.25,2864
03/18/2024,13:48:00,18263.0,18279.25,18261.5,18272.5,2357
03/18/2024,13:51:00,18272.75,18282.0,18269.75,18279.75,1566
03/18/2024,13:54:00,18280.0,18281.0,18267.75,18269.5,1759
03/18/2024,13:57:00,18269.25,18282.5,18265.25,18277.25,1750
03/18/2024,14:00:00,18277.75,18278.5,18268.5,18272.5,1749
03/18/2024,14:03:00,18272.5,18279.5,18270.25,18274.75,1425
03/18/2024,14:06:00,18274.25,18297.0,18274.25,18293.0,3238
03/18/2024,14:09:00,18293.5,18296.75,18284.5,18293.25,2214
03/18/2024,14:12:00,18293.25,18297.0,18288.25,18288.75,1357
03/18/2024,14:15:00,18288.75,18293.75,18283.0,18285.25,2045
03/18/2024,14:18:00,18285.75,18290.25,18281.25,18286.25,1658
03/18/2024,14:21:00,18286.5,18292.0,18282.75,18289.0,3255
03/18/2024,14:24:00,18289.25,18289.5,18272.5,18276.25,4003
03/18/2024,14:27:00,18276.5,18283.75,18269.25,18279.75,1982
03/18/2024,14:30:00,18279.25,18291.0,18277.0,18288.75,2533
03/18/2024,14:33:00,18288.75,18291.0,18280.5,18284.25,1807
03/18/2024,14:36:00,18283.75,18284.75,18273.25,18282.0,1911
03/18/2024,14:39:00,18282.0,18282.25,18268.75,18272.0,2163
03/18/2024,14:42:00,18272.25,18277.75,18266.0,18276.25,1992
03/18/2024,14:45:00,18276.5,18282.25,18272.25,18280.25,2385
03/18/2024,14:48:00,18279.75,18280.5,18247.25,18260.75,5820
03/18/2024,14:51:00,18261.25,18263.0,18240.25,18242.25,4903
03/18/2024,14:54:00,18242.5,18246.25,18227.75,18230.25,8255
03/18/2024,14:57:00,18230.25,18240.25,18219.0,18229.5,14521
03/18/2024,15:00:00,18229.0,18231.5,18213.0,18217.75,5756
03/18/2024,15:03:00,18217.75,18226.0,18215.0,18225.0,1660
03/18/2024,15:06:00,18224.5,18236.5,18223.25,18234.75,1636
03/18/2024,15:09:00,18234.75,18235.0,18227.0,18228.5,1082
03/18/2024,15:12:00,18229.25,18239.5,18228.5,18236.25,1281
03/18/2024,15:15:00,18235.25,18237.0,18207.25,18230.0,2594
03/18/2024,15:18:00,18229.25,18229.25,18207.75,18212.5,1331
03/18/2024,15:21:00,18211.5,18228.25,18211.25,18222.5,799
03/18/2024,15:24:00,18221.25,18232.0,18218.25,18232.0,426
03/18/2024,15:27:00,18231.5,18249.0,18221.5,18237.0,2530
03/18/2024,15:30:00,18236.5,18242.0,18224.25,18230.5,1042
03/18/2024,15:33:00,18229.25,18244.0,18228.25,18236.5,738
03/18/2024,15:36:00,18237.0,18238.75,18227.75,18229.25,355
03/18/2024,15:39:00,18230.75,18232.0,18222.5,18228.75,405
03/18/2024,15:42:00,18228.75,18234.75,18228.0,18229.5,328
03/18/2024,15:45:00,18229.25,18231.25,18225.0,18230.5,350
03/18/2024,15:48:00,18230.5,18235.0,18230.0,18231.0,211
03/18/2024,15:51:00,18231.5,18233.5,18226.5,18232.75,289
03/18/2024,15:54:00,18232.75,18233.5,18223.5,18229.0,525
03/18/2024,15:57:00,18229.0,18230.0,18223.25,18227.75,327
03/18/2024,17:00:00,18222.0,18223.0,18200.0,18218.0,1120
03/18/2024,17:03:00,18218.0,18226.75,18208.0,18210.25,678
03/18/2024,17:06:00,18210.25,18217.0,18208.75,18212.5,331
03/18/2024,17:09:00,18213.0,18216.75,18210.0,18215.0,210
03/18/2024,17:12:00,18215.0,18216.75,18209.0,18211.5,147
03/18/2024,17:15:00,18211.0,18213.5,18208.75,18212.0,177
03/18/2024,17:18:00,18212.75,18220.25,18211.0,18211.0,281
03/18/2024,17:21:00,18211.75,18215.0,18211.75,18213.75,79
03/18/2024,17:24:00,18212.75,18216.75,18212.25,18216.75,61
03/18/2024,17:27:00,18216.0,18217.0,18210.0,18210.75,79
03/18/2024,17:30:00,18211.0,18212.25,18207.5,18211.25,145
03/18/2024,17:33:00,18211.75,18212.0,18202.0,18202.75,293
03/18/2024,17:36:00,18203.25,18206.0,18203.25,18204.5,81
03/18/2024,17:39:00,18204.0,18207.0,18203.25,18204.5,104
03/18/2024,17:42:00,18204.75,18204.75,18200.25,18201.75,120
03/18/2024,17:45:00,18201.5,18202.75,18182.0,18186.75,824
03/18/2024,17:48:00,18187.25,18188.25,18178.25,18182.5,331
03/18/2024,17:51:00,18183.0,18189.0,18182.75,18187.5,279
03/18/2024,17:54:00,18187.25,18188.25,18184.25,18185.5,135
03/18/2024,17:57:00,18184.5,18188.5,18184.5,18186.5,113
03/18/2024,18:00:00,18186.0,18186.75,18181.5,18182.0,260
03/18/2024,18:03:00,18181.75,18182.0,18175.25,18180.75,416
03/18/2024,18:06:00,18181.0,18182.25,18179.0,18182.25,163
03/18/2024,18:09:00,18182.25,18189.0,18181.25,18189.0,234
03/18/2024,18:12:00,18188.5,18198.0,18188.5,18195.25,395
03/18/2024,18:15:00,18195.0,18195.75,18191.25,18192.5,255
03/18/2024,18:18:00,18192.5,18194.5,18189.5,18192.25,159
03/18/2024,18:21:00,18192.5,18197.0,18191.5,18194.0,214
03/18/2024,18:24:00,18194.0,18195.75,18192.0,18192.0,121
03/18/2024,18:27:00,18192.5,18194.75,18189.75,18194.75,102
03/18/2024,18:30:00,18193.75,18195.25,18192.5,18192.5,87
03/18/2024,18:33:00,18192.75,18194.75,18191.25,18194.0,189
03/18/2024,18:36:00,18193.25,18196.25,18192.75,18195.5,188
03/18/2024,18:39:00,18195.0,18195.75,18193.5,18194.75,114
03/18/2024,18:42:00,18194.75,18195.0,18190.0,18191.0,177
03/18/2024,18:45:00,18190.25,18192.75,18187.75,18190.75,172
03/18/2024,18:48:00,18191.0,18191.0,18188.75,18189.5,79
03/18/2024,18:51:00,18189.25,18191.75,18188.75,18190.25,103
03/18/2024,18:54:00,18191.0,18194.0,18190.75,18192.25,90
03/18/2024,18:57:00,18191.0,18192.75,18190.0,18192.0,93
03/18/2024,19:00:00,18192.0,18194.5,18186.0,18187.5,197
03/18/2024,19:03:00,18187.0,18190.75,18183.75,18188.5,131
03/18/2024,19:06:00,18188.5,18189.5,18185.0,18185.25,89
03/18/2024,19:09:00,18185.25,18185.5,18177.25,18178.0,300
03/18/2024,19:12:00,18177.75,18187.0,18177.25,18186.25,286
03/18/2024,19:15:00,18186.25,18188.0,18184.25,18187.75,145
03/18/2024,19:18:00,18187.0,18191.75,18182.5,18183.75,341
03/18/2024,19:21:00,18183.75,18183.75,18180.5,18181.75,107
03/18/2024,19:24:00,18181.5,18184.5,18181.5,18181.75,80
03/18/2024,19:27:00,18181.5,18181.5,18178.0,18179.5,98
03/18/2024,19:30:00,18180.0,18181.5,18175.75,18176.25,162
03/18/2024,19:33:00,18177.0,18182.0,18176.75,18181.0,135
03/18/2024,19:36:00,18180.5,18181.5,18179.5,18180.5,60
03/18/2024,19:39:00,18181.0,18185.25,18181.0,18184.25,186
03/18/2024,19:42:00,18184.0,18185.5,18179.5,18180.25,136
03/18/2024,19:45:00,18180.25,18180.25,18160.25,18162.75,1079
03/18/2024,19:48:00,18163.5,18171.0,18159.25,18166.5,583
03/18/2024,19:51:00,18166.25,18168.0,18162.5,18163.25,210
03/18/2024,19:54:00,18163.25,18168.5,18161.5,18166.75,222
03/18/2024,19:57:00,18166.5,18167.0,18163.0,18164.0,128
03/18/2024,20:00:00,18163.5,18167.75,18160.75,18167.5,312
03/18/2024,20:03:00,18167.25,18172.5,18166.25,18172.0,209
03/18/2024,20:06:00,18171.5,18171.75,18167.0,18168.75,168
03/18/2024,20:09:00,18169.0,18170.5,18166.5,18168.0,107
03/18/2024,20:12:00,18168.5,18168.5,18165.25,18168.0,133
03/18/2024,20:15:00,18167.5,18167.5,18160.25,18165.25,329
03/18/2024,20:18:00,18164.5,18168.5,18164.5,18167.75,88
03/18/2024,20:21:00,18167.5,18168.5,18162.0,18163.0,205
03/18/2024,20:24:00,18163.5,18167.0,18159.5,18162.0,204
03/18/2024,20:27:00,18161.0,18162.25,18153.25,18157.0,523
03/18/2024,20:30:00,18157.0,18159.25,18155.0,18157.0,177
03/18/2024,20:33:00,18156.5,18156.75,18151.0,18154.75,271
03/18/2024,20:36:00,18154.0,18159.75,18152.25,18159.5,223
03/18/2024,20:39:00,18160.0,18164.25,18157.75,18162.0,313
03/18/2024,20:42:00,18161.5,18168.5,18160.25,18167.0,317
03/18/2024,20:45:00,18167.5,18169.75,18163.0,18165.0,212
03/18/2024,20:48:00,18164.75,18167.5,18163.25,18166.25,101
03/18/2024,20:51:00,18166.25,18166.25,18162.75,18165.5,94
03/18/2024,20:54:00,18166.5,18169.25,18164.0,18166.5,156
03/18/2024,20:57:00,18165.75,18171.5,18165.75,18171.25,127
03/18/2024,21:00:00,18170.75,18173.25,18170.0,18170.75,355
03/18/2024,21:03:00,18170.75,18176.0,18170.75,18174.5,191
03/18/2024,21:06:00,18174.0,18178.75,18174.0,18175.25,207
03/18/2024,21:09:00,18175.5,18183.75,18175.0,18182.5,333
03/18/2024,21:12:00,18182.5,18192.5,18182.25,18190.5,499
03/18/2024,21:15:00,18190.75,18191.25,18185.25,18189.25,311
03/18/2024,21:18:00,18189.25,18191.25,18187.75,18190.75,190
03/18/2024,21:21:00,18190.0,18196.0,18189.0,18190.75,492
03/18/2024,21:24:00,18191.25,18192.0,18186.5,18187.75,270
03/18/2024,21:27:00,18187.0,18187.5,18183.5,18186.5,236
03/18/2024,21:30:00,18186.25,18187.0,18182.5,18185.0,160
03/18/2024,21:33:00,18184.5,18186.5,18184.0,18185.75,103
03/18/2024,21:36:00,18186.5,18187.75,18184.25,18185.25,134
03/18/2024,21:39:00,18185.0,18186.25,18183.25,18184.0,96
03/18/2024,21:42:00,18183.25,18186.0,18183.25,18186.0,67
03/18/2024,21:45:00,18185.5,18189.5,18184.25,18188.5,108
03/18/2024,21:48:00,18188.5,18189.0,18185.5,18186.75,95
03/18/2024,21:51:00,18187.25,18187.75,18186.5,18186.75,55
03/18/2024,21:54:00,18187.25,18188.5,18185.75,18187.5,88
03/18/2024,21:57:00,18187.75,18189.0,18187.0,18187.25,95
03/18/2024,22:00:00,18187.75,18192.75,18186.0,18192.0,194
03/18/2024,22:03:00,18193.0,18197.75,18192.0,18193.25,314
03/18/2024,22:06:00,18193.25,18199.0,18191.75,18198.0,219
03/18/2024,22:09:00,18197.0,18200.0,18194.25,18194.25,304
03/18/2024,22:12:00,18195.0,18198.25,18195.0,18197.25,112
03/18/2024,22:15:00,18197.25,18200.0,18196.0,18196.0,233
03/18/2024,22:18:00,18196.0,18196.75,18191.0,18194.5,213
03/18/2024,22:21:00,18194.0,18194.5,18189.5,18189.75,162
03/18/2024,22:24:00,18190.0,18192.25,18187.0,18189.0,223
03/18/2024,22:27:00,18189.0,18189.5,18186.75,18188.75,103
03/18/2024,22:30:00,18189.0,18190.75,18184.25,18185.25,260
03/18/2024,22:33:00,18185.5,18186.25,18175.5,18182.0,377
03/18/2024,22:36:00,18182.75,18187.0,18179.25,18182.75,185
03/18/2024,22:39:00,18183.0,18208.75,18183.0,18208.0,913
03/18/2024,22:42:00,18207.0,18210.5,18194.75,18194.75,567
03/18/2024,22:45:00,18194.25,18195.0,18171.5,18174.0,1049
03/18/2024,22:48:00,18174.75,18174.75,18156.25,18157.25,852
03/18/2024,22:51:00,18157.0,18168.25,18157.0,18168.0,550
03/18/2024,22:54:00,18167.75,18176.5,18166.25,18173.75,366
03/18/2024,22:57:00,18173.75,18181.25,18173.75,18179.5,239
03/18/2024,23:00:00,18180.0,18180.25,18172.75,18175.0,217
03/18/2024,23:03:00,18175.0,18187.0,18175.0,18187.0,239
03/18/2024,23:06:00,18187.0,18196.5,18184.5,18192.75,526
03/18/2024,23:09:00,18193.5,18196.75,18188.25,18195.0,303
03/18/2024,23:12:00,18195.5,18197.5,18190.25,18196.25,304
03/18/2024,23:15:00,18195.75,18199.75,18193.5,18194.5,255
03/18/2024,23:18:00,18193.75,18193.75,18190.5,18192.5,127
03/18/2024,23:21:00,18192.0,18192.75,18183.0,18185.5,254
03/18/2024,23:24:00,18184.5,18190.25,18184.5,18189.0,154
03/18/2024,23:27:00,18189.25,18190.25,18184.5,18184.5,96
03/18/2024,23:30:00,18185.25,18185.25,18177.75,18181.25,242
03/18/2024,23:33:00,18181.25,18184.5,18180.5,18183.0,67
03/18/2024,23:36:00,18182.5,18185.5,18181.5,18182.75,84
03/18/2024,23:39:00,18183.25,18189.0,18182.25,18188.5,148
03/18/2024,23:42:00,18188.0,18189.0,18183.25,18183.5,169
03/18/2024,23:45:00,18183.0,18184.0,18180.75,18183.75,105
03/18/2024,23:48:00,18183.25,18184.75,18181.75,18184.25,50
03/18/2024,23:51:00,18184.0,18188.25,18183.5,18184.0,85
03/18/2024,23:54:00,18183.5,18188.75,18179.0,18187.0,173
03/18/2024,23:57:00,18186.5,18189.75,18186.5,18189.75,84
03/19/2024,00:00:00,18189.5,18189.75,18180.75,18182.5,243
03/19/2024,00:03:00,18182.5,18183.75,18178.0,18180.0,206
03/19/2024,00:06:00,18179.5,18179.5,18173.75,18178.75,292
03/19/2024,00:09:00,18178.0,18182.0,18174.25,18181.75,269
03/19/2024,00:12:00,18181.25,18182.75,18178.5,18182.25,145
03/19/2024,00:15:00,18182.25,18186.75,18182.0,18185.75,139
03/19/2024,00:18:00,18185.5,18185.5,18182.5,18184.75,81
03/19/2024,00:21:00,18185.75,18186.25,18183.25,18183.25,69
03/19/2024,00:24:00,18183.25,18185.75,18183.25,18185.25,44
03/19/2024,00:27:00,18185.25,18188.5,18184.0,18184.25,124
03/19/2024,00:30:00,18183.5,18184.5,18178.0,18182.0,149
03/19/2024,00:33:00,18182.5,18187.75,18181.75,18184.25,145
03/19/2024,00:36:00,18184.0,18185.25,18180.0,18183.25,244
03/19/2024,00:39:00,18183.5,18189.5,18181.75,18189.5,181
03/19/2024,00:42:00,18188.5,18189.5,18184.5,18185.25,147
03/19/2024,00:45:00,18186.25,18194.75,18185.5,18189.5,232
03/19/2024,00:48:00,18190.0,18197.0,18188.25,18196.75,180
03/19/2024,00:51:00,18196.25,18206.5,18196.0,18202.75,525
03/19/2024,00:54:00,18202.75,18202.75,18196.25,18198.75,300
03/19/2024,00:57:00,18198.5,18202.5,18197.75,18200.0,163
03/19/2024,01:00:00,18200.5,18205.5,18197.25,18201.5,255
03/19/2024,01:03:00,18201.25,18201.25,18182.5,18184.0,396
03/19/2024,01:06:00,18183.75,18186.75,18177.75,18181.75,367
03/19/2024,01:09:00,18182.25,18187.75,18174.0,18187.0,445
03/19/2024,01:12:00,18186.5,18187.75,18182.5,18182.5,137
03/19/2024,01:15:00,18182.25,18186.25,18179.5,18182.25,187
03/19/2024,01:18:00,18181.75,18189.5,18181.25,18189.25,139
03/19/2024,01:21:00,18189.5,18190.75,18184.25,18185.75,178
03/19/2024,01:24:00,18185.5,18187.5,18184.25,18184.25,92
03/19/2024,01:27:00,18185.0,18187.5,18183.25,18187.0,95
03/19/2024,01:30:00,18186.75,18194.25,18186.5,18190.25,320
03/19/2024,01:33:00,18191.25,18192.5,18187.75,18192.5,133
03/19/2024,01:36:00,18193.0,18193.0,18188.75,18191.0,117
03/19/2024,01:39:00,18190.75,18191.5,18186.5,18187.0,128
03/19/2024,01:42:00,18186.5,18187.5,18184.75,18186.75,93
03/19/2024,01:45:00,18186.5,18190.5,18186.5,18189.0,135
03/19/2024,01:48:00,18189.0,18190.5,18186.0,18186.25,126
03/19/2024,01:51:00,18186.25,18186.25,18179.75,18182.0,155
03/19/2024,01:54:00,18181.5,18185.25,18180.75,18181.25,100
03/19/2024,01:57:00,18181.25,18186.0,18179.75,18184.25,122
03/19/2024,02:00:00,18184.25,18186.5,18169.0,18175.5,636
03/19/2024,02:03:00,18175.25,18188.0,18170.5,18187.5,563
03/19/2024,02:06:00,18186.75,18194.5,18182.5,18184.25,512
03/19/2024,02:09:00,18182.75,18194.25,18181.25,18188.5,502
03/19/2024,02:12:00,18188.25,18192.0,18186.25,18189.25,155
03/19/2024,02:15:00,18190.0,18190.0,18182.25,18183.75,166
03/19/2024,02:18:00,18184.5,18186.25,18183.5,18184.0,113
03/19/2024,02:21:00,18183.5,18186.0,18180.25,18186.0,223
03/19/2024,02:24:00,18186.25,18186.75,18182.0,18186.5,141
03/19/2024,02:27:00,18186.75,18189.5,18184.25,18189.5,99
03/19/2024,02:30:00,18190.0,18200.25,18189.0,18196.25,453
03/19/2024,02:33:00,18195.5,18198.0,18193.0,18194.25,154
03/19/2024,02:36:00,18195.0,18195.0,18187.25,18190.75,302
03/19/2024,02:39:00,18190.25,18193.25,18187.5,18189.25,139
03/19/2024,02:42:00,18188.75,18189.25,18180.75,18183.0,198
03/19/2024,02:45:00,18182.5,18185.25,18176.25,18178.25,261
03/19/2024,02:48:00,18179.0,18182.0,18174.75,18175.25,252
03/19/2024,02:51:00,18175.75,18178.0,18172.25,18178.0,318
03/19/2024,02:54:00,18178.25,18180.75,18176.0,18176.0,145
03/19/2024,02:57:00,18176.0,18179.75,18172.0,18179.5,296
03/19/2024,03:00:00,18178.75,18192.25,18178.0,18192.0,770
03/19/2024,03:03:00,18192.75,18196.75,18187.0,18188.25,536
03/19/2024,03:06:00,18189.0,18189.0,18164.0,18169.5,1335
03/19/2024,03:09:00,18170.0,18178.0,18164.5,18166.25,1031
03/19/2024,03:12:00,18165.75,18173.25,18162.0,18166.5,833
03/19/2024,03:15:00,18166.5,18171.0,18159.25,18165.0,487
03/19/2024,03:18:00,18165.25,18170.0,18160.0,18170.0,426
03/19/2024,03:21:00,18170.0,18190.5,18168.5,18190.0,785
03/19/2024,03:24:00,18189.75,18190.0,18178.75,18188.75,459
03/19/2024,03:27:00,18188.5,18194.25,18183.75,18193.0,463
03/19/2024,03:30:00,18193.5,18193.5,18184.25,18187.25,399
03/19/2024,03:33:00,18186.75,18195.75,18185.75,18195.0,278
03/19/2024,03:36:00,18194.25,18202.5,18193.0,18198.0,480
03/19/2024,03:39:00,18197.25,18215.75,18197.25,18215.25,737
03/19/2024,03:42:00,18215.5,18231.0,18214.5,18227.0,1415
03/19/2024,03:45:00,18227.25,18233.75,18221.25,18227.0,742
03/19/2024,03:48:00,18227.5,18237.25,18227.0,18236.5,714
03/19/2024,03:51:00,18236.75,18252.75,18236.75,18247.75,1213
03/19/2024,03:54:00,18247.25,18250.5,18233.75,18234.5,856
03/19/2024,03:57:00,18234.25,18236.75,18222.0,18223.0,847
03/19/2024,04:00:00,18223.25,18232.75,18223.25,18229.0,596
03/19/2024,04:03:00,18229.25,18232.0,18201.75,18203.25,1075
03/19/2024,04:06:00,18203.75,18206.75,18195.75,18201.0,898
03/19/2024,04:09:00,18201.0,18212.75,18200.25,18209.25,637
03/19/2024,04:12:00,18210.0,18214.5,18205.5,18214.0,414
03/19/2024,04:15:00,18214.0,18215.25,18205.5,18214.0,388
03/19/2024,04:18:00,18213.5,18213.75,18204.0,18209.0,285
03/19/2024,04:21:00,18209.25,18214.5,18208.75,18214.5,147
03/19/2024,04:24:00,18213.75,18214.5,18207.25,18208.25,208
03/19/2024,04:27:00,18207.5,18213.5,18204.0,18210.5,296
03/19/2024,04:30:00,18210.25,18212.0,18207.25,18209.0,153
03/19/2024,04:33:00,18209.0,18209.0,18185.25,18190.25,999
03/19/2024,04:36:00,18190.5,18198.75,18189.0,18196.0,370
03/19/2024,04:39:00,18196.75,18202.75,18193.25,18194.25,257
03/19/2024,04:42:00,18194.25,18198.25,18188.0,18191.0,435
03/19/2024,04:45:00,18190.25,18191.5,18177.75,18183.5,773
03/19/2024,04:48:00,18184.0,18186.25,18177.25,18179.75,596
03/19/2024,04:51:00,18180.75,18187.0,18179.25,18180.5,503
03/19/2024,04:54:00,18181.0,18182.75,18174.0,18176.25,645
03/19/2024,04:57:00,18175.5,18177.75,18170.25,18176.75,662
03/19/2024,05:00:00,18177.25,18179.25,18173.0,18178.0,450
03/19/2024,05:03:00,18177.75,18186.5,18177.25,18180.0,537
03/19/2024,05:06:00,18180.0,18192.25,18180.0,18187.0,625
03/19/2024,05:09:00,18186.25,18189.25,18182.0,18187.75,404
03/19/2024,05:12:00,18186.75,18190.0,18183.25,18190.0,495
03/19/2024,05:15:00,18189.5,18192.5,18183.0,18189.75,571
03/19/2024,05:18:00,18190.0,18192.0,18186.25,18189.5,178
03/19/2024,05:21:00,18190.25,18190.25,18184.5,18186.25,139
03/19/2024,05:24:00,18186.5,18189.25,18182.75,18183.75,221
03/19/2024,05:27:00,18184.75,18188.5,18184.0,18186.0,135
03/19/2024,05:30:00,18186.25,18187.75,18182.5,18184.75,215
03/19/2024,05:33:00,18185.0,18192.0,18185.0,18190.75,333
03/19/2024,05:36:00,18190.75,18193.75,18181.75,18187.0,462
03/19/2024,05:39:00,18187.25,18193.75,18185.25,18192.5,326
03/19/2024,05:42:00,18192.5,18201.0,18192.0,18196.0,555
03/19/2024,05:45:00,18195.25,18201.25,18195.25,18199.5,246
03/19/2024,05:48:00,18200.0,18201.0,18194.25,18196.75,383
03/19/2024,05:51:00,18197.25,18197.25,18167.5,18175.0,1365
03/19/2024,05:54:00,18175.0,18180.5,18173.5,18176.75,517
03/19/2024,05:57:00,18177.75,18183.25,18177.75,18181.75,343
03/19/2024,06:00:00,18181.0,18181.0,18154.0,18159.5,1896
03/19/2024,06:03:00,18159.75,18162.0,18146.5,18149.0,1357
03/19/2024,06:06:00,18149.5,18156.0,18142.5,18155.5,1147
03/19/2024,06:09:00,18154.75,18157.0,18137.0,18137.75,805
03/19/2024,06:12:00,18137.75,18144.0,18134.0,18142.0,781
03/19/2024,06:15:00,18142.75,18142.75,18124.75,18135.0,1307
03/19/2024,06:18:00,18135.25,18138.0,18127.75,18128.0,632
03/19/2024,06:21:00,18128.75,18133.25,18123.75,18127.0,901
03/19/2024,06:24:00,18127.25,18135.0,18124.75,18134.0,636
03/19/2024,06:27:00,18133.75,18136.75,18127.0,18132.5,655
03/19/2024,06:30:00,18132.25,18132.25,18117.25,18120.0,964
03/19/2024,06:33:00,18119.5,18121.5,18109.75,18117.5,1262
03/19/2024,06:36:00,18118.5,18121.25,18105.75,18109.5,1129
03/19/2024,06:39:00,18109.5,18116.0,18105.0,18107.25,866
03/19/2024,06:42:00,18106.75,18111.5,18104.0,18110.0,819
03/19/2024,06:45:00,18109.5,18113.0,18106.5,18111.0,833
03/19/2024,06:48:00,18110.75,18119.75,18106.75,18119.25,788
03/19/2024,06:51:00,18119.25,18119.75,18109.25,18113.75,796
03/19/2024,06:54:00,18113.75,18125.25,18112.75,18121.75,851
03/19/2024,06:57:00,18121.25,18122.5,18116.5,18119.25,463
03/19/2024,07:00:00,18119.75,18120.75,18113.0,18119.75,1040
03/19/2024,07:03:00,18120.0,18126.5,18114.0,18120.0,999
03/19/2024,07:06:00,18119.75,18120.5,18104.25,18104.25,881
03/19/2024,07:09:00,18104.0,18106.5,18093.75,18103.25,1673
03/19/2024,07:12:00,18102.75,18107.0,18100.75,18103.25,428
03/19/2024,07:15:00,18103.5,18112.0,18100.0,18104.75,607
03/19/2024,07:18:00,18104.75,18114.5,18102.5,18103.75,835
03/19/2024,07:21:00,18103.5,18105.0,18094.75,18096.75,747
03/19/2024,07:24:00,18096.75,18097.5,18084.25,18086.5,1474
03/19/2024,07:27:00,18085.75,18090.0,18077.75,18084.5,1321
03/19/2024,07:30:00,18084.25,18116.0,18079.0,18095.5,3042
03/19/2024,07:33:00,18096.0,18114.25,18089.0,18107.25,1641
03/19/2024,07:36:00,18107.25,18115.0,18103.0,18110.25,952
03/19/2024,07:39:00,18111.25,18119.0,18104.0,18106.0,1138
03/19/2024,07:42:00,18106.0,18112.25,18098.75,18102.0,1557
03/19/2024,07:45:00,18102.25,18118.0,18099.0,18111.25,1140
03/19/2024,07:48:00,18112.0,18120.75,18110.75,18112.5,1002
03/19/2024,07:51:00,18113.75,18125.25,18112.75,18125.25,1176
03/19/2024,07:54:00,18124.75,18126.75,18116.75,18124.75,1206
03/19/2024,07:57:00,18125.25,18134.5,18124.75,18131.25,1484
03/19/2024,08:00:00,18131.0,18143.5,18125.5,18137.0,2099
03/19/2024,08:03:00,18137.25,18141.25,18131.25,18133.0,1300
03/19/2024,08:06:00,18132.75,18136.75,18128.0,18131.25,987
03/19/2024,08:09:00,18131.0,18132.0,18118.5,18130.0,1659
03/19/2024,08:12:00,18129.75,18140.5,18129.25,18138.75,1240
03/19/2024,08:15:00,18138.5,18145.5,18135.5,18138.5,1317
03/19/2024,08:18:00,18138.0,18143.5,18134.25,18141.75,1278
03/19/2024,08:21:00,18141.5,18147.0,18140.75,18143.25,1081
03/19/2024,08:24:00,18143.0,18149.25,18138.0,18142.0,1734
03/19/2024,08:27:00,18142.0,18151.75,18141.5,18143.5,2448
03/19/2024,08:30:00,18143.25,18152.5,18103.0,18129.0,18719
03/19/2024,08:33:00,18129.0,18151.75,18108.5,18115.75,10824
03/19/2024,08:36:00,18116.0,18116.75,18084.0,18087.75,10462
03/19/2024,08:39:00,18087.75,18088.5,18062.5,18069.75,11089
03/19/2024,08:42:00,18069.5,18074.25,18053.25,18066.0,8741
03/19/2024,08:45:00,18066.5,18076.0,18057.25,18069.75,7912
03/19/2024,08:48:00,18070.0,18080.75,18066.25,18073.25,6379
03/19/2024,08:51:00,18073.0,18101.25,18069.5,18088.75,7579
03/19/2024,08:54:00,18089.0,18106.0,18075.75,18097.75,6218
03/19/2024,08:57:00,18097.75,18099.75,18079.75,18090.5,4194
03/19/2024,09:00:00,18090.25,18109.0,18083.75,18099.0,6167
03/19/2024,09:03:00,18099.0,18120.0,18098.75,18112.25,5182
03/19/2024,09:06:00,18111.75,18126.75,18107.75,18110.0,4921
03/19/2024,09:09:00,18109.75,18115.5,18098.0,18103.25,4864
03/19/2024,09:12:00,18103.0,18113.25,18093.25,18103.25,4735
03/19/2024,09:15:00,18103.25,18108.5,18086.0,18093.0,5435
03/19/2024,09:18:00,18092.5,18094.0,18068.5,18071.0,5685
03/19/2024,09:21:00,18071.25,18086.0,18069.75,18084.25,4601
03/19/2024,09:24:00,18083.75,18104.5,18074.75,18099.75,4693
03/19/2024,09:27:00,18099.0,18106.25,18070.25,18075.25,5359
03/19/2024,09:30:00,18075.25,18085.5,18067.75,18075.25,5454
03/19/2024,09:33:00,18075.25,18108.25,18073.5,18105.25,6513
03/19/2024,09:36:00,18105.5,18110.0,18094.75,18107.25,4515
03/19/2024,09:39:00,18107.5,18122.0,18102.5,18117.25,4998
03/19/2024,09:42:00,18117.75,18134.75,18116.0,18130.0,4992
03/19/2024,09:45:00,18129.5,18138.75,18122.75,18132.0,4567
03/19/2024,09:48:00,18131.75,18146.75,18125.5,18132.0,5415
03/19/2024,09:51:00,18132.0,18136.0,18118.75,18126.0,3884
03/19/2024,09:54:00,18126.0,18139.5,18124.75,18133.0,3605
03/19/2024,09:57:00,18133.0,18133.5,18114.75,18116.0,4083
03/19/2024,10:00:00,18115.75,18121.25,18113.0,18117.25,2773
03/19/2024,10:03:00,18117.0,18141.5,18114.25,18137.0,3385
03/19/2024,10:06:00,18137.0,18143.0,18124.0,18127.75,2877
03/19/2024,10:09:00,18127.75,18134.75,18120.5,18121.5,2091
03/19/2024,10:12:00,18121.5,18134.75,18118.75,18126.0,2308
03/19/2024,10:15:00,18127.5,18133.25,18123.5,18126.25,2185
03/19/2024,10:18:00,18126.25,18128.5,18114.75,18118.0,2470
03/19/2024,10:21:00,18118.25,18122.5,18110.5,18118.0,2127
03/19/2024,10:24:00,18118.75,18122.5,18104.5,18115.25,3746
03/19/2024,10:27:00,18115.5,18136.5,18115.0,18130.5,3935
03/19/2024,10:30:00,18131.0,18157.0,18131.0,18152.75,6419
03/19/2024,10:33:00,18153.0,18157.5,18147.0,18152.75,3134
03/19/2024,10:36:00,18152.25,18169.0,18150.5,18152.75,4713
03/19/2024,10:39:00,18152.75,18154.75,18142.0,18150.25,2745
03/19/2024,10:42:00,18150.0,18155.5,18144.0,18147.75,2197
03/19/2024,10:45:00,18147.0,18149.75,18138.25,18149.25,2142
03/19/2024,10:48:00,18149.5,18155.75,18148.25,18151.25,2016
03/19/2024,10:51:00,18151.25,18152.5,18139.25,18142.25,1994
03/19/2024,10:54:00,18142.0,18143.25,18132.75,18141.0,2727
03/19/2024,10:57:00,18141.0,18159.0,18136.5,18158.75,4104
03/19/2024,11:00:00,18158.5,18163.0,18151.5,18160.5,3651
03/19/2024,11:03:00,18160.25,18165.0,18155.5,18163.0,2123
03/19/2024,11:06:00,18162.75,18171.25,18160.5,18164.0,2361
03/19/2024,11:09:00,18164.0,18165.25,18147.0,18151.0,2473
03/19/2024,11:12:00,18150.75,18162.25,18149.0,18152.0,2430
03/19/2024,11:15:00,18152.0,18180.0,18147.75,18173.25,3226
03/19/2024,11:18:00,18173.25,18191.0,18171.75,18188.25,4277
03/19/2024,11:21:00,18187.75,18200.75,18184.0,18196.25,3679
03/19/2024,11:24:00,18196.25,18202.25,18190.75,18193.0,3614
03/19/2024,11:27:00,18193.25,18200.75,18188.0,18196.0,2666
03/19/2024,11:30:00,18196.5,18218.25,18196.5,18212.0,5863
03/19/2024,11:33:00,18212.25,18220.75,18205.0,18218.5,3628
03/19/2024,11:36:00,18218.75,18223.0,18216.0,18216.5,3246
03/19/2024,11:39:00,18216.0,18226.5,18215.0,18225.25,2771
03/19/2024,11:42:00,18225.25,18251.0,18224.75,18249.0,5449
03/19/2024,11:45:00,18248.5,18253.75,18239.25,18244.0,4527
03/19/2024,11:48:00,18244.25,18253.75,18239.0,18251.25,3543
03/19/2024,11:51:00,18251.25,18268.75,18250.75,18251.75,6175
03/19/2024,11:54:00,18252.75,18264.5,18250.25,18252.5,2848
03/19/2024,11:57:00,18253.0,18254.0,18240.25,18243.75,3603
03/19/2024,12:00:00,18243.75,18286.0,18243.75,18275.0,8927
03/19/2024,12:03:00,18275.75,18276.5,18249.0,18254.5,5224
03/19/2024,12:06:00,18254.25,18256.75,18238.75,18249.5,3552
03/19/2024,12:09:00,18250.0,18252.0,18240.5,18248.5,2347
03/19/2024,12:12:00,18248.5,18259.0,18241.75,18243.5,3479
03/19/2024,12:15:00,18243.25,18247.75,18231.75,18237.25,3790
03/19/2024,12:18:00,18237.5,18249.75,18235.0,18236.75,2280
03/19/2024,12:21:00,18236.75,18247.5,18234.0,18246.5,1660
03/19/2024,12:24:00,18246.25,18254.0,18241.5,18252.75,1728
03/19/2024,12:27:00,18253.25,18258.25,18248.5,18251.5,2142
03/19/2024,12:30:00,18251.75,18268.75,18251.5,18259.5,4911
03/19/2024,12:33:00,18259.25,18266.0,18252.5,18254.75,1950
03/19/2024,12:36:00,18254.75,18266.0,18251.0,18262.25,1725
03/19/2024,12:39:00,18261.75,18271.25,18261.5,18262.5,2178
03/19/2024,12:42:00,18262.5,18266.75,18255.75,18263.75,1962
03/19/2024,12:45:00,18263.75,18279.5,18263.5,18272.0,3231
03/19/2024,12:48:00,18271.25,18279.75,18262.75,18266.0,2167
03/19/2024,12:51:00,18266.25,18268.75,18246.75,18251.0,3382
03/19/2024,12:54:00,18251.25,18259.75,18246.75,18256.75,2011
03/19/2024,12:57:00,18256.5,18264.5,18256.25,18264.0,1509
03/19/2024,13:00:00,18264.5,18265.0,18248.25,18250.75,2845
03/19/2024,13:03:00,18250.25,18263.25,18245.75,18258.25,1938
03/19/2024,13:06:00,18257.75,18258.25,18245.25,18251.0,1919
03/19/2024,13:09:00,18251.5,18256.25,18244.0,18249.25,1684
03/19/2024,13:12:00,18249.25,18269.0,18241.5,18264.25,3488
03/19/2024,13:15:00,18264.25,18280.25,18260.5,18279.75,3232
03/19/2024,13:18:00,18279.75,18284.75,18267.5,18273.75,3821
03/19/2024,13:21:00,18273.25,18274.0,18257.0,18266.75,2446
03/19/2024,13:24:00,18267.0,18270.25,18259.75,18264.5,2005
03/19/2024,13:27:00,18264.0,18272.0,18259.0,18269.0,1899
03/19/2024,13:30:00,18268.75,18287.25,18267.5,18284.0,3339
03/19/2024,13:33:00,18284.25,18289.25,18274.75,18278.25,2131
03/19/2024,13:36:00,18278.5,18285.0,18272.5,18282.75,1856
03/19/2024,13:39:00,18282.75,18285.0,18273.0,18276.75,1485
03/19/2024,13:42:00,18277.25,18284.75,18277.25,18281.0,1651
03/19/2024,13:45:00,18280.75,18286.0,18276.0,18280.25,1562
03/19/2024,13:48:00,18279.75,18282.5,18275.25,18282.0,1173
03/19/2024,13:51:00,18282.0,18287.0,18279.0,18284.5,1570
03/19/2024,13:54:00,18284.25,18284.5,18255.5,18261.5,4930
03/19/2024,13:57:00,18262.0,18274.5,18262.0,18266.0,1939
03/19/2024,14:00:00,18266.0,18276.25,18262.75,18268.5,1830
03/19/2024,14:03:00,18268.25,18268.25,18249.25,18255.0,2734
03/19/2024,14:06:00,18255.0,18261.75,18248.5,18252.5,2548
03/19/2024,14:09:00,18252.5,18255.75,18243.25,18252.25,2427
03/19/2024,14:12:00,18252.5,18253.25,18231.0,18237.0,4278
03/19/2024,14:15:00,18236.75,18236.75,18216.5,18231.5,5115
03/19/2024,14:18:00,18231.75,18245.75,18227.25,18243.75,2753
03/19/2024,14:21:00,18244.5,18244.75,18223.25,18232.5,3284
03/19/2024,14:24:00,18232.0,18235.75,18222.25,18224.25,1939
03/19/2024,14:27:00,18223.75,18237.75,18221.5,18232.0,2059
03/19/2024,14:30:00,18232.5,18237.5,18225.5,18235.75,2312
03/19/2024,14:33:00,18235.5,18243.0,18229.75,18239.25,3461
03/19/2024,14:36:00,18239.5,18247.0,18236.75,18244.25,2205
03/19/2024,14:39:00,18244.25,18254.75,18244.0,18251.75,2652
03/19/2024,14:42:00,18251.75,18253.25,18242.75,18250.0,2471
03/19/2024,14:45:00,18250.5,18271.25,18249.75,18269.75,3799
03/19/2024,14:48:00,18269.75,18279.0,18262.25,18274.25,4348
03/19/2024,14:51:00,18274.0,18283.25,18272.0,18281.5,3982
03/19/2024,14:54:00,18281.25,18283.25,18270.0,18279.5,5065
03/19/2024,14:57:00,18279.25,18284.25,18264.25,18270.0,11675
03/19/2024,15:00:00,18269.5,18286.5,18265.0,18281.5,4993
03/19/2024,15:03:00,18281.75,18281.75,18271.25,18274.75,1418
03/19/2024,15:06:00,18274.75,18279.5,18270.5,18271.25,727
03/19/2024,15:09:00,18270.25,18271.5,18267.75,18269.25,780
03/19/2024,15:12:00,18269.25,18275.75,18262.0,18274.75,1247
03/19/2024,15:15:00,18275.25,18275.5,18267.75,18273.5,564
03/19/2024,15:18:00,18273.75,18274.75,18268.0,18268.75,254
03/19/2024,15:21:00,18268.0,18268.5,18264.25,18265.75,279
03/19/2024,15:24:00,18265.25,18273.25,18265.25,18271.5,216
03/19/2024,15:27:00,18271.0,18272.5,18268.25,18268.25,151
03/19/2024,15:30:00,18268.75,18271.5,18268.0,18269.75,141
03/19/2024,15:33:00,18269.75,18274.25,18269.25,18274.0,161
03/19/2024,15:36:00,18274.0,18277.5,18271.75,18276.75,249
03/19/2024,15:39:00,18276.25,18282.0,18275.5,18281.25,418
03/19/2024,15:42:00,18281.25,18286.75,18281.0,18285.25,527
03/19/2024,15:45:00,18285.0,18285.75,18280.75,18281.25,259
03/19/2024,15:48:00,18280.75,18281.75,18277.0,18277.5,167
03/19/2024,15:51:00,18277.0,18278.75,18274.25,18277.0,177
03/19/2024,15:54:00,18277.25,18279.25,18271.25,18271.75,310
03/19/2024,15:57:00,18272.0,18274.5,18270.0,18273.0,319
03/19/2024,17:00:00,18274.0,18277.5,18268.75,18276.5,403
03/19/2024,17:03:00,18275.75,18275.75,18268.0,18268.75,146
03/19/2024,17:06:00,18268.5,18272.5,18268.5,18270.75,58
03/19/2024,17:09:00,18270.75,18275.0,18270.75,18274.0,83
03/19/2024,17:12:00,18273.5,18273.75,18271.5,18272.5,68
03/19/2024,17:15:00,18272.5,18274.25,18271.0,18274.0,90
03/19/2024,17:18:00,18274.25,18274.25,18273.0,18273.5,61
03/19/2024,17:21:00,18273.75,18275.5,18273.75,18274.75,60
03/19/2024,17:24:00,18274.75,18276.5,18274.75,18276.25,45
03/19/2024,17:27:00,18276.75,18279.25,18276.75,18277.75,127
03/19/2024,17:30:00,18277.5,18277.5,18268.0,18269.5,267
03/19/2024,17:33:00,18269.75,18273.0,18269.5,18271.75,112
03/19/2024,17:36:00,18271.0,18275.75,18270.0,18273.75,87
03/19/2024,17:39:00,18273.25,18275.75,18273.25,18273.25,58
03/19/2024,17:42:00,18273.0,18274.5,18272.0,18273.5,68
03/19/2024,17:45:00,18273.0,18276.0,18273.0,18275.25,61
03/19/2024,17:48:00,18275.0,18277.25,18274.75,18275.75,73
03/19/2024,17:51:00,18276.0,18276.5,18273.75,18274.5,64
03/19/2024,17:54:00,18274.25,18281.25,18274.0,18280.0,169
03/19/2024,17:57:00,18280.25,18281.5,18277.0,18278.25,81
03/19/2024,18:00:00,18278.25,18281.75,18278.25,18281.75,98
03/19/2024,18:03:00,18281.5,18284.5,18279.75,18281.75,171
03/19/2024,18:06:00,18282.25,18283.0,18279.0,18279.75,119
03/19/2024,18:09:00,18279.75,18281.75,18279.75,18280.75,72
03/19/2024,18:12:00,18281.25,18281.25,18273.75,18274.5,133
03/19/2024,18:15:00,18275.0,18280.0,18274.25,18279.5,133
03/19/2024,18:18:00,18279.5,18280.75,18278.0,18279.25,86
03/19/2024,18:21:00,18280.0,18280.75,18276.25,18277.5,90
03/19/2024,18:24:00,18277.5,18281.0,18276.5,18280.0,67
03/19/2024,18:27:00,18279.0,18281.75,18278.75,18280.0,61
03/19/2024,18:30:00,18280.75,18281.25,18276.25,18278.75,92
03/19/2024,18:33:00,18278.75,18278.75,18275.25,18277.25,58
03/19/2024,18:36:00,18277.5,18277.75,18275.25,18275.75,47
03/19/2024,18:39:00,18275.75,18276.75,18275.25,18275.75,43
03/19/2024,18:42:00,18276.0,18276.75,18274.25,18276.0,45
03/19/2024,18:45:00,18275.5,18277.5,18272.25,18272.25,120
03/19/2024,18:48:00,18272.5,18275.0,18270.25,18271.5,173
03/19/2024,18:51:00,18271.0,18273.75,18269.5,18273.75,120
03/19/2024,18:54:00,18273.5,18274.5,18271.0,18271.25,63
03/19/2024,18:57:00,18270.75,18271.0,18268.0,18268.5,235
03/19/2024,19:00:00,18268.5,18268.5,18261.0,18261.25,315
03/19/2024,19:03:00,18261.25,18261.75,18257.0,18259.0,271
03/19/2024,19:06:00,18259.25,18260.75,18257.5,18258.75,191
03/19/2024,19:09:00,18258.75,18259.25,18255.0,18256.0,220
03/19/2024,19:12:00,18256.5,18262.25,18255.25,18261.25,205
03/19/2024,19:15:00,18261.75,18262.75,18259.5,18261.75,144
03/19/2024,19:18:00,18261.75,18262.25,18258.25,18259.25,180
03/19/2024,19:21:00,18259.0,18261.25,18256.5,18260.5,160
03/19/2024,19:24:00,18260.5,18260.5,18246.75,18251.0,551
03/19/2024,19:27:00,18250.5,18255.5,18249.5,18254.0,168
03/19/2024,19:30:00,18254.25,18255.25,18253.0,18253.0,62
03/19/2024,19:33:00,18253.0,18253.75,18251.0,18252.5,102
03/19/2024,19:36:00,18252.75,18258.0,18252.5,18257.5,112
03/19/2024,19:39:00,18257.75,18258.0,18256.75,18257.5,64
03/19/2024,19:42:00,18257.25,18258.0,18256.25,18257.5,59
03/19/2024,19:45:00,18257.0,18257.75,18256.0,18256.0,60
03/19/2024,19:48:00,18256.75,18257.0,18252.75,18252.75,147
03/19/2024,19:51:00,18252.75,18255.0,18250.75,18253.75,195
03/19/2024,19:54:00,18253.5,18254.0,18252.25,18253.25,39
03/19/2024,19:57:00,18253.25,18256.0,18250.75,18251.25,105
03/19/2024,20:00:00,18251.75,18253.25,18250.5,18252.5,171
03/19/2024,20:03:00,18252.25,18255.25,18251.25,18255.0,126
03/19/2024,20:06:00,18254.0,18254.75,18251.75,18253.5,74
03/19/2024,20:09:00,18253.0,18253.0,18247.75,18249.5,190
03/19/2024,20:12:00,18250.0,18250.0,18243.5,18244.5,332
03/19/2024,20:15:00,18245.0,18246.75,18239.25,18242.5,440
03/19/2024,20:18:00,18242.25,18247.5,18241.0,18247.5,162
03/19/2024,20:21:00,18247.5,18249.25,18244.75,18245.5,104
03/19/2024,20:24:00,18246.25,18246.25,18243.75,18245.25,77
03/19/2024,20:27:00,18245.75,18248.0,18243.75,18247.0,66
03/19/2024,20:30:00,18246.75,18247.25,18244.25,18244.5,176
03/19/2024,20:33:00,18244.25,18244.25,18238.0,18239.25,294
03/19/2024,20:36:00,18239.0,18239.5,18235.0,18238.25,262
03/19/2024,20:39:00,18238.0,18238.25,18235.75,18236.75,92
03/19/2024,20:42:00,18237.0,18237.5,18234.0,18236.0,220
03/19/2024,20:45:00,18235.75,18235.75,18227.5,18230.0,404
03/19/2024,20:48:00,18230.25,18238.5,18230.25,18237.0,261
03/19/2024,20:51:00,18237.0,18237.75,18233.75,18234.75,169
03/19/2024,20:54:00,18235.0,18238.0,18233.25,18234.0,175
03/19/2024,20:57:00,18233.75,18234.5,18232.25,18232.75,126
03/19/2024,21:00:00,18233.0,18235.25,18230.0,18230.0,126
03/19/2024,21:03:00,18230.0,18237.25,18229.0,18236.5,200
03/19/2024,21:06:00,18236.75,18238.75,18235.5,18237.0,200
03/19/2024,21:09:00,18237.0,18239.0,18236.75,18237.5,112
03/19/2024,21:12:00,18237.5,18243.0,18237.0,18240.25,269
03/19/2024,21:15:00,18240.75,18242.5,18240.25,18241.25,91
03/19/2024,21:18:00,18241.75,18244.75,18241.75,18242.0,122
03/19/2024,21:21:00,18241.5,18242.5,18239.0,18241.0,118
03/19/2024,21:24:00,18240.75,18241.75,18239.25,18240.75,44
03/19/2024,21:27:00,18240.25,18240.5,18236.75,18237.25,135
03/19/2024,21:30:00,18237.25,18237.25,18233.75,18235.0,214
03/19/2024,21:33:00,18235.0,18237.5,18233.5,18236.5,99
03/19/2024,21:36:00,18236.5,18239.25,18236.25,18238.0,63
03/19/2024,21:39:00,18238.0,18240.0,18237.75,18239.5,58
03/19/2024,21:42:00,18239.25,18243.25,18239.0,18242.0,156
03/19/2024,21:45:00,18242.25,18242.5,18239.5,18239.75,67
03/19/2024,21:48:00,18240.5,18240.5,18238.0,18239.25,54
03/19/2024,21:51:00,18239.0,18242.25,18239.0,18241.0,52
03/19/2024,21:54:00,18241.5,18243.25,18240.25,18243.25,53
03/19/2024,21:57:00,18244.0,18248.0,18243.5,18247.25,270
03/19/2024,22:00:00,18246.75,18247.75,18242.5,18243.0,106
03/19/2024,22:03:00,18243.25,18243.5,18241.5,18243.0,66
03/19/2024,22:06:00,18243.0,18243.25,18241.75,18243.0,35
03/19/2024,22:09:00,18242.5,18245.5,18242.5,18245.25,46
03/19/2024,22:12:00,18245.5,18246.75,18243.5,18243.5,79
03/19/2024,22:15:00,18243.5,18243.5,18239.25,18242.25,145
03/19/2024,22:18:00,18241.75,18245.25,18241.25,18244.25,79
03/19/2024,22:21:00,18245.75,18247.5,18245.25,18247.0,125
03/19/2024,22:24:00,18248.0,18249.0,18246.75,18246.75,61
03/19/2024,22:27:00,18246.75,18248.75,18246.25,18248.0,62
03/19/2024,22:30:00,18248.0,18248.5,18247.0,18248.25,43
03/19/2024,22:33:00,18248.75,18249.25,18247.0,18247.25,92
03/19/2024,22:36:00,18247.25,18247.25,18244.75,18245.5,91
03/19/2024,22:39:00,18245.75,18246.0,18244.0,18245.75,44
03/19/2024,22:42:00,18245.0,18245.75,18244.0,18244.5,39
03/19/2024,22:45:00,18244.25,18245.0,18243.25,18243.75,63
03/19/2024,22:48:00,18243.75,18246.75,18243.75,18246.0,67
03/19/2024,22:51:00,18245.75,18247.5,18245.75,18246.75,45
03/19/2024,22:54:00,18246.75,18247.5,18244.75,18245.0,63
03/19/2024,22:57:00,18245.0,18246.25,18244.5,18246.25,45
03/19/2024,23:00:00,18245.75,18245.75,18242.5,18243.0,96
03/19/2024,23:03:00,18242.5,18243.5,18241.25,18242.25,71
03/19/2024,23:06:00,18242.25,18242.5,18240.0,18240.25,77
03/19/2024,23:09:00,18240.0,18243.5,18239.75,18243.5,80
03/19/2024,23:12:00,18243.0,18243.75,18243.0,18243.75,22
03/19/2024,23:15:00,18244.0,18246.0,18244.0,18245.5,69
03/19/2024,23:18:00,18246.0,18246.5,18245.25,18245.5,34
03/19/2024,23:21:00,18244.5,18244.75,18243.75,18244.75,23
03/19/2024,23:24:00,18244.5,18246.5,18244.0,18246.0,37
03/19/2024,23:27:00,18246.25,18249.25,18246.25,18248.5,92
03/19/2024,23:30:00,18248.5,18249.25,18246.5,18248.0,72
03/19/2024,23:33:00,18248.5,18253.25,18247.75,18253.25,217
03/19/2024,23:36:00,18253.0,18253.0,18248.75,18248.75,174
03/19/2024,23:39:00,18249.25,18251.25,18248.5,18251.0,57
03/19/2024,23:42:00,18250.5,18250.75,18248.75,18249.25,32
03/19/2024,23:45:00,18249.25,18249.25,18245.25,18246.0,118
03/19/2024,23:48:00,18245.75,18245.75,18243.25,18243.75,114
03/19/2024,23:51:00,18244.0,18245.25,18242.75,18244.0,63
03/19/2024,23:54:00,18243.0,18243.25,18239.5,18239.5,129
03/19/2024,23:57:00,18240.25,18240.25,18236.5,18236.75,155
03/20/2024,00:00:00,18236.75,18237.5,18234.0,18234.5,209
03/20/2024,00:03:00,18234.5,18236.75,18234.25,18236.5,48
03/20/2024,00:06:00,18235.75,18240.5,18235.75,18237.75,125
03/20/2024,00:09:00,18238.0,18240.0,18237.75,18239.25,67
03/20/2024,00:12:00,18239.0,18241.0,18237.0,18240.5,72
03/20/2024,00:15:00,18240.25,18241.0,18239.0,18240.0,35
03/20/2024,00:18:00,18240.5,18240.75,18238.5,18240.5,69
03/20/2024,00:21:00,18240.75,18242.0,18240.0,18240.75,61
03/20/2024,00:24:00,18240.25,18240.75,18238.25,18239.0,81
03/20/2024,00:27:00,18240.0,18241.0,18239.0,18239.25,41
03/20/2024,00:30:00,18239.0,18240.0,18237.5,18238.25,50
03/20/2024,00:33:00,18238.5,18239.5,18237.25,18239.0,46
03/20/2024,00:36:00,18239.5,18246.75,18239.0,18246.25,137
03/20/2024,00:39:00,18245.75,18249.75,18244.75,18247.75,195
03/20/2024,00:42:00,18247.75,18251.0,18247.5,18250.0,115
03/20/2024,00:45:00,18250.5,18251.75,18249.75,18249.75,79
03/20/2024,00:48:00,18249.5,18250.25,18247.75,18249.0,85
03/20/2024,00:51:00,18249.5,18249.5,18246.5,18248.0,60
03/20/2024,00:54:00,18248.0,18248.25,18246.5,18246.75,48
03/20/2024,00:57:00,18246.75,18248.0,18246.5,18247.25,26
03/20/2024,01:00:00,18247.5,18248.5,18244.5,18246.25,187
03/20/2024,01:03:00,18245.75,18246.5,18244.0,18246.5,53
03/20/2024,01:06:00,18246.75,18247.0,18243.0,18244.0,65
03/20/2024,01:09:00,18243.25,18249.25,18239.5,18248.5,248
03/20/2024,01:12:00,18247.75,18251.5,18246.75,18251.5,133
03/20/2024,01:15:00,18251.75,18253.0,18249.75,18251.0,88
03/20/2024,01:18:00,18251.0,18251.5,18249.25,18250.25,65
03/20/2024,01:21:00,18250.25,18257.25,18250.25,18257.0,242
03/20/2024,01:24:00,18257.25,18260.75,18255.0,18256.0,342
03/20/2024,01:27:00,18255.5,18255.5,18248.5,18249.5,210
03/20/2024,01:30:00,18249.5,18249.5,18246.0,18247.25,95
03/20/2024,01:33:00,18247.5,18250.5,18247.5,18250.0,130
03/20/2024,01:36:00,18250.5,18251.0,18245.75,18247.0,111
03/20/2024,01:39:00,18246.5,18250.75,18246.5,18250.0,70
03/20/2024,01:42:00,18250.25,18251.25,18249.0,18250.5,57
03/20/2024,01:45:00,18249.75,18253.0,18249.75,18252.25,149
03/20/2024,01:48:00,18252.25,18253.75,18250.0,18253.5,59
03/20/2024,01:51:00,18253.0,18255.5,18252.75,18255.0,111
03/20/2024,01:54:00,18255.0,18255.5,18251.5,18251.5,123
03/20/2024,01:57:00,18252.25,18255.0,18252.25,18254.25,105
03/20/2024,02:00:00,18255.0,18260.75,18252.0,18257.75,461
03/20/2024,02:03:00,18257.75,18264.0,18255.5,18262.5,406
03/20/2024,02:06:00,18262.75,18269.75,18259.75,18269.25,366
03/20/2024,02:09:00,18269.25,18277.5,18268.25,18277.0,589
03/20/2024,02:12:00,18276.75,18279.0,18272.75,18275.0,419
03/20/2024,02:15:00,18275.0,18276.5,18268.0,18272.25,430
03/20/2024,02:18:00,18272.0,18274.5,18268.0,18270.75,273
03/20/2024,02:21:00,18271.0,18274.5,18270.5,18272.5,105
03/20/2024,02:24:00,18272.0,18274.5,18269.25,18271.5,171
03/20/2024,02:27:00,18272.5,18273.5,18270.75,18271.5,129
03/20/2024,02:30:00,18271.25,18277.5,18271.25,18275.75,295
03/20/2024,02:33:00,18276.0,18278.0,18271.5,18271.5,202
03/20/2024,02:36:00,18271.5,18272.5,18268.75,18270.25,168
03/20/2024,02:39:00,18270.75,18270.75,18265.5,18267.5,251
03/20/2024,02:42:00,18267.0,18274.0,18266.5,18271.5,187
03/20/2024,02:45:00,18271.75,18276.0,18270.5,18272.0,172
03/20/2024,02:48:00,18272.0,18272.75,18268.0,18269.75,102
03/20/2024,02:51:00,18270.75,18271.5,18269.0,18271.0,92
03/20/2024,02:54:00,18270.75,18271.25,18265.0,18265.25,242
03/20/2024,02:57:00,18265.5,18266.5,18260.25,18261.5,344
03/20/2024,03:00:00,18260.5,18266.75,18253.25,18256.0,844
03/20/2024,03:03:00,18256.75,18267.5,18256.0,18265.75,611
03/20/2024,03:06:00,18265.25,18269.25,18259.5,18263.25,609
03/20/2024,03:09:00,18263.75,18265.25,18260.5,18263.75,214
03/20/2024,03:12:00,18263.75,18271.5,18262.75,18269.75,358
03/20/2024,03:15:00,18270.75,18278.75,18270.0,18273.5,495
03/20/2024,03:18:00,18273.5,18274.0,18261.25,18263.5,611
03/20/2024,03:21:00,18263.75,18266.0,18259.25,18260.0,377
03/20/2024,03:24:00,18260.75,18262.5,18257.0,18260.5,312
03/20/2024,03:27:00,18260.5,18261.75,18252.0,18256.75,503
03/20/2024,03:30:00,18257.0,18263.0,18255.0,18260.75,285
03/20/2024,03:33:00,18261.25,18266.75,18261.25,18263.75,247
03/20/2024,03:36:00,18264.0,18264.25,18252.75,18255.25,503
03/20/2024,03:39:00,18255.25,18255.25,18242.75,18243.5,517
03/20/2024,03:42:00,18243.5,18248.75,18241.5,18247.75,349
03/20/2024,03:45:00,18247.25,18250.25,18246.25,18247.75,273
03/20/2024,03:48:00,18248.25,18248.75,18241.0,18243.0,260
03/20/2024,03:51:00,18243.25,18243.25,18234.0,18240.5,608
03/20/2024,03:54:00,18240.0,18251.0,18239.75,18250.0,468
03/20/2024,03:57:00,18250.5,18251.75,18243.5,18244.5,289
03/20/2024,04:00:00,18244.0,18250.75,18236.0,18237.75,624
03/20/2024,04:03:00,18238.0,18242.0,18236.0,18237.25,445
03/20/2024,04:06:00,18237.0,18242.5,18237.0,18241.25,190
03/20/2024,04:09:00,18240.25,18240.25,18235.5,18236.75,333
03/20/2024,04:12:00,18237.75,18250.25,18237.75,18250.25,526
03/20/2024,04:15:00,18250.25,18254.75,18249.0,18254.0,344
03/20/2024,04:18:00,18254.25,18258.5,18253.0,18258.0,346
03/20/2024,04:21:00,18257.75,18260.75,18255.5,18256.0,383
03/20/2024,04:24:00,18255.5,18260.25,18255.25,18259.5,114
03/20/2024,04:27:00,18259.0,18262.75,18257.0,18260.25,308
03/20/2024,04:30:00,18260.25,18262.5,18256.75,18262.25,231
03/20/2024,04:33:00,18262.75,18268.0,18262.75,18267.25,425
03/20/2024,04:36:00,18267.25,18267.5,18261.75,18262.25,276
03/20/2024,04:39:00,18262.5,18268.0,18262.5,18267.75,235
03/20/2024,04:42:00,18267.25,18269.0,18258.5,18258.5,309
03/20/2024,04:45:00,18259.0,18264.75,18257.5,18262.75,218
03/20/2024,04:48:00,18261.75,18263.0,18259.5,18260.25,140
03/20/2024,04:51:00,18260.25,18262.75,18256.5,18262.5,217
03/20/2024,04:54:00,18263.0,18264.0,18261.5,18262.75,161
03/20/2024,04:57:00,18262.5,18272.75,18262.0,18272.0,508
03/20/2024,05:00:00,18272.25,18273.75,18265.5,18266.0,313
03/20/2024,05:03:00,18265.75,18272.0,18264.0,18271.75,223
03/20/2024,05:06:00,18271.75,18274.5,18269.75,18272.75,153
03/20/2024,05:09:00,18272.5,18275.0,18271.25,18272.5,170
03/20/2024,05:12:00,18272.75,18277.5,18271.75,18276.0,343
03/20/2024,05:15:00,18275.75,18276.5,18268.75,18271.25,257
03/20/2024,05:18:00,18271.5,18275.25,18269.25,18272.5,240
03/20/2024,05:21:00,18273.5,18274.0,18269.0,18270.25,158
03/20/2024,05:24:00,18271.25,18271.5,18259.25,18260.0,638
03/20/2024,05:27:00,18259.75,18263.75,18255.25,18261.75,406
03/20/2024,05:30:00,18261.5,18284.0,18260.25,18283.25,1229
03/20/2024,05:33:00,18283.0,18292.5,18283.0,18289.25,1018
03/20/2024,05:36:00,18289.5,18292.5,18276.0,18278.0,568
03/20/2024,05:39:00,18277.75,18287.5,18275.5,18286.75,340
03/20/2024,05:42:00,18287.25,18289.5,18283.0,18286.0,254
03/20/2024,05:45:00,18286.75,18287.5,18283.25,18284.5,159
03/20/2024,05:48:00,18284.25,18284.75,18278.5,18281.25,379
03/20/2024,05:51:00,18280.5,18282.0,18277.5,18282.0,192
03/20/2024,05:54:00,18282.25,18293.5,18279.5,18287.5,567
03/20/2024,05:57:00,18287.5,18290.75,18287.0,18288.0,226
03/20/2024,06:00:00,18287.25,18299.0,18284.25,18294.0,846
03/20/2024,06:03:00,18293.25,18300.5,18291.5,18296.25,595
03/20/2024,06:06:00,18296.5,18307.75,18294.5,18307.25,663
03/20/2024,06:09:00,18306.5,18310.5,18303.5,18308.5,464
03/20/2024,06:12:00,18308.5,18315.5,18308.0,18314.5,858
03/20/2024,06:15:00,18315.25,18318.25,18310.75,18311.75,684
03/20/2024,06:18:00,18311.25,18319.25,18310.0,18314.75,454
03/20/2024,06:21:00,18314.75,18317.5,18307.5,18308.0,548
03/20/2024,06:24:00,18308.5,18314.25,18305.25,18312.5,415
03/20/2024,06:27:00,18312.25,18321.25,18312.25,18317.75,448
03/20/2024,06:30:00,18318.0,18319.25,18311.5,18316.5,349
03/20/2024,06:33:00,18315.75,18317.75,18310.5,18312.75,224
03/20/2024,06:36:00,18313.25,18323.75,18312.0,18322.25,565
03/20/2024,06:39:00,18322.75,18323.75,18316.75,18321.75,350
03/20/2024,06:42:00,18321.25,18327.0,18321.0,18322.75,421
03/20/2024,06:45:00,18323.25,18327.25,18321.75,18325.0,307
03/20/2024,06:48:00,18325.0,18328.75,18324.0,18327.25,438
03/20/2024,06:51:00,18327.5,18331.25,18324.75,18327.5,513
03/20/2024,06:54:00,18327.25,18327.75,18322.75,18324.5,330
03/20/2024,06:57:00,18324.0,18326.0,18322.25,18323.0,249
03/20/2024,07:00:00,18323.25,18326.0,18319.75,18323.75,586
03/20/2024,07:03:00,18323.25,18327.25,18317.0,18319.25,570
03/20/2024,07:06:00,18319.75,18319.75,18310.25,18313.5,879
03/20/2024,07:09:00,18313.75,18315.75,18309.25,18313.5,413
03/20/2024,07:12:00,18314.0,18314.0,18302.0,18302.5,723
03/20/2024,07:15:00,18302.5,18302.5,18296.5,18297.0,774
03/20/2024,07:18:00,18297.5,18299.0,18290.75,18293.75,970
03/20/2024,07:21:00,18293.5,18301.5,18293.25,18299.0,815
03/20/2024,07:24:00,18298.75,18302.0,18297.25,18300.0,638
03/20/2024,07:27:00,18300.0,18313.25,18299.5,18307.5,1189
03/20/2024,07:30:00,18307.5,18312.5,18305.5,18310.5,600
03/20/2024,07:33:00,18310.75,18314.0,18307.5,18312.25,659
03/20/2024,07:36:00,18312.0,18315.75,18302.75,18307.0,805
03/20/2024,07:39:00,18306.5,18308.0,18282.5,18287.75,1765
03/20/2024,07:42:00,18287.75,18294.25,18286.25,18290.75,874
03/20/2024,07:45:00,18290.5,18292.75,18285.0,18292.75,675
03/20/2024,07:48:00,18292.5,18297.25,18289.5,18292.0,751
03/20/2024,07:51:00,18291.75,18299.5,18291.75,18299.0,550
03/20/2024,07:54:00,18299.0,18303.0,18297.5,18298.25,585
03/20/2024,07:57:00,18298.5,18300.25,18293.75,18298.75,615
03/20/2024,08:00:00,18298.75,18300.75,18294.25,18297.0,467
03/20/2024,08:03:00,18296.5,18297.25,18288.25,18293.5,587
03/20/2024,08:06:00,18294.0,18297.75,18293.75,18297.5,389
03/20/2024,08:09:00,18298.0,18303.75,18293.5,18294.0,775
03/20/2024,08:12:00,18293.5,18295.75,18291.0,18293.25,487
03/20/2024,08:15:00,18292.75,18300.5,18291.25,18299.75,368
03/20/2024,08:18:00,18299.75,18308.25,18298.25,18306.25,780
03/20/2024,08:21:00,18306.0,18308.5,18302.0,18306.75,592
03/20/2024,08:24:00,18307.25,18315.75,18303.0,18315.0,1309
03/20/2024,08:27:00,18315.5,18318.25,18310.75,18317.75,1840
03/20/2024,08:30:00,18318.0,18334.5,18309.5,18321.0,12262
03/20/2024,08:33:00,18320.5,18330.5,18296.75,18299.25,7978
03/20/2024,08:36:00,18299.25,18301.75,18276.5,18281.0,8370
03/20/2024,08:39:00,18281.5,18290.75,18267.25,18281.5,7611
03/20/2024,08:42:00,18281.5,18285.75,18249.0,18255.25,7451
03/20/2024,08:45:00,18255.25,18266.75,18248.25,18260.0,5359
03/20/2024,08:48:00,18259.75,18262.5,18245.75,18255.0,5158
03/20/2024,08:51:00,18255.0,18267.5,18250.75,18258.25,3720
03/20/2024,08:54:00,18258.5,18272.5,18256.0,18268.25,3984
03/20/2024,08:57:00,18268.0,18271.75,18257.75,18258.5,3133
03/20/2024,09:00:00,18259.5,18266.25,18250.25,18265.25,4406
03/20/2024,09:03:00,18265.25,18271.5,18258.5,18267.25,3213
03/20/2024,09:06:00,18267.5,18272.5,18259.0,18260.25,2820
03/20/2024,09:09:00,18260.5,18269.75,18254.5,18255.75,2570
03/20/2024,09:12:00,18255.75,18266.0,18251.75,18263.5,2672
03/20/2024,09:15:00,18263.25,18272.75,18262.75,18268.5,2706
03/20/2024,09:18:00,18268.5,18270.75,18257.0,18261.25,2093
03/20/2024,09:21:00,18261.75,18279.75,18259.75,18278.25,2663
03/20/2024,09:24:00,18278.25,18291.75,18276.75,18288.25,4891
03/20/2024,09:27:00,18288.25,18304.75,18287.0,18296.25,5113
03/20/2024,09:30:00,18296.0,18303.5,18288.5,18292.0,3961
03/20/2024,09:33:00,18292.75,18297.0,18271.25,18272.75,3873
03/20/2024,09:36:00,18272.75,18275.25,18255.5,18265.0,4637
03/20/2024,09:39:00,18265.25,18270.5,18256.25,18260.75,2851
03/20/2024,09:42:00,18260.25,18267.5,18259.0,18260.75,1598
03/20/2024,09:45:00,18260.5,18268.0,18254.25,18264.5,2519
03/20/2024,09:48:00,18265.0,18265.25,18249.0,18258.25,2592
03/20/2024,09:51:00,18258.5,18267.5,18256.5,18266.75,1901
03/20/2024,09:54:00,18267.75,18269.5,18259.0,18267.5,1750
03/20/2024,09:57:00,18267.5,18269.75,18258.0,18261.75,1403
03/20/2024,10:00:00,18262.25,18272.0,18257.25,18270.75,1957
03/20/2024,10:03:00,18270.75,18284.0,18269.25,18281.0,2833
03/20/2024,10:06:00,18281.0,18283.5,18273.75,18275.75,1836
03/20/2024,10:09:00,18275.5,18287.75,18273.0,18283.25,1888
03/20/2024,10:12:00,18283.5,18288.75,18280.25,18282.75,1443
03/20/2024,10:15:00,18282.75,18286.5,18275.0,18281.0,2008
03/20/2024,10:18:00,18280.75,18286.25,18280.5,18285.0,1355
03/20/2024,10:21:00,18285.0,18289.75,18279.5,18288.75,1562
03/20/2024,10:24:00,18288.5,18293.75,18283.5,18283.75,2223
03/20/2024,10:27:00,18283.75,18293.0,18282.25,18284.75,1438
03/20/2024,10:30:00,18285.0,18296.0,18275.0,18277.0,3641
03/20/2024,10:33:00,18277.0,18281.25,18273.0,18279.75,1439
03/20/2024,10:36:00,18280.5,18283.25,18267.0,18270.25,1770
03/20/2024,10:39:00,18269.75,18278.75,18267.75,18277.5,1452
03/20/2024,10:42:00,18277.25,18278.5,18267.75,18269.75,1492
03/20/2024,10:45:00,18269.5,18270.0,18257.25,18260.5,2583
03/20/2024,10:48:00,18260.0,18271.25,18254.25,18268.5,2972
03/20/2024,10:51:00,18268.5,18278.5,18268.0,18277.25,2207
03/20/2024,10:54:00,18277.0,18284.75,18276.0,18284.5,2384
03/20/2024,10:57:00,18284.75,18284.75,18276.0,18278.75,2012
03/20/2024,11:00:00,18278.5,18279.5,18273.0,18274.5,1615
03/20/2024,11:03:00,18274.75,18278.75,18270.75,18276.0,1181
03/20/2024,11:06:00,18276.0,18279.25,18265.25,18268.0,1488
03/20/2024,11:09:00,18267.5,18277.0,18266.0,18271.0,1300
03/20/2024,11:12:00,18271.0,18271.0,18255.5,18256.75,2163
03/20/2024,11:15:00,18257.0,18267.25,18253.0,18265.25,2390
03/20/2024,11:18:00,18265.75,18268.75,18261.25,18262.75,1034
03/20/2024,11:21:00,18262.25,18275.0,18256.5,18272.0,2168
03/20/2024,11:24:00,18272.25,18282.25,18271.5,18282.25,1814
03/20/2024,11:27:00,18282.25,18286.5,18277.75,18278.75,2174
03/20/2024,11:30:00,18278.75,18281.0,18256.75,18263.75,2800
03/20/2024,11:33:00,18264.0,18274.25,18259.75,18273.0,1904
03/20/2024,11:36:00,18272.75,18280.25,18267.5,18279.75,1422
03/20/2024,11:39:00,18279.75,18286.25,18278.25,18283.5,1590
03/20/2024,11:42:00,18283.25,18285.75,18280.0,18281.0,1169
03/20/2024,11:45:00,18281.5,18282.5,18275.75,18279.0,1299
03/20/2024,11:48:00,18279.75,18284.5,18279.0,18284.5,1012
03/20/2024,11:51:00,18284.25,18284.5,18274.75,18284.0,1634
03/20/2024,11:54:00,18283.75,18285.5,18279.5,18284.5,998
03/20/2024,11:57:00,18284.5,18290.5,18280.0,18289.75,1203
03/20/2024,12:00:00,18290.25,18291.5,18280.25,18282.5,1261
03/20/2024,12:03:00,18283.0,18286.5,18276.25,18283.75,931
03/20/2024,12:06:00,18284.0,18288.5,18279.5,18280.5,811
03/20/2024,12:09:00,18280.75,18281.0,18273.0,18275.5,1300
03/20/2024,12:12:00,18275.75,18276.0,18258.5,18260.25,2416
03/20/2024,12:15:00,18259.75,18270.25,18254.25,18269.0,2337
03/20/2024,12:18:00,18269.25,18269.5,18262.75,18267.0,980
03/20/2024,12:21:00,18267.0,18267.25,18261.5,18263.25,785
03/20/2024,12:24:00,18263.0,18271.75,18261.0,18269.75,1049
03/20/2024,12:27:00,18269.75,18271.0,18260.75,18262.0,703
03/20/2024,12:30:00,18261.75,18267.75,18258.25,18265.0,1297
03/20/2024,12:33:00,18265.25,18273.0,18263.5,18267.25,1036
03/20/2024,12:36:00,18266.5,18267.0,18259.5,18259.5,961
03/20/2024,12:39:00,18259.75,18260.25,18246.75,18253.75,2231
03/20/2024,12:42:00,18253.25,18255.75,18247.25,18253.25,1127
03/20/2024,12:45:00,18252.25,18253.0,18244.75,18249.75,1510
03/20/2024,12:48:00,18249.75,18270.0,18249.0,18269.0,2141
03/20/2024,12:51:00,18269.0,18272.0,18264.75,18266.0,1259
03/20/2024,12:54:00,18266.5,18275.75,18263.75,18274.25,1216
03/20/2024,12:57:00,18274.0,18275.25,18263.75,18273.75,1258
03/20/2024,13:00:00,18272.5,18371.75,18272.5,18345.25,17301
03/20/2024,13:03:00,18345.0,18404.75,18329.0,18391.5,11951
03/20/2024,13:06:00,18390.75,18398.75,18334.0,18353.5,9619
03/20/2024,13:09:00,18353.5,18375.0,18322.75,18365.5,9219
03/20/2024,13:12:00,18365.25,18370.5,18340.5,18349.75,6209
03/20/2024,13:15:00,18350.25,18357.0,18315.75,18318.5,7435
03/20/2024,13:18:00,18319.25,18345.5,18314.75,18339.25,5747
03/20/2024,13:21:00,18339.5,18356.25,18332.5,18335.25,4010
03/20/2024,13:24:00,18335.0,18353.5,18332.25,18353.0,2863
03/20/2024,13:27:00,18352.5,18375.0,18341.0,18371.5,3921
03/20/2024,13:30:00,18372.0,18391.75,18327.5,18336.5,9072
03/20/2024,13:33:00,18337.0,18345.0,18286.25,18298.75,8485
03/20/2024,13:36:00,18300.0,18381.0,18289.25,18360.5,14413
03/20/2024,13:39:00,18359.75,18377.25,18341.0,18375.5,9510
03/20/2024,13:42:00,18375.5,18402.75,18355.0,18394.25,10628
03/20/2024,13:45:00,18393.5,18443.0,18393.5,18443.0,11965
03/20/2024,13:48:00,18443.0,18446.75,18417.25,18419.0,7391
03/20/2024,13:51:00,18419.25,18451.25,18405.5,18439.25,7714
03/20/2024,13:54:00,18440.0,18454.5,18418.5,18419.0,6419
03/20/2024,13:57:00,18418.75,18437.25,18410.5,18419.25,5630
03/20/2024,14:00:00,18419.0,18450.25,18417.25,18433.5,6466
03/20/2024,14:03:00,18434.25,18462.25,18414.0,18462.0,6407
03/20/2024,14:06:00,18461.5,18471.75,18452.5,18461.5,6204
03/20/2024,14:09:00,18462.25,18468.75,18448.75,18448.75,4112
03/20/2024,14:12:00,18448.75,18459.25,18425.5,18430.25,6378
03/20/2024,14:15:00,18430.75,18466.5,18426.75,18462.25,6353
03/20/2024,14:18:00,18462.25,18486.5,18453.75,18485.25,6429
03/20/2024,14:21:00,18485.0,18485.5,18457.0,18461.0,4747
03/20/2024,14:24:00,18460.75,18479.0,18460.25,18478.5,4036
03/20/2024,14:27:00,18478.5,18491.25,18477.75,18486.25,4374
03/20/2024,14:30:00,18485.75,18497.5,18482.75,18491.75,3939
03/20/2024,14:33:00,18491.5,18497.75,18485.0,18487.0,3377
03/20/2024,14:36:00,18487.25,18489.75,18469.5,18477.0,4369
03/20/2024,14:39:00,18476.5,18486.75,18474.25,18476.75,3080
03/20/2024,14:42:00,18477.0,18477.75,18449.5,18450.25,4807
03/20/2024,14:45:00,18450.5,18466.75,18447.25,18463.0,4597
03/20/2024,14:48:00,18462.75,18463.0,18438.0,18446.25,4431
03/20/2024,14:51:00,18446.25,18475.0,18445.75,18466.75,5140
03/20/2024,14:54:00,18467.0,18479.25,18454.0,18473.75,5893
03/20/2024,14:57:00,18474.0,18487.5,18468.0,18484.5,10232
03/20/2024,15:00:00,18484.5,18509.25,18470.5,18508.25,8086
03/20/2024,15:03:00,18508.5,18527.0,18508.0,18516.5,4984
03/20/2024,15:06:00,18516.25,18532.5,18515.75,18531.0,2743
03/20/2024,15:09:00,18531.25,18536.5,18524.25,18535.0,1833
03/20/2024,15:12:00,18535.0,18541.0,18532.0,18532.25,1669
03/20/2024,15:15:00,18532.25,18536.0,18526.75,18530.25,1164
03/20/2024,15:18:00,18530.25,18531.5,18525.5,18528.0,744
03/20/2024,15:21:00,18528.25,18538.5,18527.5,18535.75,466
03/20/2024,15:24:00,18536.25,18538.25,18532.5,18533.75,304
03/20/2024,15:27:00,18533.75,18537.25,18529.25,18533.75,727
03/20/2024,15:30:00,18533.0,18538.75,18532.0,18538.25,334
03/20/2024,15:33:00,18538.5,18545.0,18538.25,18539.25,683
03/20/2024,15:36:00,18539.0,18540.0,18537.0,18538.0,190
03/20/2024,15:39:00,18538.25,18538.75,18534.25,18537.25,320
03/20/2024,15:42:00,18538.0,18541.25,18537.25,18540.0,317
03/20/2024,15:45:00,18539.75,18540.0,18534.0,18540.0,391
03/20/2024,15:48:00,18539.75,18542.0,18537.75,18539.25,284
03/20/2024,15:51:00,18539.5,18540.25,18537.75,18539.75,232
03/20/2024,15:54:00,18540.0,18541.75,18536.25,18539.0,528
03/20/2024,15:57:00,18539.0,18543.0,18536.5,18542.0,490
03/20/2024,17:00:00,18539.75,18539.75,18526.75,18531.5,757
03/20/2024,17:03:00,18530.5,18534.75,18527.5,18534.75,269
03/20/2024,17:06:00,18535.0,18544.5,18534.25,18544.0,614
03/20/2024,17:09:00,18543.75,18547.75,18536.0,18545.75,734
03/20/2024,17:12:00,18546.5,18559.0,18546.5,18552.25,1114
03/20/2024,17:15:00,18553.0,18556.0,18545.5,18550.5,597
03/20/2024,17:18:00,18550.5,18552.75,18541.0,18542.5,449
03/20/2024,17:21:00,18542.75,18545.0,18539.5,18540.0,248
03/20/2024,17:24:00,18539.5,18542.0,18537.0,18541.75,221
03/20/2024,17:27:00,18540.75,18543.25,18539.25,18542.75,232
03/20/2024,17:30:00,18542.5,18543.75,18541.0,18541.5,180
03/20/2024,17:33:00,18541.5,18541.75,18538.0,18539.5,152
03/20/2024,17:36:00,18539.5,18548.5,18539.5,18546.5,310
03/20/2024,17:39:00,18547.0,18550.0,18545.0,18548.75,164
03/20/2024,17:42:00,18548.25,18550.0,18547.75,18550.0,98
03/20/2024,17:45:00,18550.0,18551.0,18549.25,18550.25,104
03/20/2024,17:48:00,18550.25,18556.25,18548.25,18555.0,248
03/20/2024,17:51:00,18555.0,18562.0,18554.5,18560.5,405
03/20/2024,17:54:00,18560.5,18563.0,18559.0,18559.0,260
03/20/2024,17:57:00,18558.75,18559.5,18555.25,18558.75,184
03/20/2024,18:00:00,18558.5,18559.5,18555.75,18558.0,130
03/20/2024,18:03:00,18558.0,18563.0,18557.0,18559.0,197
03/20/2024,18:06:00,18559.0,18570.5,18559.0,18565.25,554
03/20/2024,18:09:00,18565.75,18575.5,18565.25,18570.75,509
03/20/2024,18:12:00,18570.75,18573.75,18570.25,18573.25,288
03/20/2024,18:15:00,18572.25,18575.0,18570.75,18573.25,310
03/20/2024,18:18:00,18573.25,18579.25,18573.0,18578.5,335
03/20/2024,18:21:00,18578.0,18588.25,18577.5,18586.25,759
03/20/2024,18:24:00,18586.0,18589.0,18580.5,18583.5,487
03/20/2024,18:27:00,18583.25,18584.25,18580.0,18581.5,248
03/20/2024,18:30:00,18581.5,18583.0,18577.75,18578.5,346
03/20/2024,18:33:00,18579.0,18580.25,18574.5,18575.0,241
03/20/2024,18:36:00,18575.75,18580.5,18575.25,18580.5,195
03/20/2024,18:39:00,18581.0,18582.75,18577.0,18579.0,274
03/20/2024,18:42:00,18578.75,18584.75,18578.5,18582.0,213
03/20/2024,18:45:00,18581.25,18582.0,18574.75,18575.25,280
03/20/2024,18:48:00,18575.0,18577.0,18574.5,18576.75,142
03/20/2024,18:51:00,18576.75,18578.0,18575.0,18575.5,143
03/20/2024,18:54:00,18575.0,18576.5,18571.5,18573.5,306
03/20/2024,18:57:00,18573.0,18579.25,18572.75,18578.5,191
03/20/2024,19:00:00,18578.25,18578.25,18571.75,18574.25,328
03/20/2024,19:03:00,18574.5,18578.75,18570.0,18576.0,273
03/20/2024,19:06:00,18576.0,18577.0,18573.25,18574.75,152
03/20/2024,19:09:00,18574.75,18575.75,18572.0,18575.0,143
03/20/2024,19:12:00,18575.0,18575.5,18572.5,18575.25,165
03/20/2024,19:15:00,18575.75,18576.5,18572.5,18573.75,170
03/20/2024,19:18:00,18573.5,18574.75,18571.75,18574.5,146
03/20/2024,19:21:00,18574.5,18577.5,18573.75,18574.75,142
03/20/2024,19:24:00,18575.0,18577.75,18573.0,18573.25,91
03/20/2024,19:27:00,18573.5,18573.75,18570.5,18572.5,153
03/20/2024,19:30:00,18571.75,18574.25,18571.0,18572.5,184
03/20/2024,19:33:00,18572.5,18573.0,18567.0,18568.75,381
03/20/2024,19:36:00,18568.0,18569.5,18563.75,18565.25,283
03/20/2024,19:39:00,18565.75,18568.25,18564.5,18566.0,175
03/20/2024,19:42:00,18565.75,18566.25,18563.0,18565.25,212
03/20/2024,19:45:00,18565.0,18567.5,18564.0,18565.0,153
03/20/2024,19:48:00,18565.0,18567.0,18563.0,18565.5,142
03/20/2024,19:51:00,18565.75,18567.5,18564.25,18564.5,142
03/20/2024,19:54:00,18564.75,18566.5,18561.25,18565.75,215
03/20/2024,19:57:00,18566.5,18566.5,18560.0,18561.0,160
03/20/2024,20:00:00,18560.5,18565.0,18559.0,18563.25,209
03/20/2024,20:03:00,18563.5,18564.75,18561.5,18563.0,98
03/20/2024,20:06:00,18562.25,18565.0,18560.5,18564.0,248
03/20/2024,20:09:00,18564.25,18569.75,18564.25,18568.75,324
03/20/2024,20:12:00,18568.25,18573.75,18568.0,18571.75,316
03/20/2024,20:15:00,18571.5,18574.0,18569.25,18570.0,255
03/20/2024,20:18:00,18570.0,18572.25,18566.75,18567.25,152
03/20/2024,20:21:00,18567.5,18569.0,18561.5,18561.75,190
03/20/2024,20:24:00,18561.5,18565.25,18561.25,18564.75,161
03/20/2024,20:27:00,18564.5,18565.0,18562.75,18564.75,62
03/20/2024,20:30:00,18564.25,18566.25,18562.25,18565.0,146
03/20/2024,20:33:00,18565.25,18566.25,18561.25,18562.5,188
03/20/2024,20:36:00,18562.5,18564.5,18561.25,18563.5,84
03/20/2024,20:39:00,18563.0,18563.75,18558.5,18559.75,127
03/20/2024,20:42:00,18559.5,18561.75,18559.0,18560.75,68
03/20/2024,20:45:00,18560.5,18562.5,18558.75,18562.5,86
03/20/2024,20:48:00,18562.25,18567.75,18562.25,18566.75,177
03/20/2024,20:51:00,18565.75,18567.25,18564.75,18565.0,72
03/20/2024,20:54:00,18565.0,18566.0,18563.25,18565.75,66
03/20/2024,20:57:00,18565.5,18570.75,18565.25,18570.0,149
03/20/2024,21:00:00,18569.75,18571.25,18568.5,18570.25,116
03/20/2024,21:03:00,18570.5,18573.25,18570.0,18572.25,174
03/20/2024,21:06:00,18572.75,18573.25,18568.5,18570.0,118
03/20/2024,21:09:00,18570.5,18573.25,18569.75,18573.0,73
03/20/2024,21:12:00,18573.25,18578.25,18571.5,18578.25,292
03/20/2024,21:15:00,18577.75,18580.25,18575.75,18575.75,226
03/20/2024,21:18:00,18576.25,18580.0,18575.75,18578.5,78
03/20/2024,21:21:00,18578.25,18583.0,18578.25,18581.5,185
03/20/2024,21:24:00,18581.75,18584.0,18580.25,18583.25,142
03/20/2024,21:27:00,18583.25,18585.0,18581.5,18584.5,151
03/20/2024,21:30:00,18584.5,18591.75,18584.5,18591.25,402
03/20/2024,21:33:00,18591.5,18594.5,18590.0,18590.75,262
03/20/2024,21:36:00,18590.25,18592.0,18589.75,18591.0,113
03/20/2024,21:39:00,18591.25,18592.25,18590.0,18591.0,124
03/20/2024,21:42:00,18590.75,18591.75,18588.75,18589.75,128
03/20/2024,21:45:00,18590.25,18590.75,18588.25,18589.5,153
03/20/2024,21:48:00,18589.25,18591.75,18586.0,18591.0,232
03/20/2024,21:51:00,18591.75,18593.25,18590.5,18590.75,132
03/20/2024,21:54:00,18590.5,18590.5,18588.5,18589.0,101
03/20/2024,21:57:00,18589.25,18589.75,18587.5,18588.5,88
03/20/2024,22:00:00,18588.25,18590.0,18587.25,18589.75,86
03/20/2024,22:03:00,18589.5,18589.75,18587.25,18588.25,68
03/20/2024,22:06:00,18588.5,18591.25,18588.0,18589.75,124
03/20/2024,22:09:00,18590.0,18596.5,18590.0,18594.5,329
03/20/2024,22:12:00,18595.0,18596.5,18591.0,18591.5,189
03/20/2024,22:15:00,18591.5,18592.0,18587.5,18589.25,173
03/20/2024,22:18:00,18588.75,18590.75,18587.5,18590.75,100
03/20/2024,22:21:00,18590.0,18594.5,18589.75,18593.0,102
03/20/2024,22:24:00,18592.75,18592.75,18590.75,18592.5,116
03/20/2024,22:27:00,18592.0,18592.5,18589.25,18590.25,75
03/20/2024,22:30:00,18590.0,18592.25,18589.5,18592.0,83
03/20/2024,22:33:00,18592.0,18594.25,18592.0,18593.0,81
03/20/2024,22:36:00,18593.0,18594.0,18590.25,18591.0,105
03/20/2024,22:39:00,18590.25,18590.25,18585.25,18585.5,269
03/20/2024,22:42:00,18585.5,18587.5,18584.25,18586.75,173
03/20/2024,22:45:00,18586.75,18588.75,18586.25,18586.5,77
03/20/2024,22:48:00,18586.5,18588.75,18585.25,18587.5,110
03/20/2024,22:51:00,18587.75,18589.25,18587.0,18588.0,63
03/20/2024,22:54:00,18588.25,18592.5,18588.0,18592.25,113
03/20/2024,22:57:00,18591.75,18592.5,18590.75,18592.25,46
03/20/2024,23:00:00,18592.5,18593.25,18589.25,18589.25,98
03/20/2024,23:03:00,18589.5,18592.5,18589.5,18592.0,100
03/20/2024,23:06:00,18591.75,18592.25,18590.75,18591.25,46
03/20/2024,23:09:00,18591.0,18595.5,18589.0,18592.25,189
03/20/2024,23:12:00,18592.25,18593.0,18588.75,18591.5,132
03/20/2024,23:15:00,18592.5,18592.75,18591.0,18592.75,42
03/20/2024,23:18:00,18592.25,18595.25,18592.25,18594.5,105
03/20/2024,23:21:00,18594.75,18596.0,18592.25,18593.25,148
03/20/2024,23:24:00,18593.0,18594.5,18592.5,18592.75,64
03/20/2024,23:27:00,18592.75,18595.0,18592.25,18595.0,89
03/20/2024,23:30:00,18594.5,18603.5,18593.5,18599.25,573
03/20/2024,23:33:00,18598.5,18606.5,18598.5,18606.0,500
03/20/2024,23:36:00,18605.25,18605.75,18602.5,18603.75,181
03/20/2024,23:39:00,18603.0,18603.0,18597.75,18598.0,260
03/20/2024,23:42:00,18598.25,18601.0,18597.75,18600.0,120
03/20/2024,23:45:00,18599.75,18603.25,18599.5,18603.25,81
03/20/2024,23:48:00,18603.0,18603.5,18600.75,18602.25,95
03/20/2024,23:51:00,18602.0,18604.25,18601.0,18602.0,79
03/20/2024,23:54:00,18602.0,18603.5,18600.5,18601.75,115
03/20/2024,23:57:00,18602.25,18602.25,18598.0,18601.5,136
03/21/2024,00:00:00,18601.5,18602.5,18598.75,18600.25,112
03/21/2024,00:03:00,18600.0,18601.0,18596.75,18598.75,188
03/21/2024,00:06:00,18598.75,18603.0,18598.0,18602.75,118
03/21/2024,00:09:00,18602.25,18605.25,18599.5,18599.5,189
03/21/2024,00:12:00,18600.25,18604.0,18599.5,18604.0,93
03/21/2024,00:15:00,18603.75,18604.75,18602.75,18604.0,114
03/21/2024,00:18:00,18603.25,18604.25,18601.0,18603.25,102
03/21/2024,00:21:00,18603.5,18604.75,18602.25,18604.25,123
03/21/2024,00:24:00,18604.0,18604.0,18601.0,18601.0,86
03/21/2024,00:27:00,18601.75,18602.0,18599.25,18599.25,126
03/21/2024,00:30:00,18599.25,18603.0,18598.25,18601.25,151
03/21/2024,00:33:00,18601.0,18605.75,18601.0,18604.5,181
03/21/2024,00:36:00,18604.5,18608.0,18604.0,18605.75,292
03/21/2024,00:39:00,18606.0,18609.0,18605.75,18606.75,185
03/21/2024,00:42:00,18607.25,18609.25,18606.25,18608.5,174
03/21/2024,00:45:00,18608.25,18613.75,18607.75,18609.25,327
03/21/2024,00:48:00,18608.5,18609.25,18606.5,18608.25,146
03/21/2024,00:51:00,18608.75,18611.75,18608.5,18610.5,111
03/21/2024,00:54:00,18610.75,18614.75,18610.25,18612.0,164
03/21/2024,00:57:00,18612.25,18612.25,18608.25,18610.5,164
03/21/2024,01:00:00,18610.75,18611.75,18608.0,18608.75,139
03/21/2024,01:03:00,18608.75,18609.25,18606.5,18607.75,125
03/21/2024,01:06:00,18608.25,18616.0,18608.0,18615.75,373
03/21/2024,01:09:00,18615.25,18618.5,18613.5,18617.25,279
03/21/2024,01:12:00,18617.25,18618.25,18614.0,18617.0,230
03/21/2024,01:15:00,18616.75,18619.5,18616.0,18617.75,205
03/21/2024,01:18:00,18618.5,18619.0,18615.5,18618.0,230
03/21/2024,01:21:00,18617.25,18621.5,18617.0,18618.5,254
03/21/2024,01:24:00,18618.75,18623.25,18617.25,18623.25,373
03/21/2024,01:27:00,18622.5,18625.5,18621.5,18623.25,302
03/21/2024,01:30:00,18623.0,18626.75,18621.0,18624.25,284
03/21/2024,01:33:00,18623.75,18626.0,18622.75,18625.25,209
03/21/2024,01:36:00,18625.25,18627.5,18624.75,18625.0,229
03/21/2024,01:39:00,18625.0,18629.5,18623.5,18625.5,275
03/21/2024,01:42:00,18625.25,18625.5,18623.25,18623.75,238
03/21/2024,01:45:00,18624.0,18624.5,18621.75,18623.5,220
03/21/2024,01:48:00,18623.25,18623.75,18619.0,18621.75,295
03/21/2024,01:51:00,18621.75,18627.75,18620.5,18627.25,255
03/21/2024,01:54:00,18627.25,18628.0,18624.75,18627.25,139
03/21/2024,01:57:00,18627.0,18633.0,18627.0,18633.0,462
03/21/2024,02:00:00,18632.25,18638.0,18629.0,18634.5,726
03/21/2024,02:03:00,18634.75,18637.5,18631.25,18632.0,358
03/21/2024,02:06:00,18632.75,18636.5,18629.5,18633.5,300
03/21/2024,02:09:00,18634.0,18635.75,18631.5,18631.5,175
03/21/2024,02:12:00,18632.0,18633.0,18628.25,18631.75,334
03/21/2024,02:15:00,18631.25,18639.5,18631.25,18635.75,490
03/21/2024,02:18:00,18635.25,18645.75,18635.0,18642.0,693
03/21/2024,02:21:00,18641.5,18645.75,18641.5,18642.75,397
03/21/2024,02:24:00,18643.25,18647.75,18641.75,18643.5,428
03/21/2024,02:27:00,18643.5,18644.75,18642.25,18644.25,246
03/21/2024,02:30:00,18644.5,18646.0,18641.5,18643.75,271
03/21/2024,02:33:00,18644.25,18644.5,18640.5,18643.75,218
03/21/2024,02:36:00,18643.5,18653.0,18643.5,18649.25,736
03/21/2024,02:39:00,18649.0,18654.25,18647.25,18652.75,436
03/21/2024,02:42:00,18652.5,18662.5,18652.25,18660.0,932
03/21/2024,02:45:00,18660.0,18660.5,18653.5,18654.25,480
03/21/2024,02:48:00,18654.75,18658.5,18653.5,18655.25,330
03/21/2024,02:51:00,18655.25,18660.0,18652.5,18658.25,481
03/21/2024,02:54:00,18657.75,18667.25,18656.5,18659.25,829
03/21/2024,02:57:00,18659.5,18661.75,18655.5,18660.0,484
03/21/2024,03:00:00,18660.25,18661.0,18638.25,18639.25,1616
03/21/2024,03:03:00,18639.25,18646.75,18634.5,18636.0,894
03/21/2024,03:06:00,18635.75,18641.0,18632.25,18641.0,717
03/21/2024,03:09:00,18640.75,18642.5,18630.25,18630.5,803
03/21/2024,03:12:00,18631.5,18633.0,18627.0,18630.75,832
03/21/2024,03:15:00,18630.5,18636.0,18628.25,18632.0,823
03/21/2024,03:18:00,18631.75,18636.0,18630.25,18630.75,508
03/21/2024,03:21:00,18630.0,18630.75,18621.5,18621.75,623
03/21/2024,03:24:00,18621.5,18621.5,18614.75,18618.75,796
03/21/2024,03:27:00,18618.5,18624.5,18618.0,18622.0,459
03/21/2024,03:30:00,18621.5,18629.0,18617.75,18621.25,856
03/21/2024,03:33:00,18620.25,18633.75,18618.0,18630.5,599
03/21/2024,03:36:00,18630.5,18631.5,18621.25,18623.75,540
03/21/2024,03:39:00,18623.25,18626.5,18614.5,18615.0,498
03/21/2024,03:42:00,18615.25,18617.75,18608.0,18613.0,829
03/21/2024,03:45:00,18613.0,18620.25,18609.5,18618.0,453
03/21/2024,03:48:00,18618.25,18623.75,18612.0,18620.25,727
03/21/2024,03:51:00,18621.25,18625.0,18616.75,18617.75,526
03/21/2024,03:54:00,18618.5,18622.5,18612.0,18614.5,320
03/21/2024,03:57:00,18614.0,18621.75,18614.0,18618.75,523
03/21/2024,04:00:00,18619.25,18623.5,18615.5,18622.25,500
03/21/2024,04:03:00,18623.0,18624.0,18597.5,18599.25,1244
03/21/2024,04:06:00,18599.0,18605.25,18591.75,18596.25,1103
03/21/2024,04:09:00,18597.0,18599.25,18592.25,18597.75,767
03/21/2024,04:12:00,18598.0,18599.5,18594.0,18594.75,339
03/21/2024,04:15:00,18595.0,18598.75,18593.0,18595.75,448
03/21/2024,04:18:00,18595.5,18603.25,18593.0,18601.25,515
03/21/2024,04:21:00,18602.0,18602.75,18595.25,18599.25,400
03/21/2024,04:24:00,18598.75,18599.75,18589.25,18599.5,591
03/21/2024,04:27:00,18600.0,18602.5,18598.0,18598.0,236
03/21/2024,04:30:00,18598.25,18598.25,18590.75,18594.5,463
03/21/2024,04:33:00,18595.25,18598.75,18591.0,18597.5,279
03/21/2024,04:36:00,18597.5,18605.5,18596.5,18605.5,550
03/21/2024,04:39:00,18605.0,18610.75,18602.25,18609.75,661
03/21/2024,04:42:00,18609.75,18611.75,18606.25,18608.25,418
03/21/2024,04:45:00,18608.75,18612.5,18606.5,18608.0,417
03/21/2024,04:48:00,18608.25,18608.5,18601.75,18604.75,376
03/21/2024,04:51:00,18604.5,18611.75,18604.0,18604.25,324
03/21/2024,04:54:00,18605.0,18610.25,18604.25,18606.0,341
03/21/2024,04:57:00,18606.5,18607.75,18604.75,18606.75,161
03/21/2024,05:00:00,18607.0,18610.25,18604.25,18606.0,259
03/21/2024,05:03:00,18605.25,18606.0,18597.25,18598.0,416
03/21/2024,05:06:00,18597.5,18604.5,18594.0,18601.75,686
03/21/2024,05:09:00,18601.25,18605.0,18597.0,18603.5,376
03/21/2024,05:12:00,18603.5,18609.5,18603.5,18605.0,431
03/21/2024,05:15:00,18605.0,18606.5,18600.5,18604.0,306
03/21/2024,05:18:00,18604.25,18607.5,18603.0,18606.75,217
03/21/2024,05:21:00,18606.75,18609.75,18603.0,18609.25,247
03/21/2024,05:24:00,18609.75,18610.75,18604.75,18605.75,338
03/21/2024,05:27:00,18607.0,18608.0,18604.0,18605.5,163
03/21/2024,05:30:00,18605.25,18609.0,18604.75,18608.0,133
03/21/2024,05:33:00,18607.5,18608.5,18604.25,18605.25,162
03/21/2024,05:36:00,18604.5,18604.75,18598.5,18600.0,347
03/21/2024,05:39:00,18599.75,18603.5,18596.5,18601.75,593
03/21/2024,05:42:00,18601.5,18603.0,18597.75,18600.0,256
03/21/2024,05:45:00,18599.75,18604.5,18598.75,18600.5,267
03/21/2024,05:48:00,18600.5,18602.5,18598.0,18602.5,301
03/21/2024,05:51:00,18602.5,18605.0,18602.0,18603.75,223
03/21/2024,05:54:00,18604.25,18605.5,18600.0,18603.25,309
03/21/2024,05:57:00,18603.25,18608.0,18603.0,18606.0,482
03/21/2024,06:00:00,18605.75,18614.75,18605.5,18610.5,915
03/21/2024,06:03:00,18610.75,18614.5,18608.0,18613.75,472
03/21/2024,06:06:00,18614.25,18614.5,18609.0,18613.5,551
03/21/2024,06:09:00,18613.0,18625.75,18613.0,18623.75,1137
03/21/2024,06:12:00,18624.0,18630.75,18622.0,18624.5,918
03/21/2024,06:15:00,18624.75,18626.5,18620.25,18620.75,530
03/21/2024,06:18:00,18621.0,18633.0,18620.75,18633.0,686
03/21/2024,06:21:00,18633.0,18636.0,18625.25,18625.25,894
03/21/2024,06:24:00,18625.75,18629.0,18623.5,18628.75,280
03/21/2024,06:27:00,18628.75,18632.75,18627.0,18629.25,603
03/21/2024,06:30:00,18629.0,18637.0,18624.75,18636.0,880
03/21/2024,06:33:00,18635.75,18636.5,18630.75,18632.25,588
03/21/2024,06:36:00,18632.0,18640.5,18631.5,18639.5,693
03/21/2024,06:39:00,18639.5,18645.5,18639.25,18642.25,716
03/21/2024,06:42:00,18642.75,18647.75,18639.5,18641.0,672
03/21/2024,06:45:00,18641.25,18644.5,18640.25,18640.75,383
03/21/2024,06:48:00,18640.75,18645.75,18639.75,18641.25,721
03/21/2024,06:51:00,18641.5,18642.5,18635.75,18639.75,511
03/21/2024,06:54:00,18640.0,18640.0,18633.75,18634.75,334
03/21/2024,06:57:00,18634.5,18639.75,18632.25,18639.5,630
03/21/2024,07:00:00,18639.5,18650.75,18638.0,18647.75,1343
03/21/2024,07:03:00,18647.75,18654.75,18647.5,18651.75,863
03/21/2024,07:06:00,18651.25,18656.25,18648.0,18648.25,814
03/21/2024,07:09:00,18648.75,18654.0,18646.0,18649.25,598
03/21/2024,07:12:00,18650.0,18651.25,18646.75,18650.5,406
03/21/2024,07:15:00,18650.5,18658.0,18650.25,18656.25,849
03/21/2024,07:18:00,18656.0,18663.25,18656.0,18661.75,957
03/21/2024,07:21:00,18661.5,18661.5,18655.5,18659.25,682
03/21/2024,07:24:00,18659.75,18665.0,18657.5,18664.0,614
03/21/2024,07:27:00,18663.5,18672.0,18662.0,18669.25,1200
03/21/2024,07:30:00,18668.25,18674.75,18654.5,18657.75,2051
03/21/2024,07:33:00,18658.25,18664.25,18648.75,18649.0,1035
03/21/2024,07:36:00,18649.0,18651.75,18647.0,18647.25,1198
03/21/2024,07:39:00,18647.75,18659.25,18647.25,18654.25,1118
03/21/2024,07:42:00,18654.75,18657.75,18649.0,18651.0,951
03/21/2024,07:45:00,18651.0,18656.25,18648.25,18655.75,766
03/21/2024,07:48:00,18655.5,18662.0,18653.75,18660.75,693
03/21/2024,07:51:00,18660.75,18661.5,18652.75,18653.75,698
03/21/2024,07:54:00,18653.5,18660.75,18653.25,18659.25,477
03/21/2024,07:57:00,18659.5,18661.25,18657.25,18658.0,504
03/21/2024,08:00:00,18658.5,18660.25,18652.0,18656.75,595
03/21/2024,08:03:00,18657.25,18657.25,18652.25,18656.0,568
03/21/2024,08:06:00,18656.5,18657.5,18649.25,18652.75,696
03/21/2024,08:09:00,18653.0,18656.75,18649.25,18650.75,812
03/21/2024,08:12:00,18650.75,18652.0,18647.25,18650.0,951
03/21/2024,08:15:00,18650.5,18658.25,18647.0,18656.5,1027
03/21/2024,08:18:00,18656.75,18659.5,18653.75,18656.75,747
03/21/2024,08:21:00,18656.25,18662.5,18656.25,18662.25,957
03/21/2024,08:24:00,18662.5,18685.5,18657.25,18681.75,4077
03/21/2024,08:27:00,18682.0,18695.75,18678.0,18687.75,5568
03/21/2024,08:30:00,18687.5,18692.25,18668.75,18669.5,13114
03/21/2024,08:33:00,18670.0,18676.25,18655.25,18671.0,9981
03/21/2024,08:36:00,18671.5,18688.25,18659.25,18685.75,8405
03/21/2024,08:39:00,18685.25,18709.0,18678.5,18693.0,12803
03/21/2024,08:42:00,18693.25,18698.0,18661.5,18675.75,7468
03/21/2024,08:45:00,18672.5,18689.5,18656.5,18660.0,8096
03/21/2024,08:48:00,18660.0,18667.0,18637.5,18644.25,14748
03/21/2024,08:51:00,18643.75,18655.0,18639.5,18639.5,5261
03/21/2024,08:54:00,18639.75,18650.0,18631.0,18638.0,5537
03/21/2024,08:57:00,18637.75,18649.5,18626.0,18648.0,5122
03/21/2024,09:00:00,18647.5,18653.0,18632.25,18649.0,6033
03/21/2024,09:03:00,18648.75,18654.0,18636.0,18638.0,4011
03/21/2024,09:06:00,18638.5,18662.0,18631.0,18660.5,4970
03/21/2024,09:09:00,18660.75,18668.0,18649.0,18653.25,5751
03/21/2024,09:12:00,18653.5,18662.5,18637.0,18645.5,6042
03/21/2024,09:15:00,18646.25,18659.0,18641.75,18643.5,4085
03/21/2024,09:18:00,18644.0,18667.25,18640.5,18667.25,3825
03/21/2024,09:21:00,18667.25,18687.5,18667.25,18677.0,5530
03/21/2024,09:24:00,18676.75,18679.0,18667.75,18675.25,3355
03/21/2024,09:27:00,18675.25,18675.75,18658.0,18659.0,4018
03/21/2024,09:30:00,18659.25,18662.75,18622.5,18637.0,9594
03/21/2024,09:33:00,18636.75,18643.75,18632.5,18641.25,4019
03/21/2024,09:36:00,18641.25,18651.25,18634.0,18641.75,4037
03/21/2024,09:39:00,18641.75,18642.0,18620.25,18636.75,5413
03/21/2024,09:42:00,18637.0,18654.0,18635.75,18648.75,5704
03/21/2024,09:45:00,18648.5,18657.75,18637.75,18655.0,3879
03/21/2024,09:48:00,18654.75,18669.0,18650.25,18653.75,6076
03/21/2024,09:51:00,18654.25,18662.5,18649.0,18660.5,3394
03/21/2024,09:54:00,18660.25,18665.75,18646.5,18649.75,3671
03/21/2024,09:57:00,18649.75,18656.0,18640.5,18643.5,3219
03/21/2024,10:00:00,18643.75,18664.5,18643.25,18656.0,3730
03/21/2024,10:03:00,18656.5,18657.0,18629.75,18636.5,4716
03/21/2024,10:06:00,18637.75,18642.0,18617.5,18625.5,4667
03/21/2024,10:09:00,18625.5,18638.75,18623.0,18627.0,3353
03/21/2024,10:12:00,18628.0,18643.25,18626.0,18643.25,2367
03/21/2024,10:15:00,18643.5,18650.0,18635.0,18636.0,2910
03/21/2024,10:18:00,18636.25,18650.25,18625.0,18648.75,3123
03/21/2024,10:21:00,18649.25,18657.5,18647.5,18652.0,2855
03/21/2024,10:24:00,18651.25,18660.0,18645.5,18651.25,2501
03/21/2024,10:27:00,18651.0,18658.0,18645.5,18655.5,1687
03/21/2024,10:30:00,18655.5,18665.5,18650.25,18665.0,3672
03/21/2024,10:33:00,18664.5,18671.5,18660.75,18669.0,3102
03/21/2024,10:36:00,18669.5,18677.25,18667.5,18677.0,2332
03/21/2024,10:39:00,18677.25,18684.75,18674.5,18677.75,3416
03/21/2024,10:42:00,18677.75,18687.0,18674.5,18682.5,2531
03/21/2024,10:45:00,18682.5,18688.5,18676.75,18681.75,2616
03/21/2024,10:48:00,18682.25,18694.0,18681.0,18692.5,3304
03/21/2024,10:51:00,18692.5,18701.0,18689.25,18690.5,4104
03/21/2024,10:54:00,18690.5,18692.25,18681.5,18684.75,2747
03/21/2024,10:57:00,18684.5,18688.75,18679.0,18681.75,3229
03/21/2024,11:00:00,18682.0,18688.5,18675.0,18687.25,2864
03/21/2024,11:03:00,18687.0,18691.5,18680.0,18687.0,1952
03/21/2024,11:06:00,18687.0,18696.5,18685.25,18691.75,2038
03/21/2024,11:09:00,18691.5,18691.5,18677.0,18685.25,2813
03/21/2024,11:12:00,18685.75,18693.0,18681.5,18692.25,2032
03/21/2024,11:15:00,18692.25,18703.0,18690.0,18693.5,2648
03/21/2024,11:18:00,18693.0,18697.25,18690.25,18694.75,1280
03/21/2024,11:21:00,18695.0,18702.25,18686.75,18697.75,2431
03/21/2024,11:24:00,18697.5,18701.5,18692.25,18701.25,1355
03/21/2024,11:27:00,18701.5,18707.0,18700.25,18703.5,2673
03/21/2024,11:30:00,18703.5,18707.5,18695.75,18696.75,2334
03/21/2024,11:33:00,18696.5,18697.25,18688.5,18695.75,2231
03/21/2024,11:36:00,18695.5,18699.0,18682.25,18693.0,2389
03/21/2024,11:39:00,18693.0,18702.0,18689.75,18697.5,3411
03/21/2024,11:42:00,18698.0,18699.0,18681.5,18683.0,2555
03/21/2024,11:45:00,18683.0,18686.5,18677.75,18683.0,2681
03/21/2024,11:48:00,18683.0,18689.5,18682.5,18686.25,1332
03/21/2024,11:51:00,18686.75,18694.75,18684.5,18694.75,1390
03/21/2024,11:54:00,18694.5,18695.75,18690.0,18694.5,1329
03/21/2024,11:57:00,18694.5,18694.5,18687.0,18689.25,1339
03/21/2024,12:00:00,18689.0,18689.75,18662.0,18673.25,3790
03/21/2024,12:03:00,18673.25,18681.0,18670.0,18678.75,2091
03/21/2024,12:06:00,18678.5,18681.5,18670.5,18671.25,1270
03/21/2024,12:09:00,18671.25,18680.0,18668.25,18678.5,1619
03/21/2024,12:12:00,18679.0,18681.75,18673.5,18675.75,1132
03/21/2024,12:15:00,18675.75,18676.25,18666.0,18670.0,2056
03/21/2024,12:18:00,18670.5,18674.75,18656.0,18661.0,2444
03/21/2024,12:21:00,18661.0,18667.75,18659.75,18662.0,1688
03/21/2024,12:24:00,18662.25,18667.0,18657.0,18666.0,1582
03/21/2024,12:27:00,18665.25,18671.0,18662.25,18663.25,1538
03/21/2024,12:30:00,18663.25,18664.25,18650.75,18655.25,2599
03/21/2024,12:33:00,18655.75,18657.25,18646.0,18650.0,2359
03/21/2024,12:36:00,18650.25,18659.5,18646.0,18655.0,1809
03/21/2024,12:39:00,18655.25,18658.5,18652.5,18655.75,1514
03/21/2024,12:42:00,18656.0,18663.0,18652.25,18662.5,1950
03/21/2024,12:45:00,18663.25,18664.25,18642.25,18646.25,2353
03/21/2024,12:48:00,18646.5,18646.5,18631.5,18638.25,3623
03/21/2024,12:51:00,18638.5,18639.5,18619.5,18624.5,3129
03/21/2024,12:54:00,18624.25,18624.5,18612.25,18614.25,4662
03/21/2024,12:57:00,18614.25,18621.0,18612.5,18618.75,2056
03/21/2024,13:00:00,18618.5,18623.5,18599.25,18604.75,4851
03/21/2024,13:03:00,18604.5,18619.0,18603.75,18619.0,3268
03/21/2024,13:06:00,18619.0,18620.0,18592.0,18592.75,3699
03/21/2024,13:09:00,18593.0,18602.75,18584.25,18598.25,4973
03/21/2024,13:12:00,18599.0,18602.75,18592.0,18598.25,2191
03/21/2024,13:15:00,18597.75,18601.0,18589.75,18598.5,1903
03/21/2024,13:18:00,18599.0,18611.0,18593.25,18609.25,2856
03/21/2024,13:21:00,18609.25,18614.5,18602.75,18605.0,2592
03/21/2024,13:24:00,18604.75,18618.0,18600.25,18615.75,2406
03/21/2024,13:27:00,18616.0,18618.0,18611.25,18616.25,1429
03/21/2024,13:30:00,18616.5,18616.75,18605.5,18608.5,1468
03/21/2024,13:33:00,18609.0,18612.75,18572.5,18573.25,5226
03/21/2024,13:36:00,18573.0,18580.75,18562.75,18566.5,5749
03/21/2024,13:39:00,18567.0,18579.5,18566.75,18574.25,2592
03/21/2024,13:42:00,18574.25,18578.75,18552.5,18576.5,4578
03/21/2024,13:45:00,18576.5,18589.5,18574.75,18586.25,2862
03/21/2024,13:48:00,18586.25,18595.25,18578.75,18583.25,2716
03/21/2024,13:51:00,18583.25,18586.25,18577.0,18583.75,1787
03/21/2024,13:54:00,18584.0,18586.75,18568.0,18569.0,2494
03/21/2024,13:57:00,18568.75,18575.0,18556.5,18573.5,3368
03/21/2024,14:00:00,18573.5,18576.5,18564.25,18566.75,2982
03/21/2024,14:03:00,18566.0,18576.25,18558.0,18574.0,3121
03/21/2024,14:06:00,18574.5,18584.5,18572.0,18581.0,3202
03/21/2024,14:09:00,18581.25,18590.25,18578.25,18588.75,2151
03/21/2024,14:12:00,18588.25,18594.25,18583.25,18586.25,2474
03/21/2024,14:15:00,18587.0,18596.0,18586.75,18592.5,1666
03/21/2024,14:18:00,18592.25,18597.75,18588.25,18589.75,1858
03/21/2024,14:21:00,18589.25,18589.5,18577.5,18577.5,2636
03/21/2024,14:24:00,18577.5,18588.0,18576.25,18579.25,2047
03/21/2024,14:27:00,18579.75,18588.75,18574.25,18586.5,1711
03/21/2024,14:30:00,18586.5,18601.75,18583.75,18585.0,3654
03/21/2024,14:33:00,18584.75,18589.5,18571.25,18582.75,2775
03/21/2024,14:36:00,18583.0,18584.25,18564.0,18573.25,2744
03/21/2024,14:39:00,18573.25,18581.0,18569.25,18578.75,1742
03/21/2024,14:42:00,18579.25,18591.25,18575.25,18590.5,2266
03/21/2024,14:45:00,18590.75,18593.0,18576.75,18579.0,2742
03/21/2024,14:48:00,18579.0,18584.5,18568.25,18584.5,3101
03/21/2024,14:51:00,18584.25,18588.25,18570.25,18577.5,3460
03/21/2024,14:54:00,18577.0,18578.5,18561.75,18570.5,4434
03/21/2024,14:57:00,18570.0,18572.75,18552.75,18558.75,10351
03/21/2024,15:00:00,18558.75,18571.0,18556.75,18565.0,4250
03/21/2024,15:03:00,18565.75,18567.5,18558.5,18562.75,1567
03/21/2024,15:06:00,18562.75,18572.0,18562.75,18570.5,836
03/21/2024,15:09:00,18570.25,18573.25,18566.25,18572.0,757
03/21/2024,15:12:00,18572.25,18579.25,18570.75,18575.0,1016
03/21/2024,15:15:00,18574.0,18580.0,18569.0,18575.75,762
03/21/2024,15:18:00,18575.75,18577.0,18572.5,18577.0,196
03/21/2024,15:21:00,18576.0,18583.25,18575.0,18583.25,292
03/21/2024,15:24:00,18583.0,18586.5,18583.0,18584.75,398
03/21/2024,15:27:00,18584.25,18585.5,18582.25,18582.75,294
03/21/2024,15:30:00,18582.75,18583.5,18575.5,18577.5,289
03/21/2024,15:33:00,18577.5,18577.5,18574.25,18574.25,174
03/21/2024,15:36:00,18574.25,18576.75,18571.5,18576.25,258
03/21/2024,15:39:00,18576.25,18578.5,18575.75,18577.0,183
03/21/2024,15:42:00,18576.75,18578.0,18575.0,18576.5,202
03/21/2024,15:45:00,18576.5,18580.5,18574.25,18577.0,272
03/21/2024,15:48:00,18577.5,18579.0,18576.5,18576.75,120
03/21/2024,15:51:00,18576.25,18578.5,18575.25,18575.5,164
03/21/2024,15:54:00,18576.25,18578.25,18575.0,18577.75,135
03/21/2024,15:57:00,18578.25,18581.0,18578.25,18579.75,297
03/21/2024,17:00:00,18580.5,18584.5,18577.0,18583.0,484
03/21/2024,17:03:00,18582.75,18586.5,18580.0,18580.25,247
03/21/2024,17:06:00,18580.25,18580.5,18576.0,18577.75,136
03/21/2024,17:09:00,18577.0,18579.0,18569.5,18577.0,230
03/21/2024,17:12:00,18577.0,18577.25,18572.0,18573.25,122
03/21/2024,17:15:00,18573.25,18577.75,18572.75,18577.0,58
03/21/2024,17:18:00,18577.0,18578.75,18573.5,18574.25,108
03/21/2024,17:21:00,18574.5,18575.0,18572.25,18573.0,99
03/21/2024,17:24:00,18573.25,18573.25,18571.5,18572.5,87
03/21/2024,17:27:00,18573.25,18573.5,18571.5,18571.75,49
03/21/2024,17:30:00,18572.0,18577.5,18572.0,18577.0,166
03/21/2024,17:33:00,18577.0,18582.5,18577.0,18582.5,125
03/21/2024,17:36:00,18582.0,18584.25,18581.25,18583.0,96
03/21/2024,17:39:00,18583.5,18584.5,18581.0,18583.5,77
03/21/2024,17:42:00,18583.25,18585.25,18582.25,18583.75,62
03/21/2024,17:45:00,18583.75,18585.25,18583.5,18584.0,81
03/21/2024,17:48:00,18584.75,18587.0,18584.5,18585.75,122
03/21/2024,17:51:00,18585.25,18587.75,18585.0,18587.5,92
03/21/2024,17:54:00,18587.5,18590.5,18587.5,18589.0,212
03/21/2024,17:57:00,18589.5,18590.25,18588.0,18588.0,104
03/21/2024,18:00:00,18588.0,18589.25,18582.5,18584.0,220
03/21/2024,18:03:00,18583.25,18587.5,18583.25,18585.5,76
03/21/2024,18:06:00,18585.5,18588.0,18584.75,18588.0,74
03/21/2024,18:09:00,18588.5,18588.5,18586.0,18587.0,64
03/21/2024,18:12:00,18587.0,18589.75,18583.5,18587.0,146
03/21/2024,18:15:00,18586.5,18587.25,18580.0,18580.5,128
03/21/2024,18:18:00,18581.0,18582.5,18580.25,18582.5,71
03/21/2024,18:21:00,18582.5,18586.5,18582.25,18585.5,103
03/21/2024,18:24:00,18586.0,18586.0,18584.0,18585.75,43
03/21/2024,18:27:00,18585.5,18588.75,18585.25,18586.0,67
03/21/2024,18:30:00,18586.0,18587.5,18585.0,18587.0,55
03/21/2024,18:33:00,18587.5,18590.5,18587.25,18589.75,142
03/21/2024,18:36:00,18589.75,18591.5,18587.25,18587.75,175
03/21/2024,18:39:00,18587.75,18589.75,18586.5,18589.0,58
03/21/2024,18:42:00,18589.25,18590.25,18588.5,18589.5,58
03/21/2024,18:45:00,18589.5,18593.25,18588.0,18589.75,202
03/21/2024,18:48:00,18589.75,18589.75,18588.0,18588.0,56
03/21/2024,18:51:00,18588.0,18591.0,18588.0,18590.5,85
03/21/2024,18:54:00,18590.25,18590.75,18588.25,18590.0,83
03/21/2024,18:57:00,18590.0,18591.0,18588.75,18588.75,64
03/21/2024,19:00:00,18588.75,18591.25,18587.75,18589.5,142
03/21/2024,19:03:00,18590.0,18595.0,18589.0,18593.25,223
03/21/2024,19:06:00,18593.0,18594.0,18590.0,18590.25,113
03/21/2024,19:09:00,18590.25,18590.5,18585.5,18590.0,217
03/21/2024,19:12:00,18589.75,18591.0,18588.0,18588.0,74
03/21/2024,19:15:00,18587.75,18589.25,18584.0,18589.0,290
03/21/2024,19:18:00,18589.0,18590.5,18587.75,18589.5,72
03/21/2024,19:21:00,18590.25,18594.5,18590.25,18591.75,225
03/21/2024,19:24:00,18592.25,18592.75,18591.0,18592.0,71
03/21/2024,19:27:00,18592.25,18592.25,18587.5,18589.5,114
03/21/2024,19:30:00,18589.25,18593.0,18589.25,18591.75,72
03/21/2024,19:33:00,18592.25,18592.5,18587.5,18589.75,101
03/21/2024,19:36:00,18589.0,18591.75,18588.75,18589.75,37
03/21/2024,19:39:00,18589.75,18589.75,18585.25,18586.0,212
03/21/2024,19:42:00,18586.25,18587.5,18581.25,18583.0,154
03/21/2024,19:45:00,18583.0,18583.25,18579.25,18579.25,175
03/21/2024,19:48:00,18579.75,18585.5,18578.0,18583.5,202
03/21/2024,19:51:00,18583.25,18585.0,18582.75,18583.75,85
03/21/2024,19:54:00,18584.0,18588.25,18584.0,18588.25,113
03/21/2024,19:57:00,18588.0,18588.5,18586.0,18587.5,77
03/21/2024,20:00:00,18587.25,18588.25,18583.25,18584.75,103
03/21/2024,20:03:00,18585.0,18586.25,18583.25,18586.25,57
03/21/2024,20:06:00,18586.25,18591.5,18586.25,18590.5,168
03/21/2024,20:09:00,18590.75,18595.25,18590.75,18593.25,251
03/21/2024,20:12:00,18593.25,18593.25,18588.75,18590.5,133
03/21/2024,20:15:00,18590.5,18592.75,18589.75,18590.25,95
03/21/2024,20:18:00,18591.0,18591.0,18587.75,18588.0,55
03/21/2024,20:21:00,18587.75,18588.25,18586.5,18587.75,71
03/21/2024,20:24:00,18587.5,18590.0,18586.0,18589.25,93
03/21/2024,20:27:00,18589.25,18591.0,18588.75,18591.0,53
03/21/2024,20:30:00,18591.0,18591.25,18588.25,18590.5,89
03/21/2024,20:33:00,18590.25,18594.75,18589.25,18589.75,149
03/21/2024,20:36:00,18589.25,18589.25,18572.75,18575.25,652
03/21/2024,20:39:00,18574.75,18579.0,18573.75,18576.75,243
03/21/2024,20:42:00,18576.5,18579.25,18570.75,18577.75,307
03/21/2024,20:45:00,18578.0,18581.5,18574.5,18576.25,252
03/21/2024,20:48:00,18575.75,18576.75,18569.25,18572.5,263
03/21/2024,20:51:00,18572.25,18574.5,18570.25,18572.5,190
03/21/2024,20:54:00,18572.0,18573.5,18568.0,18570.0,291
03/21/2024,20:57:00,18570.25,18573.0,18558.75,18560.25,661
03/21/2024,21:00:00,18560.75,18567.5,18560.25,18565.25,399
03/21/2024,21:03:00,18565.5,18567.0,18561.0,18564.0,213
03/21/2024,21:06:00,18564.5,18566.75,18563.25,18564.5,132
03/21/2024,21:09:00,18564.5,18568.75,18564.5,18566.75,167
03/21/2024,21:12:00,18566.5,18566.75,18562.25,18563.25,140
03/21/2024,21:15:00,18563.25,18565.25,18560.75,18561.25,146
03/21/2024,21:18:00,18561.25,18562.75,18559.25,18560.25,221
03/21/2024,21:21:00,18560.25,18565.5,18560.25,18564.75,162
03/21/2024,21:24:00,18564.5,18565.5,18560.0,18562.25,170
03/21/2024,21:27:00,18562.75,18563.75,18559.25,18559.5,165
03/21/2024,21:30:00,18559.25,18559.5,18555.5,18556.25,268
03/21/2024,21:33:00,18557.0,18558.5,18554.0,18554.5,169
03/21/2024,21:36:00,18554.0,18554.25,18536.5,18545.5,1137
03/21/2024,21:39:00,18546.0,18546.5,18532.0,18541.25,724
03/21/2024,21:42:00,18541.0,18545.0,18539.75,18541.5,235
03/21/2024,21:45:00,18541.5,18546.0,18535.25,18544.75,393
03/21/2024,21:48:00,18545.25,18545.25,18539.5,18541.75,134
03/21/2024,21:51:00,18542.5,18543.25,18539.0,18541.0,191
03/21/2024,21:54:00,18540.75,18542.75,18539.5,18540.0,206
03/21/2024,21:57:00,18540.0,18540.75,18535.5,18536.75,191
03/21/2024,22:00:00,18536.5,18541.25,18534.5,18539.75,434
03/21/2024,22:03:00,18540.0,18544.0,18538.75,18544.0,108
03/21/2024,22:06:00,18543.75,18543.75,18540.75,18542.5,81
03/21/2024,22:09:00,18542.25,18544.75,18538.5,18538.75,214
03/21/2024,22:12:00,18539.0,18540.75,18537.25,18538.25,163
03/21/2024,22:15:00,18538.5,18542.25,18538.5,18541.75,92
03/21/2024,22:18:00,18541.75,18544.25,18539.5,18542.5,141
03/21/2024,22:21:00,18542.75,18547.5,18542.0,18546.75,265
03/21/2024,22:24:00,18546.5,18547.25,18544.5,18545.75,102
03/21/2024,22:27:00,18544.5,18548.5,18543.25,18545.25,170
03/21/2024,22:30:00,18545.75,18546.0,18541.5,18542.75,169
03/21/2024,22:33:00,18542.75,18543.25,18535.5,18542.0,285
03/21/2024,22:36:00,18542.25,18546.0,18541.0,18544.25,196
03/21/2024,22:39:00,18544.25,18550.0,18544.0,18548.75,183
03/21/2024,22:42:00,18548.5,18548.5,18545.75,18547.5,85
03/21/2024,22:45:00,18547.5,18551.0,18547.5,18549.75,121
03/21/2024,22:48:00,18550.0,18551.0,18546.5,18547.0,100
03/21/2024,22:51:00,18546.25,18548.25,18544.25,18547.5,156
03/21/2024,22:54:00,18547.75,18550.5,18547.75,18550.25,83
03/21/2024,22:57:00,18549.5,18553.5,18548.75,18553.25,392
03/21/2024,23:00:00,18553.0,18561.75,18553.0,18559.75,669
03/21/2024,23:03:00,18559.75,18563.75,18557.5,18563.5,381
03/21/2024,23:06:00,18563.25,18571.75,18562.5,18567.0,780
03/21/2024,23:09:00,18566.75,18572.75,18566.5,18571.0,386
03/21/2024,23:12:00,18571.25,18576.5,18570.5,18576.0,315
03/21/2024,23:15:00,18576.0,18580.25,18572.5,18573.25,595
03/21/2024,23:18:00,18572.75,18574.0,18570.0,18573.0,122
03/21/2024,23:21:00,18573.25,18576.0,18573.25,18575.25,119
03/21/2024,23:24:00,18576.0,18576.25,18574.0,18575.5,57
03/21/2024,23:27:00,18575.5,18575.5,18572.5,18572.75,139
03/21/2024,23:30:00,18572.75,18578.75,18572.75,18575.25,141
03/21/2024,23:33:00,18576.0,18578.5,18575.5,18578.25,66
03/21/2024,23:36:00,18578.0,18578.0,18574.75,18575.75,50
03/21/2024,23:39:00,18575.75,18576.75,18573.0,18574.25,86
03/21/2024,23:42:00,18574.25,18576.0,18573.5,18575.5,57
03/21/2024,23:45:00,18575.0,18579.25,18574.75,18577.0,131
03/21/2024,23:48:00,18577.25,18577.25,18573.75,18576.5,93
03/21/2024,23:51:00,18576.0,18578.5,18574.5,18577.25,76
03/21/2024,23:54:00,18577.0,18577.5,18576.0,18577.25,27
03/21/2024,23:57:00,18577.75,18577.75,18574.5,18575.5,79
03/22/2024,00:00:00,18575.75,18577.25,18574.5,18574.75,108
03/22/2024,00:03:00,18574.25,18578.75,18571.75,18577.75,201
03/22/2024,00:06:00,18577.5,18578.25,18574.0,18575.0,106
03/22/2024,00:09:00,18575.0,18578.0,18572.75,18575.75,99
03/22/2024,00:12:00,18575.5,18577.75,18575.0,18577.0,75
03/22/2024,00:15:00,18576.75,18584.5,18575.5,18582.25,310
03/22/2024,00:18:00,18583.0,18585.5,18579.0,18579.25,355
03/22/2024,00:21:00,18579.0,18580.75,18574.0,18575.0,179
03/22/2024,00:24:00,18575.5,18582.0,18574.25,18577.5,251
03/22/2024,00:27:00,18577.25,18581.5,18577.25,18579.75,137
03/22/2024,00:30:00,18579.75,18581.0,18577.25,18579.75,140
03/22/2024,00:33:00,18580.0,18583.75,18578.5,18583.5,136
03/22/2024,00:36:00,18583.0,18583.0,18577.75,18582.0,121
03/22/2024,00:39:00,18582.0,18583.25,18581.0,18583.25,60
03/22/2024,00:42:00,18583.5,18585.25,18580.0,18580.0,179
03/22/2024,00:45:00,18580.0,18581.5,18579.0,18581.25,142
03/22/2024,00:48:00,18581.25,18583.25,18581.25,18581.5,87
03/22/2024,00:51:00,18582.0,18583.5,18580.0,18580.75,92
03/22/2024,00:54:00,18580.5,18581.0,18577.25,18578.0,265
03/22/2024,00:57:00,18578.0,18578.75,18575.75,18577.75,168
03/22/2024,01:00:00,18577.75,18579.75,18574.75,18578.5,132
03/22/2024,01:03:00,18577.75,18579.0,18577.0,18578.5,83
03/22/2024,01:06:00,18578.0,18582.0,18577.75,18581.75,81
03/22/2024,01:09:00,18581.25,18582.5,18578.75,18582.0,111
03/22/2024,01:12:00,18582.75,18587.75,18582.75,18585.5,209
03/22/2024,01:15:00,18585.75,18586.75,18583.5,18584.0,131
03/22/2024,01:18:00,18583.75,18585.75,18580.75,18581.0,94
03/22/2024,01:21:00,18581.0,18581.0,18578.5,18579.75,124
03/22/2024,01:24:00,18580.25,18581.0,18577.75,18580.75,91
03/22/2024,01:27:00,18582.0,18582.25,18573.25,18575.0,266
03/22/2024,01:30:00,18575.0,18575.75,18572.0,18572.25,214
03/22/2024,01:33:00,18572.25,18572.25,18565.75,18567.25,461
03/22/2024,01:36:00,18568.25,18570.5,18564.5,18565.0,150
03/22/2024,01:39:00,18565.0,18569.25,18564.75,18568.5,145
03/22/2024,01:42:00,18568.0,18568.25,18562.0,18564.5,307
03/22/2024,01:45:00,18564.0,18569.5,18563.75,18568.0,146
03/22/2024,01:48:00,18568.5,18572.25,18567.0,18567.0,196
03/22/2024,01:51:00,18567.0,18569.0,18565.25,18567.25,103
03/22/2024,01:54:00,18568.0,18571.5,18567.0,18570.5,112
03/22/2024,01:57:00,18571.25,18573.25,18566.5,18568.0,206
03/22/2024,02:00:00,18567.75,18569.5,18552.0,18559.5,852
03/22/2024,02:03:00,18559.5,18562.25,18557.0,18560.5,290
03/22/2024,02:06:00,18561.5,18562.25,18555.75,18558.25,178
03/22/2024,02:09:00,18558.75,18559.25,18552.5,18555.75,310
03/22/2024,02:12:00,18555.5,18555.5,18549.25,18554.0,301
03/22/2024,02:15:00,18553.5,18556.25,18550.25,18556.0,255
03/22/2024,02:18:00,18555.75,18561.25,18555.25,18557.0,354
03/22/2024,02:21:00,18557.0,18557.25,18550.25,18554.75,386
03/22/2024,02:24:00,18555.25,18556.25,18545.5,18545.5,299
03/22/2024,02:27:00,18546.0,18553.0,18543.75,18549.25,403
03/22/2024,02:30:00,18549.75,18551.25,18541.0,18545.25,730
03/22/2024,02:33:00,18545.0,18549.0,18537.5,18538.75,494
03/22/2024,02:36:00,18538.5,18544.25,18537.75,18542.0,292
03/22/2024,02:39:00,18542.5,18546.75,18540.5,18545.5,295
03/22/2024,02:42:00,18546.0,18556.75,18546.0,18553.25,531
03/22/2024,02:45:00,18552.5,18565.75,18551.5,18563.0,744
03/22/2024,02:48:00,18562.75,18573.0,18561.75,18570.5,682
03/22/2024,02:51:00,18570.25,18570.5,18560.25,18561.75,402
03/22/2024,02:54:00,18561.5,18566.75,18559.0,18562.75,243
03/22/2024,02:57:00,18564.5,18568.75,18561.25,18562.75,219
03/22/2024,03:00:00,18562.5,18570.0,18562.5,18568.5,572
03/22/2024,03:03:00,18568.0,18570.5,18564.0,18567.0,384
03/22/2024,03:06:00,18567.75,18569.0,18562.5,18567.75,329
03/22/2024,03:09:00,18567.5,18570.0,18558.75,18562.0,506
03/22/2024,03:12:00,18562.5,18577.5,18557.5,18575.5,806
03/22/2024,03:15:00,18576.0,18580.0,18566.0,18568.75,712
03/22/2024,03:18:00,18568.25,18574.5,18563.5,18572.5,512
03/22/2024,03:21:00,18574.0,18580.75,18572.75,18576.5,546
03/22/2024,03:24:00,18576.0,18578.75,18571.75,18577.0,310
03/22/2024,03:27:00,18577.0,18581.5,18576.0,18576.0,298
03/22/2024,03:30:00,18576.75,18593.0,18576.75,18583.25,877
03/22/2024,03:33:00,18582.75,18589.5,18580.25,18581.75,397
03/22/2024,03:36:00,18581.5,18587.5,18577.25,18586.0,264
03/22/2024,03:39:00,18585.5,18588.25,18583.0,18587.75,215
03/22/2024,03:42:00,18588.0,18593.5,18587.0,18590.75,473
03/22/2024,03:45:00,18590.5,18594.0,18588.25,18589.0,373
03/22/2024,03:48:00,18590.0,18593.0,18587.5,18590.25,208
03/22/2024,03:51:00,18590.75,18591.5,18583.0,18588.5,473
03/22/2024,03:54:00,18587.5,18589.75,18582.0,18587.0,271
03/22/2024,03:57:00,18587.0,18598.0,18586.75,18593.5,654
03/22/2024,04:00:00,18593.25,18600.75,18591.75,18593.75,640
03/22/2024,04:03:00,18593.0,18598.5,18592.0,18596.5,269
03/22/2024,04:06:00,18597.0,18605.0,18595.25,18599.5,641
03/22/2024,04:09:00,18599.0,18605.75,18597.0,18604.5,356
03/22/2024,04:12:00,18605.75,18605.75,18597.5,18601.25,414
03/22/2024,04:15:00,18601.75,18607.0,18597.5,18598.5,540
03/22/2024,04:18:00,18598.0,18599.5,18585.0,18587.25,531
03/22/2024,04:21:00,18587.0,18592.25,18586.75,18587.0,315
03/22/2024,04:24:00,18587.5,18587.5,18577.75,18580.5,414
03/22/2024,04:27:00,18580.75,18582.0,18578.0,18579.25,347
03/22/2024,04:30:00,18578.75,18588.25,18578.75,18581.25,460
03/22/2024,04:33:00,18580.75,18584.75,18577.75,18578.5,312
03/22/2024,04:36:00,18578.75,18581.5,18574.75,18581.5,324
03/22/2024,04:39:00,18582.0,18583.5,18577.0,18581.0,218
03/22/2024,04:42:00,18581.0,18582.0,18579.0,18580.0,103
03/22/2024,04:45:00,18580.75,18584.0,18577.75,18579.0,253
03/22/2024,04:48:00,18579.75,18583.75,18576.25,18581.5,251
03/22/2024,04:51:00,18581.75,18584.5,18579.0,18584.5,198
03/22/2024,04:54:00,18584.25,18590.5,18582.0,18589.75,295
03/22/2024,04:57:00,18589.75,18593.0,18587.75,18590.25,377
03/22/2024,05:00:00,18590.5,18593.75,18585.25,18591.75,427
03/22/2024,05:03:00,18592.0,18592.0,18588.25,18591.25,144
03/22/2024,05:06:00,18591.0,18592.0,18586.5,18590.25,177
03/22/2024,05:09:00,18589.75,18590.5,18583.25,18585.25,301
03/22/2024,05:12:00,18586.25,18590.25,18576.75,18576.75,378
03/22/2024,05:15:00,18577.0,18582.75,18575.25,18582.25,405
03/22/2024,05:18:00,18582.75,18585.0,18576.25,18580.75,424
03/22/2024,05:21:00,18581.5,18586.0,18581.5,18584.5,194
03/22/2024,05:24:00,18584.5,18587.0,18581.5,18583.75,184
03/22/2024,05:27:00,18583.5,18587.0,18582.5,18584.5,182
03/22/2024,05:30:00,18584.5,18586.75,18581.75,18583.5,154
03/22/2024,05:33:00,18583.75,18585.0,18580.0,18581.5,170
03/22/2024,05:36:00,18582.0,18586.75,18578.75,18579.75,240
03/22/2024,05:39:00,18579.25,18583.25,18577.75,18582.75,197
03/22/2024,05:42:00,18582.5,18585.75,18580.5,18585.5,133
03/22/2024,05:45:00,18585.75,18592.25,18584.5,18590.0,541
03/22/2024,05:48:00,18590.0,18593.75,18585.25,18586.25,344
03/22/2024,05:51:00,18586.25,18587.75,18584.0,18587.75,155
03/22/2024,05:54:00,18586.75,18587.25,18569.0,18571.0,843
03/22/2024,05:57:00,18571.25,18575.0,18569.5,18574.0,292
03/22/2024,06:00:00,18575.0,18579.5,18572.25,18574.25,539
03/22/2024,06:03:00,18574.5,18578.75,18571.0,18575.25,340
03/22/2024,06:06:00,18575.5,18582.0,18575.0,18582.0,315
03/22/2024,06:09:00,18582.0,18583.0,18578.0,18578.0,215
03/22/2024,06:12:00,18579.75,18583.25,18576.75,18580.25,192
03/22/2024,06:15:00,18579.75,18580.5,18575.5,18577.5,243
03/22/2024,06:18:00,18577.75,18580.25,18564.75,18566.0,549
03/22/2024,06:21:00,18565.75,18569.75,18562.0,18569.0,439
03/22/2024,06:24:00,18567.75,18568.25,18556.5,18560.25,846
03/22/2024,06:27:00,18560.25,18564.0,18557.75,18560.75,498
03/22/2024,06:30:00,18560.0,18563.5,18559.0,18561.0,249
03/22/2024,06:33:00,18560.25,18562.25,18556.25,18560.0,354
03/22/2024,06:36:00,18560.5,18561.25,18552.5,18553.25,429
03/22/2024,06:39:00,18553.25,18554.5,18542.5,18545.5,984
03/22/2024,06:42:00,18545.75,18545.75,18537.5,18540.75,1069
03/22/2024,06:45:00,18540.75,18540.75,18524.0,18526.0,1943
03/22/2024,06:48:00,18525.75,18527.0,18515.0,18518.0,1894
03/22/2024,06:51:00,18518.25,18518.5,18509.25,18512.5,1968
03/22/2024,06:54:00,18512.25,18516.75,18507.5,18508.75,994
03/22/2024,06:57:00,18509.25,18513.5,18505.0,18510.75,1225
03/22/2024,07:00:00,18510.75,18514.25,18502.0,18506.75,1350
03/22/2024,07:03:00,18507.0,18511.75,18503.25,18510.5,1005
03/22/2024,07:06:00,18511.0,18512.75,18502.0,18508.25,1247
03/22/2024,07:09:00,18508.0,18520.25,18507.75,18517.25,1237
03/22/2024,07:12:00,18517.25,18518.25,18504.5,18514.0,1377
03/22/2024,07:15:00,18514.0,18514.75,18499.75,18501.5,1788
03/22/2024,07:18:00,18501.0,18515.5,18495.75,18514.25,1742
03/22/2024,07:21:00,18514.5,18517.25,18504.0,18506.5,947
03/22/2024,07:24:00,18506.75,18510.0,18501.5,18505.5,774
03/22/2024,07:27:00,18504.75,18511.25,18503.75,18507.0,588
03/22/2024,07:30:00,18506.75,18508.25,18495.75,18503.5,1513
03/22/2024,07:33:00,18503.25,18506.0,18492.0,18495.5,1011
03/22/2024,07:36:00,18495.25,18506.0,18494.5,18502.75,988
03/22/2024,07:39:00,18502.5,18509.25,18500.5,18508.75,743
03/22/2024,07:42:00,18509.5,18524.25,18508.25,18523.0,1705
03/22/2024,07:45:00,18523.0,18525.25,18517.5,18525.0,844
03/22/2024,07:48:00,18524.75,18530.25,18521.0,18527.5,1061
03/22/2024,07:51:00,18527.25,18530.0,18522.75,18525.5,867
03/22/2024,07:54:00,18525.0,18532.5,18524.25,18531.0,748
03/22/2024,07:57:00,18530.75,18533.5,18526.75,18529.25,690
03/22/2024,08:00:00,18529.5,18537.25,18529.5,18535.5,1033
03/22/2024,08:03:00,18535.25,18542.75,18533.25,18540.75,1068
03/22/2024,08:06:00,18541.0,18544.5,18538.5,18540.0,1082
03/22/2024,08:09:00,18540.0,18541.0,18533.5,18539.0,1053
03/22/2024,08:12:00,18539.25,18543.75,18537.5,18543.25,744
03/22/2024,08:15:00,18543.0,18546.75,18541.5,18543.5,1144
03/22/2024,08:18:00,18544.0,18544.75,18532.5,18533.5,1130
03/22/2024,08:21:00,18533.25,18534.5,18523.25,18527.5,1558
03/22/2024,08:24:00,18527.75,18535.5,18520.25,18532.25,1393
03/22/2024,08:27:00,18531.75,18541.25,18521.25,18537.25,2596
03/22/2024,08:30:00,18537.5,18545.0,18518.75,18528.0,10029
03/22/2024,08:33:00,18528.0,18534.75,18517.5,18531.5,6314
03/22/2024,08:36:00,18532.0,18540.5,18527.5,18532.0,4390
03/22/2024,08:39:00,18532.0,18546.0,18523.25,18523.5,6212
03/22/2024,08:42:00,18524.0,18527.75,18505.0,18508.25,6321
03/22/2024,08:45:00,18508.5,18518.25,18500.0,18509.75,6177
03/22/2024,08:48:00,18510.25,18515.75,18503.25,18511.25,3807
03/22/2024,08:51:00,18511.5,18537.5,18507.5,18532.75,5145
03/22/2024,08:54:00,18532.5,18543.25,18532.25,18541.25,4292
03/22/2024,08:57:00,18541.0,18542.0,18526.0,18530.75,3620
03/22/2024,09:00:00,18530.25,18551.5,18530.0,18546.25,6076
03/22/2024,09:03:00,18545.75,18563.25,18543.75,18560.25,6328
03/22/2024,09:06:00,18559.75,18565.0,18545.25,18547.75,4896
03/22/2024,09:09:00,18548.0,18549.0,18527.75,18536.75,5821
03/22/2024,09:12:00,18537.0,18551.0,18526.75,18527.75,4953
03/22/2024,09:15:00,18527.75,18538.0,18517.0,18535.5,4857
03/22/2024,09:18:00,18535.5,18547.5,18532.5,18544.5,3139
03/22/2024,09:21:00,18544.25,18545.0,18520.25,18524.75,3812
03/22/2024,09:24:00,18524.5,18531.75,18510.0,18513.5,4114
03/22/2024,09:27:00,18513.5,18534.0,18511.75,18532.75,3348
03/22/2024,09:30:00,18533.0,18538.0,18520.5,18527.75,3013
03/22/2024,09:33:00,18527.25,18527.5,18512.5,18513.25,2860
03/22/2024,09:36:00,18512.75,18520.25,18509.0,18517.75,2603
03/22/2024,09:39:00,18517.25,18522.0,18503.5,18507.75,3787
03/22/2024,09:42:00,18508.0,18516.5,18503.25,18508.0,2723
03/22/2024,09:45:00,18507.75,18517.5,18505.5,18514.75,2729
03/22/2024,09:48:00,18515.0,18522.75,18508.0,18508.25,3039
03/22/2024,09:51:00,18508.0,18512.0,18502.5,18507.0,2656
03/22/2024,09:54:00,18507.25,18514.75,18504.25,18513.0,2301
03/22/2024,09:57:00,18512.5,18517.25,18508.25,18512.75,2101
03/22/2024,10:00:00,18512.75,18535.5,18509.25,18532.0,5032
03/22/2024,10:03:00,18531.75,18541.75,18529.0,18539.75,4248
03/22/2024,10:06:00,18539.25,18543.5,18535.0,18537.25,2847
03/22/2024,10:09:00,18537.5,18550.25,18535.25,18547.5,3336
03/22/2024,10:12:00,18547.0,18554.25,18542.5,18544.25,2748
03/22/2024,10:15:00,18544.5,18545.75,18531.75,18534.75,2535
03/22/2024,10:18:00,18535.25,18540.75,18533.25,18537.75,1604
03/22/2024,10:21:00,18537.0,18550.0,18535.25,18544.5,2376
03/22/2024,10:24:00,18545.0,18557.5,18544.5,18551.5,2573
03/22/2024,10:27:00,18551.75,18553.75,18545.5,18553.5,2016
03/22/2024,10:30:00,18553.5,18560.75,18551.75,18555.0,3528
03/22/2024,10:33:00,18555.0,18562.0,18552.5,18558.25,2014
03/22/2024,10:36:00,18558.75,18559.25,18542.75,18545.5,2988
03/22/2024,10:39:00,18545.25,18548.0,18537.0,18546.25,2712
03/22/2024,10:42:00,18546.25,18547.75,18535.75,18538.0,1816
03/22/2024,10:45:00,18538.25,18552.75,18536.25,18550.25,2102
03/22/2024,10:48:00,18550.25,18557.5,18544.0,18553.25,2779
03/22/2024,10:51:00,18553.5,18556.75,18546.75,18551.5,1957
03/22/2024,10:54:00,18550.75,18555.25,18545.25,18548.75,1851
03/22/2024,10:57:00,18548.75,18560.75,18548.75,18559.0,2510
03/22/2024,11:00:00,18559.0,18568.25,18556.5,18563.0,3071
03/22/2024,11:03:00,18563.0,18565.0,18549.75,18549.75,2581
03/22/2024,11:06:00,18549.75,18555.5,18543.5,18545.75,1936
03/22/2024,11:09:00,18545.5,18558.0,18544.75,18555.0,2118
03/22/2024,11:12:00,18555.5,18555.75,18543.0,18547.0,1464
03/22/2024,11:15:00,18546.75,18547.5,18532.0,18538.25,2942
03/22/2024,11:18:00,18537.75,18556.5,18537.0,18553.5,2612
03/22/2024,11:21:00,18553.5,18556.0,18544.0,18545.0,1446
03/22/2024,11:24:00,18545.0,18555.25,18543.75,18553.0,1694
03/22/2024,11:27:00,18552.5,18556.5,18545.5,18554.75,1541
03/22/2024,11:30:00,18554.75,18557.75,18548.5,18551.0,1599
03/22/2024,11:33:00,18550.5,18551.75,18533.5,18535.75,2883
03/22/2024,11:36:00,18536.25,18544.0,18528.5,18541.25,2685
03/22/2024,11:39:00,18541.25,18551.0,18540.0,18551.0,1526
03/22/2024,11:42:00,18551.0,18557.0,18546.5,18555.0,1552
03/22/2024,11:45:00,18555.5,18563.5,18553.25,18562.0,1868
03/22/2024,11:48:00,18562.0,18569.0,18558.25,18566.75,2761
03/22/2024,11:51:00,18567.25,18577.5,18566.25,18575.0,3232
03/22/2024,11:54:00,18575.75,18582.25,18572.25,18576.0,3009
03/22/2024,11:57:00,18575.75,18581.0,18575.75,18580.25,1079
03/22/2024,12:00:00,18580.0,18585.75,18577.0,18579.75,2617
03/22/2024,12:03:00,18580.0,18593.0,18579.0,18590.0,2485
03/22/2024,12:06:00,18589.5,18593.5,18585.75,18590.75,2022
03/22/2024,12:09:00,18590.5,18595.75,18585.25,18595.25,1698
03/22/2024,12:12:00,18595.5,18604.0,18594.75,18600.75,2764
03/22/2024,12:15:00,18600.75,18606.25,18597.0,18604.0,2101
03/22/2024,12:18:00,18604.0,18609.25,18592.5,18595.0,2601
03/22/2024,12:21:00,18595.25,18598.25,18589.0,18591.0,2345
03/22/2024,12:24:00,18590.75,18599.75,18589.0,18598.0,1386
03/22/2024,12:27:00,18598.25,18600.25,18592.75,18598.0,1183
03/22/2024,12:30:00,18598.25,18607.75,18597.25,18607.75,1847
03/22/2024,12:33:00,18607.75,18608.0,18596.25,18596.5,1811
03/22/2024,12:36:00,18596.75,18600.5,18592.75,18597.75,1348
03/22/2024,12:39:00,18597.5,18598.0,18589.5,18591.5,2009
03/22/2024,12:42:00,18591.5,18603.75,18590.0,18603.0,1837
03/22/2024,12:45:00,18602.75,18606.5,18597.0,18605.25,1974
03/22/2024,12:48:00,18605.0,18614.5,18603.0,18614.0,3140
03/22/2024,12:51:00,18613.75,18622.75,18612.25,18619.25,3798
03/22/2024,12:54:00,18619.75,18626.0,18614.0,18622.5,2527
03/22/2024,12:57:00,18622.25,18623.5,18617.0,18622.5,1781
03/22/2024,13:00:00,18622.5,18623.5,18612.25,18620.5,2629
03/22/2024,13:03:00,18620.5,18624.5,18618.5,18619.25,1521
03/22/2024,13:06:00,18619.5,18619.75,18610.25,18610.75,2221
03/22/2024,13:09:00,18611.0,18615.5,18608.25,18612.25,1630
03/22/2024,13:12:00,18612.5,18614.0,18605.75,18606.75,1015
03/22/2024,13:15:00,18606.75,18607.5,18595.5,18602.75,3198
03/22/2024,13:18:00,18602.5,18605.0,18591.25,18592.5,1833
03/22/2024,13:21:00,18592.75,18592.75,18580.5,18587.5,3769
03/22/2024,13:24:00,18587.25,18604.0,18586.75,18602.25,2645
03/22/2024,13:27:00,18602.5,18613.5,18600.75,18609.25,2615
03/22/2024,13:30:00,18610.0,18612.25,18596.25,18599.75,2698
03/22/2024,13:33:00,18599.5,18608.5,18595.0,18605.75,2064
03/22/2024,13:36:00,18606.0,18610.25,18603.25,18606.5,1107
03/22/2024,13:39:00,18606.5,18607.5,18595.5,18597.5,1908
03/22/2024,13:42:00,18597.75,18601.0,18592.75,18594.5,1524
03/22/2024,13:45:00,18594.5,18598.5,18588.0,18592.25,1893
03/22/2024,13:48:00,18591.75,18594.75,18584.0,18588.0,2210
03/22/2024,13:51:00,18588.0,18594.25,18582.75,18590.75,1914
03/22/2024,13:54:00,18591.25,18599.25,18585.5,18598.0,1840
03/22/2024,13:57:00,18597.75,18598.25,18590.5,18595.25,1375
03/22/2024,14:00:00,18595.0,18596.75,18585.5,18586.25,1777
03/22/2024,14:03:00,18585.75,18591.5,18581.25,18589.75,2136
03/22/2024,14:06:00,18589.75,18591.25,18577.5,18587.5,2427
03/22/2024,14:09:00,18587.0,18593.0,18565.5,18566.0,3225
03/22/2024,14:12:00,18565.75,18570.5,18550.0,18564.5,5072
03/22/2024,14:15:00,18565.0,18568.5,18547.0,18558.25,4092
03/22/2024,14:18:00,18558.25,18567.0,18556.5,18560.5,2415
03/22/2024,14:21:00,18559.5,18567.75,18556.5,18565.25,1995
03/22/2024,14:24:00,18565.0,18571.5,18559.0,18570.75,2281
03/22/2024,14:27:00,18570.75,18577.0,18568.5,18572.5,2417
03/22/2024,14:30:00,18572.25,18573.25,18561.25,18566.75,2162
03/22/2024,14:33:00,18567.0,18574.0,18561.25,18571.75,2005
03/22/2024,14:36:00,18571.5,18583.0,18571.0,18580.25,2431
03/22/2024,14:39:00,18580.25,18583.5,18579.0,18580.75,1475
03/22/2024,14:42:00,18580.5,18591.75,18575.0,18589.0,2824
03/22/2024,14:45:00,18589.25,18590.75,18580.25,18588.5,2190
03/22/2024,14:48:00,18589.0,18601.25,18586.25,18592.25,4850
03/22/2024,14:51:00,18592.0,18606.0,18591.0,18604.75,3089
03/22/2024,14:54:00,18604.75,18605.5,18582.0,18587.0,5211
03/22/2024,14:57:00,18587.5,18591.25,18569.0,18572.0,11398
03/22/2024,15:00:00,18572.25,18577.0,18560.0,18560.0,4940
03/22/2024,15:03:00,18560.25,18567.25,18559.0,18562.25,2178
03/22/2024,15:06:00,18562.75,18563.75,18555.0,18561.25,1319
03/22/2024,15:09:00,18561.5,18562.5,18557.0,18561.0,889
03/22/2024,15:12:00,18561.25,18563.25,18559.5,18562.25,796
03/22/2024,15:15:00,18562.25,18562.25,18556.5,18558.5,197
03/22/2024,15:18:00,18558.75,18561.5,18556.0,18561.0,311
03/22/2024,15:21:00,18561.5,18562.25,18560.25,18561.75,173
03/22/2024,15:24:00,18561.5,18563.0,18560.75,18561.25,190
03/22/2024,15:27:00,18561.5,18562.5,18558.5,18560.0,283
03/22/2024,15:30:00,18560.0,18563.0,18559.25,18561.75,221
03/22/2024,15:33:00,18561.5,18563.25,18561.0,18562.0,110
03/22/2024,15:36:00,18562.0,18562.75,18557.0,18559.75,313
03/22/2024,15:39:00,18559.5,18561.25,18558.75,18561.0,186
03/22/2024,15:42:00,18560.75,18562.25,18559.0,18560.5,240
03/22/2024,15:45:00,18560.5,18563.5,18559.5,18562.75,208
03/22/2024,15:48:00,18562.75,18564.5,18562.25,18562.75,169
03/22/2024,15:51:00,18563.25,18564.25,18561.0,18561.75,284
03/22/2024,15:54:00,18562.25,18565.25,18562.25,18564.5,259
03/22/2024,15:57:00,18564.5,18566.5,18562.5,18563.75,382
03/24/2024,17:00:00,18567.0,18583.5,18561.75,18571.25,706
03/24/2024,17:03:00,18571.0,18577.0,18567.25,18576.0,419
03/24/2024,17:06:00,18576.0,18584.5,18570.75,18572.75,735
03/24/2024,17:09:00,18572.25,18578.25,18568.25,18571.75,475
03/24/2024,17:12:00,18572.25,18576.25,18570.0,18570.25,171
03/24/2024,17:15:00,18569.75,18574.75,18569.0,18574.5,95
03/24/2024,17:18:00,18574.75,18576.75,18570.0,18571.75,132
03/24/2024,17:21:00,18571.75,18571.75,18568.25,18568.25,56
03/24/2024,17:24:00,18568.25,18572.5,18561.75,18564.5,305
03/24/2024,17:27:00,18564.25,18565.0,18561.75,18563.25,89
03/24/2024,17:30:00,18564.25,18567.0,18563.5,18565.0,113
03/24/2024,17:33:00,18564.75,18565.0,18552.75,18555.75,378
03/24/2024,17:36:00,18555.5,18561.0,18555.25,18561.0,152
03/24/2024,17:39:00,18561.0,18562.25,18559.75,18561.5,71
03/24/2024,17:42:00,18561.75,18561.75,18557.75,18559.5,90
03/24/2024,17:45:00,18560.0,18566.5,18560.0,18565.0,205
03/24/2024,17:48:00,18564.5,18568.0,18564.5,18567.5,100
03/24/2024,17:51:00,18567.0,18567.25,18562.5,18563.25,62
03/24/2024,17:54:00,18563.5,18566.0,18561.0,18561.0,83
03/24/2024,17:57:00,18561.75,18562.5,18558.25,18561.25,133
03/24/2024,18:00:00,18560.75,18563.5,18556.25,18556.75,277
03/24/2024,18:03:00,18556.75,18565.0,18556.75,18564.0,159
03/24/2024,18:06:00,18563.75,18573.25,18563.75,18570.5,329
03/24/2024,18:09:00,18570.5,18572.0,18569.5,18571.25,150
03/24/2024,18:12:00,18571.75,18574.0,18569.5,18571.25,206
03/24/2024,18:15:00,18571.5,18573.75,18571.25,18572.5,73
03/24/2024,18:18:00,18571.75,18576.75,18571.0,18575.0,200
03/24/2024,18:21:00,18575.25,18576.75,18574.25,18576.5,85
03/24/2024,18:24:00,18576.25,18577.25,18571.75,18572.5,129
03/24/2024,18:27:00,18572.0,18574.5,18571.5,18572.0,197
03/24/2024,18:30:00,18572.25,18574.25,18571.75,18573.75,94
03/24/2024,18:33:00,18574.0,18577.0,18574.0,18575.5,109
03/24/2024,18:36:00,18576.25,18577.75,18575.25,18576.75,110
03/24/2024,18:39:00,18576.0,18577.5,18575.75,18576.25,99
03/24/2024,18:42:00,18576.5,18578.0,18576.0,18577.75,82
03/24/2024,18:45:00,18577.75,18582.25,18576.75,18582.0,221
03/24/2024,18:48:00,18582.5,18585.0,18581.75,18584.0,270
03/24/2024,18:51:00,18584.25,18585.5,18582.75,18583.25,138
03/24/2024,18:54:00,18582.25,18588.0,18581.5,18586.75,205
03/24/2024,18:57:00,18587.25,18588.0,18584.25,18585.5,121
03/24/2024,19:00:00,18586.25,18595.25,18585.5,18594.25,404
03/24/2024,19:03:00,18594.25,18597.5,18591.0,18595.25,382
03/24/2024,19:06:00,18595.0,18597.5,18594.25,18595.0,135
03/24/2024,19:09:00,18595.0,18596.75,18591.5,18595.5,233
03/24/2024,19:12:00,18596.0,18596.0,18592.5,18592.5,69
03/24/2024,19:15:00,18592.5,18594.5,18589.75,18592.75,193
03/24/2024,19:18:00,18593.25,18595.0,18591.25,18592.5,63
03/24/2024,19:21:00,18592.5,18592.5,18588.25,18588.25,183
03/24/2024,19:24:00,18589.0,18591.5,18585.5,18591.0,254
03/24/2024,19:27:00,18590.5,18591.0,18588.25,18590.0,161
03/24/2024,19:30:00,18590.25,18592.75,18589.25,18591.0,107
03/24/2024,19:33:00,18591.25,18591.75,18589.75,18591.0,43
03/24/2024,19:36:00,18589.75,18590.25,18584.5,18588.5,237
03/24/2024,19:39:00,18588.75,18589.25,18584.0,18584.5,163
03/24/2024,19:42:00,18585.25,18586.25,18584.0,18585.25,100
03/24/2024,19:45:00,18584.75,18586.75,18583.25,18584.75,174
03/24/2024,19:48:00,18585.25,18589.0,18584.75,18587.0,119
03/24/2024,19:51:00,18587.0,18590.5,18586.0,18587.75,192
03/24/2024,19:54:00,18587.0,18588.25,18583.5,18583.5,136
03/24/2024,19:57:00,18584.25,18585.75,18581.5,18583.75,233
03/24/2024,20:00:00,18584.0,18586.25,18580.75,18585.5,266
03/24/2024,20:03:00,18585.0,18586.5,18579.0,18579.5,256
03/24/2024,20:06:00,18579.25,18585.75,18579.0,18585.0,127
03/24/2024,20:09:00,18585.0,18585.75,18581.25,18582.0,102
03/24/2024,20:12:00,18582.25,18582.75,18577.5,18579.75,181
03/24/2024,20:15:00,18579.75,18588.75,18578.0,18588.0,519
03/24/2024,20:18:00,18588.5,18590.0,18584.0,18588.75,142
03/24/2024,20:21:00,18588.75,18592.75,18586.75,18590.0,174
03/24/2024,20:24:00,18590.25,18592.0,18586.25,18588.5,173
03/24/2024,20:27:00,18588.5,18591.0,18587.0,18591.0,89
03/24/2024,20:30:00,18591.25,18593.0,18589.75,18590.5,209
03/24/2024,20:33:00,18590.5,18590.75,18587.0,18590.5,131
03/24/2024,20:36:00,18590.25,18598.0,18587.5,18596.5,419
03/24/2024,20:39:00,18596.25,18601.25,18594.25,18597.25,460
03/24/2024,20:42:00,18596.75,18598.25,18592.5,18593.5,255
03/24/2024,20:45:00,18593.75,18597.0,18591.5,18595.5,132
03/24/2024,20:48:00,18594.75,18594.75,18586.75,18588.75,189
03/24/2024,20:51:00,18588.0,18590.75,18588.0,18590.5,118
03/24/2024,20:54:00,18590.0,18592.25,18587.25,18588.0,165
03/24/2024,20:57:00,18587.25,18591.0,18585.75,18591.0,124
03/24/2024,21:00:00,18590.75,18591.25,18585.25,18586.75,119
03/24/2024,21:03:00,18586.5,18589.0,18586.25,18586.25,66
03/24/2024,21:06:00,18585.75,18588.0,18585.25,18587.75,91
03/24/2024,21:09:00,18588.0,18589.0,18583.5,18584.5,142
03/24/2024,21:12:00,18584.5,18587.25,18581.5,18587.25,171
03/24/2024,21:15:00,18587.5,18587.75,18573.0,18574.75,439
03/24/2024,21:18:00,18574.25,18575.0,18566.0,18566.0,672
03/24/2024,21:21:00,18565.75,18572.5,18565.75,18569.75,330
03/24/2024,21:24:00,18570.0,18571.5,18568.75,18568.75,124
03/24/2024,21:27:00,18569.75,18574.75,18569.0,18573.25,271
03/24/2024,21:30:00,18573.75,18576.25,18570.75,18572.5,158
03/24/2024,21:33:00,18572.5,18574.75,18569.0,18569.75,219
03/24/2024,21:36:00,18570.5,18576.0,18569.5,18573.5,180
03/24/2024,21:39:00,18573.5,18574.0,18570.0,18570.75,139
03/24/2024,21:42:00,18571.0,18571.0,18565.75,18568.5,219
03/24/2024,21:45:00,18568.25,18570.75,18568.0,18569.25,119
03/24/2024,21:48:00,18569.5,18573.5,18569.5,18571.75,133
03/24/2024,21:51:00,18571.5,18575.5,18570.75,18574.75,221
03/24/2024,21:54:00,18574.75,18576.75,18574.5,18575.75,118
03/24/2024,21:57:00,18575.75,18578.0,18575.0,18577.5,139
03/24/2024,22:00:00,18577.25,18577.5,18571.25,18572.5,257
03/24/2024,22:03:00,18572.0,18572.75,18567.0,18572.0,319
03/24/2024,22:06:00,18571.75,18576.0,18571.25,18576.0,104
03/24/2024,22:09:00,18576.0,18577.25,18567.5,18570.0,243
03/24/2024,22:12:00,18570.0,18574.0,18570.0,18573.75,75
03/24/2024,22:15:00,18573.0,18576.75,18573.0,18575.0,202
03/24/2024,22:18:00,18574.5,18576.5,18572.5,18572.75,83
03/24/2024,22:21:00,18573.25,18575.25,18572.0,18573.25,166
03/24/2024,22:24:00,18573.75,18574.25,18571.0,18572.25,49
03/24/2024,22:27:00,18572.25,18573.25,18571.25,18572.5,31
03/24/2024,22:30:00,18571.75,18572.5,18569.25,18572.0,96
03/24/2024,22:33:00,18571.5,18572.75,18569.25,18569.25,66
03/24/2024,22:36:00,18569.75,18573.5,18569.75,18573.5,52
03/24/2024,22:39:00,18573.5,18575.0,18572.5,18573.0,86
03/24/2024,22:42:00,18572.5,18573.5,18567.0,18568.25,143
03/24/2024,22:45:00,18569.0,18573.75,18568.5,18572.25,122
03/24/2024,22:48:00,18573.0,18576.5,18573.0,18575.75,84
03/24/2024,22:51:00,18575.5,18575.5,18571.5,18572.75,86
03/24/2024,22:54:00,18573.75,18575.25,18573.0,18573.5,60
03/24/2024,22:57:00,18574.0,18576.5,18574.0,18576.25,58
03/24/2024,23:00:00,18576.0,18576.5,18573.75,18573.75,41
03/24/2024,23:03:00,18573.5,18573.75,18571.75,18572.75,60
03/24/2024,23:06:00,18572.5,18572.75,18569.0,18570.25,72
03/24/2024,23:09:00,18569.75,18571.75,18569.5,18571.0,57
03/24/2024,23:12:00,18571.0,18572.0,18570.75,18571.25,32
03/24/2024,23:15:00,18571.75,18571.75,18568.0,18568.5,48
03/24/2024,23:18:00,18568.5,18571.0,18568.5,18570.0,40
03/24/2024,23:21:00,18569.5,18570.0,18565.5,18566.0,192
03/24/2024,23:24:00,18566.0,18572.0,18565.75,18570.75,142
03/24/2024,23:27:00,18571.25,18574.25,18569.0,18573.0,73
03/24/2024,23:30:00,18573.0,18574.25,18571.5,18572.0,63
03/24/2024,23:33:00,18572.0,18572.25,18568.75,18571.75,100
03/24/2024,23:36:00,18571.75,18572.0,18570.5,18572.0,33
03/24/2024,23:39:00,18571.25,18572.0,18570.5,18571.25,34
03/24/2024,23:42:00,18571.25,18572.0,18570.5,18570.5,24
03/24/2024,23:45:00,18570.25,18572.0,18569.75,18569.75,58
03/24/2024,23:48:00,18569.75,18569.75,18568.5,18569.25,45
03/24/2024,23:51:00,18569.0,18569.75,18567.75,18567.75,51
03/24/2024,23:54:00,18568.0,18570.0,18568.0,18569.75,52
03/24/2024,23:57:00,18569.5,18569.75,18567.0,18567.25,50
03/25/2024,00:00:00,18567.25,18568.0,18561.75,18565.25,301
03/25/2024,00:03:00,18565.5,18572.0,18565.25,18568.0,151
03/25/2024,00:06:00,18568.0,18568.0,18564.25,18564.5,81
03/25/2024,00:09:00,18564.75,18566.5,18563.5,18564.0,65
03/25/2024,00:12:00,18564.0,18567.25,18563.25,18565.25,108
03/25/2024,00:15:00,18565.75,18566.5,18560.5,18562.5,158
03/25/2024,00:18:00,18562.5,18563.0,18555.75,18557.25,341
03/25/2024,00:21:00,18557.75,18563.25,18557.25,18561.5,176
03/25/2024,00:24:00,18560.5,18562.25,18558.0,18559.25,96
03/25/2024,00:27:00,18559.25,18559.5,18556.0,18556.25,133
03/25/2024,00:30:00,18556.5,18558.5,18554.75,18557.75,161
03/25/2024,00:33:00,18558.0,18559.75,18555.25,18555.5,102
03/25/2024,00:36:00,18556.0,18556.5,18554.0,18554.25,88
03/25/2024,00:39:00,18554.0,18559.75,18552.0,18558.0,169
03/25/2024,00:42:00,18557.75,18560.25,18557.5,18559.0,94
03/25/2024,00:45:00,18558.75,18559.25,18555.25,18556.0,126
03/25/2024,00:48:00,18556.0,18559.0,18556.0,18556.0,71
03/25/2024,00:51:00,18556.5,18557.25,18553.0,18553.75,122
03/25/2024,00:54:00,18553.75,18555.75,18553.5,18555.5,69
03/25/2024,00:57:00,18555.75,18556.25,18554.0,18554.0,102
03/25/2024,01:00:00,18554.25,18555.0,18546.0,18547.0,344
03/25/2024,01:03:00,18546.75,18549.75,18540.0,18545.75,528
03/25/2024,01:06:00,18546.0,18547.0,18540.5,18541.75,121
03/25/2024,01:09:00,18542.5,18546.5,18540.5,18542.0,194
03/25/2024,01:12:00,18541.25,18546.25,18541.0,18545.5,101
03/25/2024,01:15:00,18545.25,18545.25,18536.5,18538.0,393
03/25/2024,01:18:00,18537.75,18539.0,18533.5,18534.75,329
03/25/2024,01:21:00,18534.5,18536.25,18532.0,18532.75,348
03/25/2024,01:24:00,18533.5,18536.0,18532.0,18534.5,243
03/25/2024,01:27:00,18535.0,18539.0,18535.0,18538.25,210
03/25/2024,01:30:00,18538.5,18542.5,18538.25,18540.75,279
03/25/2024,01:33:00,18541.0,18542.5,18537.75,18539.25,116
03/25/2024,01:36:00,18539.25,18541.75,18538.75,18539.75,71
03/25/2024,01:39:00,18539.75,18539.75,18535.0,18536.75,139
03/25/2024,01:42:00,18536.25,18544.0,18535.75,18542.75,167
03/25/2024,01:45:00,18542.75,18545.5,18542.25,18545.0,149
03/25/2024,01:48:00,18545.25,18547.75,18544.5,18547.5,141
03/25/2024,01:51:00,18547.25,18548.5,18545.75,18548.0,114
03/25/2024,01:54:00,18547.5,18550.5,18546.75,18548.75,175
03/25/2024,01:57:00,18549.0,18549.0,18545.0,18546.75,86
03/25/2024,02:00:00,18547.0,18550.25,18541.5,18545.25,431
03/25/2024,02:03:00,18545.0,18545.5,18535.75,18536.25,298
03/25/2024,02:06:00,18536.75,18542.0,18535.0,18541.5,226
03/25/2024,02:09:00,18541.0,18549.25,18538.5,18546.5,338
03/25/2024,02:12:00,18546.5,18549.0,18544.0,18544.5,189
03/25/2024,02:15:00,18544.5,18546.0,18542.75,18545.75,94
03/25/2024,02:18:00,18545.75,18548.0,18541.5,18547.5,181
03/25/2024,02:21:00,18548.0,18548.25,18544.25,18544.25,146
03/25/2024,02:24:00,18544.0,18548.0,18542.75,18543.25,144
03/25/2024,02:27:00,18543.25,18548.25,18541.75,18545.0,136
03/25/2024,02:30:00,18544.75,18545.75,18539.25,18540.75,138
03/25/2024,02:33:00,18540.75,18545.0,18540.75,18543.5,118
03/25/2024,02:36:00,18543.75,18548.5,18541.75,18544.75,206
03/25/2024,02:39:00,18544.5,18545.75,18541.0,18542.5,181
03/25/2024,02:42:00,18543.0,18547.75,18542.5,18546.75,128
03/25/2024,02:45:00,18546.5,18550.0,18545.5,18546.5,209
03/25/2024,02:48:00,18546.5,18547.75,18541.0,18541.75,220
03/25/2024,02:51:00,18542.5,18545.25,18541.5,18543.75,105
03/25/2024,02:54:00,18544.5,18548.25,18544.5,18546.25,140
03/25/2024,02:57:00,18545.5,18545.5,18541.25,18541.75,172
03/25/2024,03:00:00,18541.25,18556.75,18541.0,18551.75,831
03/25/2024,03:03:00,18551.25,18556.75,18550.75,18552.0,499
03/25/2024,03:06:00,18552.25,18556.25,18548.75,18555.25,408
03/25/2024,03:09:00,18555.5,18560.5,18552.5,18554.5,627
03/25/2024,03:12:00,18553.75,18557.5,18550.75,18555.25,304
03/25/2024,03:15:00,18555.5,18560.5,18554.0,18555.0,434
03/25/2024,03:18:00,18555.75,18556.0,18545.5,18547.25,424
03/25/2024,03:21:00,18546.5,18547.25,18538.0,18542.5,408
03/25/2024,03:24:00,18542.0,18548.25,18542.0,18547.0,409
03/25/2024,03:27:00,18547.75,18553.5,18546.0,18552.0,329
03/25/2024,03:30:00,18552.5,18555.0,18548.75,18551.75,285
03/25/2024,03:33:00,18551.75,18565.0,18551.5,18560.0,717
03/25/2024,03:36:00,18560.5,18560.5,18553.25,18553.75,306
03/25/2024,03:39:00,18553.0,18561.0,18552.0,18559.75,313
03/25/2024,03:42:00,18559.5,18562.25,18557.0,18559.0,274
03/25/2024,03:45:00,18560.0,18563.25,18557.5,18561.0,252
03/25/2024,03:48:00,18559.5,18560.5,18554.5,18557.0,179
03/25/2024,03:51:00,18556.75,18556.75,18547.25,18547.5,371
03/25/2024,03:54:00,18547.5,18555.25,18545.0,18553.75,332
03/25/2024,03:57:00,18553.0,18559.25,18551.25,18551.25,296
03/25/2024,04:00:00,18550.75,18556.0,18550.0,18550.5,233
03/25/2024,04:03:00,18551.0,18551.0,18541.5,18545.25,305
03/25/2024,04:06:00,18544.75,18545.5,18540.0,18541.75,271
03/25/2024,04:09:00,18541.5,18545.0,18538.75,18541.75,423
03/25/2024,04:12:00,18542.0,18544.0,18538.25,18542.25,274
03/25/2024,04:15:00,18541.25,18544.5,18539.0,18543.5,306
03/25/2024,04:18:00,18543.5,18543.75,18539.5,18541.25,205
03/25/2024,04:21:00,18541.5,18547.0,18540.75,18543.5,225
03/25/2024,04:24:00,18543.25,18544.75,18539.75,18540.0,178
03/25/2024,04:27:00,18540.0,18544.75,18536.0,18544.0,375
03/25/2024,04:30:00,18543.75,18549.25,18540.0,18542.0,441
03/25/2024,04:33:00,18542.0,18545.75,18539.25,18540.25,177
03/25/2024,04:36:00,18539.75,18542.0,18534.5,18539.75,349
03/25/2024,04:39:00,18539.5,18540.0,18533.5,18536.0,382
03/25/2024,04:42:00,18535.5,18537.0,18532.25,18535.5,338
03/25/2024,04:45:00,18535.25,18537.0,18532.0,18535.5,355
03/25/2024,04:48:00,18534.5,18538.5,18534.0,18538.25,240
03/25/2024,04:51:00,18538.25,18538.75,18533.25,18534.75,246
03/25/2024,04:54:00,18534.75,18535.0,18519.25,18520.5,1174
03/25/2024,04:57:00,18520.75,18525.75,18520.0,18524.5,364
03/25/2024,05:00:00,18524.25,18528.5,18516.75,18528.25,805
03/25/2024,05:03:00,18527.75,18529.5,18522.75,18523.5,462
03/25/2024,05:06:00,18524.25,18525.25,18521.0,18525.25,235
03/25/2024,05:09:00,18525.0,18525.75,18518.0,18518.75,397
03/25/2024,05:12:00,18519.0,18520.0,18510.75,18511.5,517
03/25/2024,05:15:00,18511.75,18518.5,18508.75,18517.75,683
03/25/2024,05:18:00,18516.75,18520.25,18513.75,18516.25,509
03/25/2024,05:21:00,18516.0,18516.75,18512.25,18513.0,339
03/25/2024,05:24:00,18513.25,18518.75,18511.25,18515.75,332
03/25/2024,05:27:00,18515.5,18517.75,18510.25,18512.75,241
03/25/2024,05:30:00,18512.5,18516.5,18510.75,18513.75,271
03/25/2024,05:33:00,18513.5,18514.5,18506.5,18509.75,407
03/25/2024,05:36:00,18509.25,18510.25,18505.5,18506.0,373
03/25/2024,05:39:00,18506.5,18512.25,18506.5,18510.5,206
03/25/2024,05:42:00,18510.5,18510.75,18504.5,18510.25,408
03/25/2024,05:45:00,18510.75,18511.0,18500.75,18501.5,423
03/25/2024,05:48:00,18502.25,18504.5,18499.0,18500.5,473
03/25/2024,05:51:00,18501.25,18505.0,18501.25,18503.0,329
03/25/2024,05:54:00,18502.5,18504.5,18497.0,18499.0,537
03/25/2024,05:57:00,18499.25,18502.5,18495.25,18500.75,377
03/25/2024,06:00:00,18500.5,18502.5,18482.0,18482.5,1669
03/25/2024,06:03:00,18482.5,18486.5,18479.5,18480.75,808
03/25/2024,06:06:00,18480.75,18480.75,18468.25,18475.75,1211
03/25/2024,06:09:00,18475.75,18476.0,18464.0,18466.0,1040
03/25/2024,06:12:00,18466.25,18477.5,18464.75,18476.5,702
03/25/2024,06:15:00,18476.75,18477.0,18471.25,18472.5,550
03/25/2024,06:18:00,18473.0,18474.5,18458.5,18459.5,896
03/25/2024,06:21:00,18459.5,18462.5,18456.5,18461.25,617
03/25/2024,06:24:00,18461.0,18462.5,18458.25,18461.25,490
03/25/2024,06:27:00,18461.0,18466.25,18460.25,18464.0,361
03/25/2024,06:30:00,18464.0,18470.75,18460.0,18468.25,563
03/25/2024,06:33:00,18467.75,18473.75,18465.5,18471.0,399
03/25/2024,06:36:00,18471.25,18474.0,18465.5,18473.0,702
03/25/2024,06:39:00,18472.75,18473.25,18466.75,18468.5,363
03/25/2024,06:42:00,18468.0,18471.75,18465.0,18470.25,326
03/25/2024,06:45:00,18470.25,18473.25,18467.0,18468.25,338
03/25/2024,06:48:00,18469.0,18472.0,18461.0,18461.5,535
03/25/2024,06:51:00,18462.0,18470.25,18460.5,18465.5,399
03/25/2024,06:54:00,18465.25,18470.75,18465.0,18468.0,205
03/25/2024,06:57:00,18467.25,18471.0,18463.25,18469.75,307
03/25/2024,07:00:00,18470.25,18474.5,18462.5,18474.25,729
03/25/2024,07:03:00,18474.0,18481.75,18472.75,18479.5,895
03/25/2024,07:06:00,18479.5,18479.5,18470.0,18471.25,509
03/25/2024,07:09:00,18471.5,18474.75,18461.5,18462.75,819
03/25/2024,07:12:00,18462.5,18467.5,18459.25,18463.75,537
03/25/2024,07:15:00,18464.25,18478.5,18464.25,18478.25,740
03/25/2024,07:18:00,18478.75,18482.5,18478.0,18482.0,665
03/25/2024,07:21:00,18481.5,18484.75,18480.5,18483.5,610
03/25/2024,07:24:00,18483.75,18486.75,18478.75,18479.25,624
03/25/2024,07:27:00,18480.0,18485.0,18477.0,18482.75,484
03/25/2024,07:30:00,18483.0,18485.5,18477.5,18483.75,644
03/25/2024,07:33:00,18483.25,18487.75,18479.25,18479.5,674
03/25/2024,07:36:00,18479.5,18480.5,18469.25,18470.0,792
03/25/2024,07:39:00,18470.5,18474.5,18468.0,18472.75,528
03/25/2024,07:42:00,18472.75,18482.5,18470.0,18481.25,733
03/25/2024,07:45:00,18481.75,18484.5,18480.5,18482.75,489
03/25/2024,07:48:00,18482.75,18485.5,18478.25,18480.5,642
03/25/2024,07:51:00,18479.75,18482.0,18473.5,18477.5,585
03/25/2024,07:54:00,18477.5,18481.25,18473.25,18473.5,440
03/25/2024,07:57:00,18474.0,18478.25,18470.75,18475.5,465
03/25/2024,08:00:00,18476.0,18481.25,18474.25,18480.25,493
03/25/2024,08:03:00,18480.75,18483.0,18474.5,18474.5,526
03/25/2024,08:06:00,18475.25,18476.75,18466.0,18468.25,699
03/25/2024,08:09:00,18467.0,18470.75,18463.75,18464.75,738
03/25/2024,08:12:00,18464.75,18478.0,18464.0,18476.0,638
03/25/2024,08:15:00,18476.0,18481.25,18472.0,18477.75,790
03/25/2024,08:18:00,18478.25,18481.5,18472.75,18473.5,634
03/25/2024,08:21:00,18474.0,18475.0,18467.0,18470.75,611
03/25/2024,08:24:00,18471.0,18478.75,18468.0,18474.5,872
03/25/2024,08:27:00,18474.5,18474.75,18457.25,18459.0,2709
03/25/2024,08:30:00,18459.25,18471.25,18442.0,18469.0,12693
03/25/2024,08:33:00,18469.0,18480.75,18461.0,18473.75,8097
03/25/2024,08:36:00,18473.75,18475.75,18458.5,18465.5,5521
03/25/2024,08:39:00,18466.0,18470.5,18421.75,18428.25,12913
03/25/2024,08:42:00,18428.5,18434.0,18414.75,18423.25,9210
03/25/2024,08:45:00,18423.25,18458.0,18418.75,18456.75,7995
03/25/2024,08:48:00,18456.5,18470.5,18452.75,18469.5,5589
03/25/2024,08:51:00,18469.0,18484.75,18469.0,18481.0,5880
03/25/2024,08:54:00,18481.25,18487.5,18473.25,18476.5,4441
03/25/2024,08:57:00,18476.25,18485.75,18471.25,18479.0,3136
03/25/2024,09:00:00,18479.0,18484.75,18467.5,18476.25,4240
03/25/2024,09:03:00,18476.0,18481.5,18466.75,18480.25,3299
03/25/2024,09:06:00,18480.25,18498.0,18469.75,18495.0,5529
03/25/2024,09:09:00,18494.75,18518.75,18492.0,18517.5,7018
03/25/2024,09:12:00,18517.25,18523.5,18509.0,18512.5,4868
03/25/2024,09:15:00,18512.5,18521.0,18510.0,18515.5,3419
03/25/2024,09:18:00,18515.25,18523.75,18512.25,18520.25,3213
03/25/2024,09:21:00,18519.75,18542.0,18518.75,18526.25,7253
03/25/2024,09:24:00,18526.25,18529.25,18518.75,18524.75,3022
03/25/2024,09:27:00,18524.75,18525.75,18507.75,18512.5,4204
03/25/2024,09:30:00,18512.75,18518.5,18503.25,18510.5,4117
03/25/2024,09:33:00,18510.5,18528.25,18504.75,18527.0,3965
03/25/2024,09:36:00,18527.25,18529.0,18508.5,18511.25,3089
03/25/2024,09:39:00,18511.0,18523.75,18507.5,18519.5,2255
03/25/2024,09:42:00,18519.25,18521.0,18510.75,18519.25,2394
03/25/2024,09:45:00,18519.0,18520.75,18503.5,18503.75,2989
03/25/2024,09:48:00,18503.75,18515.75,18499.0,18509.25,4018
03/25/2024,09:51:00,18509.25,18515.5,18499.75,18503.5,2915
03/25/2024,09:54:00,18503.75,18516.0,18499.0,18515.5,2857
03/25/2024,09:57:00,18515.25,18522.25,18513.0,18522.0,2697
03/25/2024,10:00:00,18522.0,18532.0,18519.75,18531.25,3307
03/25/2024,10:03:00,18531.25,18538.0,18527.25,18535.5,2448
03/25/2024,10:06:00,18536.0,18539.0,18530.0,18530.5,2256
03/25/2024,10:09:00,18530.25,18531.25,18521.0,18527.0,2502
03/25/2024,10:12:00,18526.5,18535.75,18522.0,18527.0,2528
03/25/2024,10:15:00,18527.0,18541.75,18526.5,18530.0,3558
03/25/2024,10:18:00,18530.5,18536.25,18520.0,18529.25,2332
03/25/2024,10:21:00,18529.25,18532.0,18520.0,18527.25,1746
03/25/2024,10:24:00,18527.5,18531.25,18514.75,18524.5,2661
03/25/2024,10:27:00,18524.25,18531.5,18520.25,18528.25,1724
03/25/2024,10:30:00,18529.0,18533.0,18517.25,18522.0,2228
03/25/2024,10:33:00,18522.0,18531.5,18519.0,18520.25,2015
03/25/2024,10:36:00,18520.0,18536.0,18518.25,18534.75,2087
03/25/2024,10:39:00,18535.0,18547.5,18533.75,18539.0,4461
03/25/2024,10:42:00,18539.0,18543.25,18534.5,18536.75,1642
03/25/2024,10:45:00,18537.0,18544.25,18535.5,18539.25,1810
03/25/2024,10:48:00,18539.25,18553.5,18539.25,18542.75,4598
03/25/2024,10:51:00,18543.0,18549.25,18534.75,18548.75,3036
03/25/2024,10:54:00,18548.75,18550.0,18542.75,18544.75,2261
03/25/2024,10:57:00,18544.75,18546.25,18536.25,18538.25,2475
03/25/2024,11:00:00,18538.5,18539.0,18530.0,18530.5,2568
03/25/2024,11:03:00,18530.25,18531.0,18519.5,18530.75,3112
03/25/2024,11:06:00,18531.0,18531.0,18513.5,18518.0,2320
03/25/2024,11:09:00,18518.0,18525.5,18512.0,18523.5,2295
03/25/2024,11:12:00,18523.25,18529.25,18520.75,18527.5,1538
03/25/2024,11:15:00,18527.0,18533.25,18524.25,18527.25,1537
03/25/2024,11:18:00,18528.25,18536.75,18527.75,18530.25,1633
03/25/2024,11:21:00,18530.5,18535.5,18524.0,18526.5,1311
03/25/2024,11:24:00,18526.25,18534.0,18524.75,18527.25,1251
03/25/2024,11:27:00,18527.25,18529.25,18522.25,18525.25,1262
03/25/2024,11:30:00,18525.5,18527.75,18517.5,18522.75,1944
03/25/2024,11:33:00,18522.5,18524.75,18515.75,18522.75,1576
03/25/2024,11:36:00,18522.75,18524.75,18518.0,18523.25,1035
03/25/2024,11:39:00,18522.5,18524.0,18511.25,18522.0,2065
03/25/2024,11:42:00,18522.25,18530.5,18522.0,18523.5,1785
03/25/2024,11:45:00,18523.5,18529.75,18522.5,18527.25,1028
03/25/2024,11:48:00,18527.5,18528.75,18518.0,18519.5,1638
03/25/2024,11:51:00,18520.0,18537.75,18518.0,18533.5,2066
03/25/2024,11:54:00,18533.5,18539.75,18529.25,18530.5,1804
03/25/2024,11:57:00,18530.25,18536.0,18525.75,18529.5,1215
03/25/2024,12:00:00,18529.5,18533.0,18524.25,18526.75,1501
03/25/2024,12:03:00,18526.75,18534.5,18524.75,18530.0,1169
03/25/2024,12:06:00,18530.0,18530.0,18521.25,18524.75,1274
03/25/2024,12:09:00,18525.0,18528.75,18515.0,18518.25,2011
03/25/2024,12:12:00,18518.25,18534.75,18516.75,18534.5,2119
03/25/2024,12:15:00,18534.0,18542.25,18532.0,18536.25,1788
03/25/2024,12:18:00,18536.5,18540.0,18534.25,18534.75,908
03/25/2024,12:21:00,18534.75,18545.0,18532.0,18544.75,1731
03/25/2024,12:24:00,18544.25,18546.75,18539.5,18542.0,1720
03/25/2024,12:27:00,18542.0,18547.25,18541.25,18544.0,931
03/25/2024,12:30:00,18543.75,18549.0,18538.75,18547.75,1890
03/25/2024,12:33:00,18547.75,18548.0,18540.5,18541.75,842
03/25/2024,12:36:00,18541.75,18543.75,18538.0,18541.75,1217
03/25/2024,12:39:00,18541.5,18551.25,18541.25,18548.0,1210
03/25/2024,12:42:00,18548.0,18557.5,18547.5,18553.0,2200
03/25/2024,12:45:00,18553.5,18556.5,18548.0,18551.0,1390
03/25/2024,12:48:00,18550.75,18554.0,18544.0,18547.75,1516
03/25/2024,12:51:00,18547.25,18549.5,18540.25,18546.25,1330
03/25/2024,12:54:00,18546.0,18548.5,18541.5,18545.25,859
03/25/2024,12:57:00,18545.25,18552.75,18544.0,18552.25,890
03/25/2024,13:00:00,18552.25,18555.75,18548.0,18553.75,1499
03/25/2024,13:03:00,18553.75,18555.75,18548.25,18553.75,1075
03/25/2024,13:06:00,18554.0,18563.25,18553.5,18560.5,1909
03/25/2024,13:09:00,18560.5,18565.5,18559.5,18562.25,1562
03/25/2024,13:12:00,18562.5,18567.0,18562.0,18564.0,1136
03/25/2024,13:15:00,18563.75,18568.5,18561.25,18562.25,1630
03/25/2024,13:18:00,18562.25,18567.75,18561.5,18563.0,909
03/25/2024,13:21:00,18562.75,18565.75,18561.5,18563.75,753
03/25/2024,13:24:00,18563.75,18563.75,18556.75,18557.25,1478
03/25/2024,13:27:00,18557.0,18561.25,18553.75,18558.75,1487
03/25/2024,13:30:00,18559.0,18560.5,18550.25,18551.5,1467
03/25/2024,13:33:00,18551.5,18553.25,18548.0,18550.75,1383
03/25/2024,13:36:00,18551.5,18562.5,18550.25,18561.75,1648
03/25/2024,13:39:00,18561.5,18564.5,18558.75,18561.75,1151
03/25/2024,13:42:00,18561.75,18562.5,18557.25,18559.0,868
03/25/2024,13:45:00,18559.0,18565.5,18556.0,18564.75,1109
03/25/2024,13:48:00,18564.5,18568.0,18559.5,18560.25,1132
03/25/2024,13:51:00,18560.5,18569.0,18560.5,18566.0,1155
03/25/2024,13:54:00,18566.0,18571.75,18565.75,18570.25,1391
03/25/2024,13:57:00,18570.0,18571.75,18564.5,18567.25,999
03/25/2024,14:00:00,18568.0,18569.75,18557.75,18559.0,1783
03/25/2024,14:03:00,18559.25,18560.75,18552.25,18557.25,1535
03/25/2024,14:06:00,18557.25,18559.75,18548.5,18550.25,1812
03/25/2024,14:09:00,18549.75,18551.25,18534.75,18538.0,3477
03/25/2024,14:12:00,18537.5,18543.75,18533.25,18539.25,2316
03/25/2024,14:15:00,18539.5,18546.25,18536.0,18545.5,1901
03/25/2024,14:18:00,18545.75,18549.5,18539.0,18540.0,1784
03/25/2024,14:21:00,18539.75,18542.25,18526.25,18532.25,3043
03/25/2024,14:24:00,18531.5,18538.25,18530.5,18534.25,1606
03/25/2024,14:27:00,18534.25,18537.75,18530.0,18531.25,1605
03/25/2024,14:30:00,18531.25,18542.75,18526.0,18541.25,2678
03/25/2024,14:33:00,18541.75,18544.25,18538.5,18544.0,1354
03/25/2024,14:36:00,18544.0,18546.5,18535.25,18538.75,1565
03/25/2024,14:39:00,18538.5,18550.75,18536.5,18550.0,1897
03/25/2024,14:42:00,18550.25,18553.0,18545.25,18547.25,1819
03/25/2024,14:45:00,18547.5,18555.5,18547.0,18553.25,1771
03/25/2024,14:48:00,18553.5,18554.25,18536.0,18539.25,3156
03/25/2024,14:51:00,18539.0,18539.0,18524.5,18525.5,5020
03/25/2024,14:54:00,18525.75,18529.0,18512.0,18512.5,6446
03/25/2024,14:57:00,18512.75,18516.75,18507.5,18509.5,10745
03/25/2024,15:00:00,18509.5,18519.0,18508.5,18511.75,3914
03/25/2024,15:03:00,18511.5,18514.5,18510.25,18512.75,1133
03/25/2024,15:06:00,18512.75,18515.5,18511.25,18512.0,549
03/25/2024,15:09:00,18512.75,18516.0,18511.75,18514.0,479
03/25/2024,15:12:00,18514.0,18515.75,18512.75,18515.25,433
03/25/2024,15:15:00,18515.0,18517.0,18513.5,18515.25,243
03/25/2024,15:18:00,18516.0,18517.25,18515.5,18516.25,217
03/25/2024,15:21:00,18516.0,18519.75,18516.0,18519.75,191
03/25/2024,15:24:00,18519.75,18521.0,18519.25,18519.75,184
03/25/2024,15:27:00,18520.25,18521.0,18517.75,18518.25,216
03/25/2024,15:30:00,18518.0,18521.0,18517.0,18519.5,200
03/25/2024,15:33:00,18519.75,18522.0,18519.25,18521.5,110
03/25/2024,15:36:00,18521.5,18522.5,18520.0,18522.0,124
03/25/2024,15:39:00,18522.25,18524.5,18522.0,18524.5,266
03/25/2024,15:42:00,18524.5,18526.0,18522.5,18523.25,194
03/25/2024,15:45:00,18523.5,18524.0,18520.75,18522.25,215
03/25/2024,15:48:00,18522.0,18523.5,18520.0,18520.25,131
03/25/2024,15:51:00,18521.0,18522.75,18521.0,18521.75,80
03/25/2024,15:54:00,18521.75,18525.5,18521.5,18524.5,286
03/25/2024,15:57:00,18525.0,18535.0,18524.5,18533.5,756
03/25/2024,17:00:00,18531.25,18536.75,18530.0,18536.0,375
03/25/2024,17:03:00,18536.0,18541.0,18535.0,18539.5,213
03/25/2024,17:06:00,18539.0,18540.0,18536.25,18537.25,84
03/25/2024,17:09:00,18537.5,18541.5,18537.5,18540.5,105
03/25/2024,17:12:00,18540.25,18540.75,18539.5,18540.5,109
03/25/2024,17:15:00,18540.75,18542.0,18537.5,18538.25,140
03/25/2024,17:18:00,18538.25,18540.25,18536.75,18538.5,72
03/25/2024,17:21:00,18539.25,18539.75,18538.5,18539.75,34
03/25/2024,17:24:00,18540.0,18541.75,18540.0,18540.25,67
03/25/2024,17:27:00,18539.75,18540.75,18537.5,18537.5,90
03/25/2024,17:30:00,18538.0,18538.0,18533.5,18534.75,310
03/25/2024,17:33:00,18534.5,18535.0,18530.25,18531.5,260
03/25/2024,17:36:00,18531.75,18534.5,18530.0,18533.5,237
03/25/2024,17:39:00,18533.5,18536.25,18533.0,18533.0,101
03/25/2024,17:42:00,18533.0,18534.75,18532.5,18532.5,64
03/25/2024,17:45:00,18532.75,18534.0,18531.0,18533.75,101
03/25/2024,17:48:00,18533.5,18536.5,18532.5,18533.0,106
03/25/2024,17:51:00,18533.5,18534.25,18531.75,18532.0,73
03/25/2024,17:54:00,18532.25,18533.25,18530.5,18533.0,131
03/25/2024,17:57:00,18532.5,18533.0,18531.0,18531.75,42
03/25/2024,18:00:00,18532.5,18536.25,18532.25,18535.25,123
03/25/2024,18:03:00,18535.0,18535.75,18534.0,18534.75,23
03/25/2024,18:06:00,18534.75,18534.75,18533.5,18533.5,38
03/25/2024,18:09:00,18534.0,18535.25,18532.5,18532.5,73
03/25/2024,18:12:00,18532.0,18532.5,18527.25,18531.0,286
03/25/2024,18:15:00,18531.25,18532.25,18530.25,18530.25,87
03/25/2024,18:18:00,18531.0,18531.0,18528.75,18528.75,68
03/25/2024,18:21:00,18529.0,18529.5,18526.75,18528.25,83
03/25/2024,18:24:00,18528.75,18531.5,18528.25,18530.5,73
03/25/2024,18:27:00,18530.75,18534.25,18530.75,18533.75,117
03/25/2024,18:30:00,18533.5,18537.0,18532.25,18534.75,149
03/25/2024,18:33:00,18534.25,18536.75,18533.25,18536.75,56
03/25/2024,18:36:00,18536.5,18536.5,18535.0,18535.5,47
03/25/2024,18:39:00,18535.75,18537.0,18535.75,18536.5,37
03/25/2024,18:42:00,18536.75,18539.75,18536.5,18538.75,125
03/25/2024,18:45:00,18538.75,18541.25,18538.5,18539.75,126
03/25/2024,18:48:00,18539.75,18542.25,18539.0,18541.0,120
03/25/2024,18:51:00,18541.0,18543.5,18540.0,18541.5,114
03/25/2024,18:54:00,18542.25,18543.5,18540.5,18540.5,120
03/25/2024,18:57:00,18540.25,18541.0,18539.0,18541.0,124
03/25/2024,19:00:00,18540.25,18541.5,18536.5,18539.0,223
03/25/2024,19:03:00,18538.25,18540.0,18537.25,18538.25,118
03/25/2024,19:06:00,18538.75,18540.0,18537.75,18540.0,89
03/25/2024,19:09:00,18540.0,18545.25,18539.5,18544.75,217
03/25/2024,19:12:00,18544.0,18546.5,18543.75,18545.75,131
03/25/2024,19:15:00,18545.25,18547.25,18540.25,18541.25,219
03/25/2024,19:18:00,18541.0,18543.0,18540.25,18543.0,97
03/25/2024,19:21:00,18542.75,18542.75,18540.25,18541.0,66
03/25/2024,19:24:00,18541.25,18542.25,18540.75,18541.25,55
03/25/2024,19:27:00,18541.5,18544.25,18541.5,18543.5,69
03/25/2024,19:30:00,18543.0,18543.75,18541.0,18542.5,65
03/25/2024,19:33:00,18542.25,18546.5,18542.25,18546.25,104
03/25/2024,19:36:00,18546.25,18546.25,18542.5,18543.25,84
03/25/2024,19:39:00,18542.75,18548.0,18542.75,18547.75,125
03/25/2024,19:42:00,18547.25,18547.5,18545.5,18547.25,88
03/25/2024,19:45:00,18547.5,18548.25,18546.5,18547.0,105
03/25/2024,19:48:00,18547.75,18549.5,18545.25,18545.75,144
03/25/2024,19:51:00,18545.5,18546.25,18544.0,18545.25,112
03/25/2024,19:54:00,18545.5,18546.0,18544.0,18545.25,76
03/25/2024,19:57:00,18545.25,18549.0,18545.0,18547.0,128
03/25/2024,20:00:00,18547.25,18550.5,18546.25,18548.5,184
03/25/2024,20:03:00,18548.25,18550.5,18547.25,18550.0,87
03/25/2024,20:06:00,18550.0,18551.0,18549.25,18550.0,81
03/25/2024,20:09:00,18550.0,18555.0,18549.75,18553.75,287
03/25/2024,20:12:00,18553.0,18554.5,18551.25,18553.5,124
03/25/2024,20:15:00,18554.0,18556.0,18553.5,18554.75,259
03/25/2024,20:18:00,18555.75,18556.0,18552.75,18553.0,149
03/25/2024,20:21:00,18553.25,18553.75,18549.5,18549.75,257
03/25/2024,20:24:00,18549.5,18549.75,18545.0,18545.25,315
03/25/2024,20:27:00,18546.5,18547.75,18544.75,18547.0,148
03/25/2024,20:30:00,18547.0,18547.75,18542.25,18545.25,246
03/25/2024,20:33:00,18545.75,18549.25,18545.5,18547.25,215
03/25/2024,20:36:00,18547.5,18549.75,18547.25,18548.0,152
03/25/2024,20:39:00,18548.0,18549.0,18545.25,18546.25,84
03/25/2024,20:42:00,18546.0,18547.25,18545.75,18546.75,78
03/25/2024,20:45:00,18546.75,18548.0,18543.5,18543.75,135
03/25/2024,20:48:00,18543.75,18544.25,18540.25,18541.5,276
03/25/2024,20:51:00,18541.75,18545.0,18541.5,18543.25,122
03/25/2024,20:54:00,18543.5,18545.25,18542.25,18542.5,80
03/25/2024,20:57:00,18543.25,18544.75,18542.25,18543.0,79
03/25/2024,21:00:00,18543.0,18544.0,18540.5,18543.0,205
03/25/2024,21:03:00,18543.0,18543.25,18539.0,18540.0,194
03/25/2024,21:06:00,18540.25,18541.5,18537.5,18538.75,228
03/25/2024,21:09:00,18539.25,18541.25,18539.0,18539.75,54
03/25/2024,21:12:00,18540.0,18540.0,18537.75,18539.5,125
03/25/2024,21:15:00,18539.5,18541.25,18538.5,18541.0,74
03/25/2024,21:18:00,18541.0,18541.5,18539.75,18539.75,61
03/25/2024,21:21:00,18539.75,18541.0,18539.25,18540.75,48
03/25/2024,21:24:00,18540.75,18541.25,18539.0,18539.5,73
03/25/2024,21:27:00,18540.25,18541.5,18540.0,18541.25,47
03/25/2024,21:30:00,18541.25,18544.5,18540.75,18544.25,157
03/25/2024,21:33:00,18544.75,18546.75,18544.75,18545.75,170
03/25/2024,21:36:00,18546.0,18547.25,18544.75,18544.75,92
03/25/2024,21:39:00,18544.75,18545.75,18544.25,18544.5,95
03/25/2024,21:42:00,18544.75,18544.75,18541.25,18542.25,80
03/25/2024,21:45:00,18542.75,18547.5,18541.25,18542.0,203
03/25/2024,21:48:00,18542.25,18543.0,18541.25,18542.25,37
03/25/2024,21:51:00,18542.5,18544.75,18542.0,18542.5,145
03/25/2024,21:54:00,18542.25,18542.75,18539.5,18540.5,120
03/25/2024,21:57:00,18540.0,18540.25,18534.75,18534.75,338
03/25/2024,22:00:00,18535.25,18537.25,18534.0,18535.0,255
03/25/2024,22:03:00,18535.0,18536.75,18534.25,18536.0,130
03/25/2024,22:06:00,18536.0,18538.5,18535.75,18537.75,106
03/25/2024,22:09:00,18538.5,18538.5,18535.75,18536.0,94
03/25/2024,22:12:00,18535.25,18535.75,18532.75,18533.75,113
03/25/2024,22:15:00,18533.5,18537.5,18533.5,18536.75,84
03/25/2024,22:18:00,18536.0,18538.25,18535.25,18536.75,72
03/25/2024,22:21:00,18536.75,18538.25,18535.75,18538.25,84
03/25/2024,22:24:00,18538.0,18538.0,18535.0,18536.75,53
03/25/2024,22:27:00,18537.5,18538.0,18536.5,18537.0,37
03/25/2024,22:30:00,18537.0,18539.0,18535.5,18535.5,93
03/25/2024,22:33:00,18535.25,18535.25,18532.25,18532.5,126
03/25/2024,22:36:00,18532.25,18532.75,18530.75,18531.25,91
03/25/2024,22:39:00,18531.5,18532.25,18522.25,18525.25,449
03/25/2024,22:42:00,18525.25,18525.75,18517.0,18520.25,399
03/25/2024,22:45:00,18520.25,18523.75,18516.75,18523.5,310
03/25/2024,22:48:00,18524.0,18525.75,18523.0,18525.25,107
03/25/2024,22:51:00,18525.0,18525.0,18522.75,18522.75,101
03/25/2024,22:54:00,18522.75,18524.75,18521.0,18523.0,224
03/25/2024,22:57:00,18523.25,18524.0,18520.75,18523.25,71
03/25/2024,23:00:00,18523.75,18527.0,18523.0,18526.5,157
03/25/2024,23:03:00,18526.75,18527.75,18525.0,18526.75,106
03/25/2024,23:06:00,18526.75,18528.0,18525.75,18527.75,64
03/25/2024,23:09:00,18528.25,18529.0,18527.25,18528.0,86
03/25/2024,23:12:00,18528.0,18528.5,18527.0,18528.5,46
03/25/2024,23:15:00,18528.75,18530.75,18528.75,18530.0,92
03/25/2024,23:18:00,18530.25,18531.75,18530.25,18531.0,89
03/25/2024,23:21:00,18530.75,18530.75,18529.0,18530.25,61
03/25/2024,23:24:00,18530.0,18533.5,18529.5,18533.5,132
03/25/2024,23:27:00,18533.0,18534.75,18532.75,18534.0,96
03/25/2024,23:30:00,18534.0,18536.5,18534.0,18535.75,134
03/25/2024,23:33:00,18536.0,18537.5,18534.5,18535.25,133
03/25/2024,23:36:00,18534.75,18538.75,18534.25,18538.5,131
03/25/2024,23:39:00,18538.75,18539.75,18537.75,18538.25,122
03/25/2024,23:42:00,18538.0,18538.25,18536.75,18537.0,181
03/25/2024,23:45:00,18537.75,18538.5,18536.75,18537.5,48
03/25/2024,23:48:00,18537.25,18538.0,18537.25,18537.5,35
03/25/2024,23:51:00,18538.25,18538.25,18535.75,18537.0,79
03/25/2024,23:54:00,18537.0,18537.25,18536.0,18537.25,36
03/25/2024,23:57:00,18537.0,18538.5,18534.5,18534.75,111
03/26/2024,00:00:00,18534.75,18535.75,18532.75,18532.75,127
03/26/2024,00:03:00,18533.25,18538.0,18532.5,18537.0,179
03/26/2024,00:06:00,18537.5,18545.0,18537.5,18543.5,305
03/26/2024,00:09:00,18544.0,18548.5,18542.75,18543.5,322
03/26/2024,00:12:00,18543.5,18544.5,18542.0,18542.0,135
03/26/2024,00:15:00,18542.25,18544.5,18542.0,18542.25,88
03/26/2024,00:18:00,18542.5,18544.0,18542.5,18544.0,52
03/26/2024,00:21:00,18544.0,18545.75,18542.5,18545.25,62
03/26/2024,00:24:00,18545.5,18546.0,18541.25,18541.25,97
03/26/2024,00:27:00,18542.0,18543.5,18541.25,18543.5,54
03/26/2024,00:30:00,18543.5,18546.25,18543.5,18545.0,104
03/26/2024,00:33:00,18544.75,18544.75,18542.75,18543.25,41
03/26/2024,00:36:00,18543.25,18545.0,18542.75,18544.5,45
03/26/2024,00:39:00,18545.0,18547.0,18544.5,18546.25,91
03/26/2024,00:42:00,18546.25,18549.5,18546.25,18548.75,139
03/26/2024,00:45:00,18549.0,18550.0,18547.75,18549.75,141
03/26/2024,00:48:00,18549.0,18549.0,18546.5,18547.5,86
03/26/2024,00:51:00,18547.75,18547.75,18546.0,18546.5,65
03/26/2024,00:54:00,18547.25,18549.75,18546.75,18549.5,86
03/26/2024,00:57:00,18549.0,18550.25,18547.25,18547.5,100
03/26/2024,01:00:00,18547.5,18547.75,18541.5,18543.0,165
03/26/2024,01:03:00,18543.0,18544.5,18540.75,18543.75,152
03/26/2024,01:06:00,18543.75,18544.25,18540.25,18541.25,166
03/26/2024,01:09:00,18541.0,18545.0,18539.75,18544.5,192
03/26/2024,01:12:00,18544.25,18544.75,18541.25,18543.5,152
03/26/2024,01:15:00,18544.0,18546.0,18541.5,18545.0,152
03/26/2024,01:18:00,18545.75,18546.25,18543.5,18545.0,171
03/26/2024,01:21:00,18544.25,18545.75,18543.25,18543.25,81
03/26/2024,01:24:00,18543.0,18545.0,18542.75,18545.0,113
03/26/2024,01:27:00,18545.0,18546.25,18543.5,18545.5,117
03/26/2024,01:30:00,18546.0,18552.0,18545.0,18549.75,388
03/26/2024,01:33:00,18550.0,18552.0,18549.0,18550.75,325
03/26/2024,01:36:00,18550.5,18556.25,18550.0,18554.5,326
03/26/2024,01:39:00,18554.5,18560.5,18554.25,18557.5,360
03/26/2024,01:42:00,18557.25,18558.5,18556.75,18557.0,140
03/26/2024,01:45:00,18557.25,18564.25,18557.25,18563.0,395
03/26/2024,01:48:00,18563.25,18568.0,18561.0,18565.5,395
03/26/2024,01:51:00,18565.75,18571.75,18565.25,18569.25,505
03/26/2024,01:54:00,18569.25,18578.25,18567.75,18574.25,471
03/26/2024,01:57:00,18574.75,18578.75,18574.25,18574.75,330
03/26/2024,02:00:00,18575.5,18592.25,18575.25,18589.0,1347
03/26/2024,02:03:00,18589.0,18599.0,18588.75,18596.0,964
03/26/2024,02:06:00,18596.25,18606.75,18596.25,18600.5,1429
03/26/2024,02:09:00,18601.0,18609.0,18598.25,18599.5,574
03/26/2024,02:12:00,18599.25,18600.5,18594.0,18597.5,361
03/26/2024,02:15:00,18597.75,18599.0,18595.0,18597.25,288
03/26/2024,02:18:00,18596.75,18600.75,18594.25,18596.75,403
03/26/2024,02:21:00,18597.5,18603.25,18595.0,18602.25,402
03/26/2024,02:24:00,18602.5,18603.75,18598.5,18599.5,313
03/26/2024,02:27:00,18599.5,18602.5,18599.0,18600.5,87
03/26/2024,02:30:00,18601.0,18603.0,18599.0,18600.0,225
03/26/2024,02:33:00,18599.75,18602.75,18596.5,18599.5,256
03/26/2024,02:36:00,18599.75,18600.75,18598.25,18598.5,104
03/26/2024,02:39:00,18598.25,18598.75,18592.0,18594.25,363
03/26/2024,02:42:00,18594.25,18594.25,18590.25,18590.5,237
03/26/2024,02:45:00,18590.5,18590.75,18576.25,18580.25,834
03/26/2024,02:48:00,18579.75,18581.0,18572.75,18574.5,513
03/26/2024,02:51:00,18574.25,18575.0,18569.25,18570.0,442
03/26/2024,02:54:00,18570.5,18573.25,18564.25,18567.25,540
03/26/2024,02:57:00,18567.0,18570.75,18564.75,18570.5,334
03/26/2024,03:00:00,18570.25,18577.75,18565.25,18575.25,1070
03/26/2024,03:03:00,18574.75,18578.0,18571.0,18572.25,620
03/26/2024,03:06:00,18572.25,18574.75,18570.0,18572.75,344
03/26/2024,03:09:00,18573.25,18574.75,18569.5,18572.25,329
03/26/2024,03:12:00,18571.25,18582.0,18570.5,18579.0,517
03/26/2024,03:15:00,18579.25,18583.75,18577.5,18583.75,332
03/26/2024,03:18:00,18583.5,18586.25,18581.25,18583.75,303
03/26/2024,03:21:00,18583.75,18585.0,18581.0,18581.5,207
03/26/2024,03:24:00,18581.75,18583.5,18579.5,18581.0,185
03/26/2024,03:27:00,18581.0,18582.5,18579.5,18581.75,200
03/26/2024,03:30:00,18581.5,18588.25,18579.0,18582.25,471
03/26/2024,03:33:00,18582.5,18586.0,18581.75,18584.0,211
03/26/2024,03:36:00,18584.0,18585.25,18581.0,18584.25,145
03/26/2024,03:39:00,18584.0,18590.75,18583.75,18590.75,316
03/26/2024,03:42:00,18590.0,18595.5,18589.75,18592.5,400
03/26/2024,03:45:00,18592.5,18593.5,18587.75,18589.75,215
03/26/2024,03:48:00,18589.75,18595.75,18588.75,18592.75,253
03/26/2024,03:51:00,18593.0,18602.0,18593.0,18597.5,650
03/26/2024,03:54:00,18597.75,18598.25,18591.75,18594.0,343
03/26/2024,03:57:00,18594.25,18596.5,18590.0,18592.5,258
03/26/2024,04:00:00,18592.75,18595.75,18592.0,18594.5,180
03/26/2024,04:03:00,18594.75,18597.75,18593.75,18595.75,199
03/26/2024,04:06:00,18595.25,18597.25,18592.5,18594.75,310
03/26/2024,04:09:00,18594.25,18596.5,18592.5,18594.25,231
03/26/2024,04:12:00,18595.0,18599.5,18587.75,18592.75,587
03/26/2024,04:15:00,18592.5,18605.5,18591.25,18605.25,639
03/26/2024,04:18:00,18605.0,18608.75,18603.25,18606.5,564
03/26/2024,04:21:00,18606.0,18608.75,18603.5,18608.0,448
03/26/2024,04:24:00,18607.75,18612.5,18605.25,18605.75,684
03/26/2024,04:27:00,18605.5,18608.75,18605.0,18605.5,222
03/26/2024,04:30:00,18605.5,18605.75,18601.75,18604.5,434
03/26/2024,04:33:00,18604.5,18611.0,18603.75,18610.75,449
03/26/2024,04:36:00,18610.75,18613.75,18610.0,18610.25,311
03/26/2024,04:39:00,18610.25,18610.25,18600.25,18601.25,386
03/26/2024,04:42:00,18601.25,18601.5,18594.25,18596.75,409
03/26/2024,04:45:00,18597.25,18599.75,18596.25,18598.75,342
03/26/2024,04:48:00,18599.25,18606.0,18599.25,18605.25,374
03/26/2024,04:51:00,18604.5,18606.5,18602.0,18603.5,267
03/26/2024,04:54:00,18603.25,18605.0,18600.25,18603.0,276
03/26/2024,04:57:00,18602.25,18605.5,18602.0,18603.25,201
03/26/2024,05:00:00,18603.5,18613.0,18603.5,18610.25,542
03/26/2024,05:03:00,18610.0,18613.5,18606.25,18606.75,372
03/26/2024,05:06:00,18606.5,18608.0,18603.0,18607.25,388
03/26/2024,05:09:00,18607.0,18612.0,18605.75,18610.5,320
03/26/2024,05:12:00,18610.25,18610.75,18604.5,18605.5,277
03/26/2024,05:15:00,18605.5,18611.0,18605.25,18607.75,201
03/26/2024,05:18:00,18608.0,18608.5,18605.0,18608.25,175
03/26/2024,05:21:00,18607.75,18609.25,18605.75,18607.5,115
03/26/2024,05:24:00,18607.5,18607.75,18604.25,18605.5,141
03/26/2024,05:27:00,18606.0,18606.0,18599.0,18603.75,473
03/26/2024,05:30:00,18603.5,18603.5,18597.0,18599.5,309
03/26/2024,05:33:00,18599.5,18601.75,18596.75,18600.25,270
03/26/2024,05:36:00,18601.0,18605.5,18601.0,18602.25,368
03/26/2024,05:39:00,18602.0,18605.5,18601.5,18603.5,187
03/26/2024,05:42:00,18603.75,18604.25,18598.75,18602.75,268
03/26/2024,05:45:00,18603.25,18606.25,18601.5,18604.5,237
03/26/2024,05:48:00,18604.25,18607.75,18604.0,18605.5,196
03/26/2024,05:51:00,18605.25,18609.75,18604.75,18607.75,224
03/26/2024,05:54:00,18607.25,18609.5,18604.5,18607.75,178
03/26/2024,05:57:00,18608.0,18610.75,18606.75,18607.5,175
03/26/2024,06:00:00,18607.5,18609.25,18604.25,18608.0,300
03/26/2024,06:03:00,18607.75,18619.0,18607.75,18617.25,893
03/26/2024,06:06:00,18616.5,18617.25,18611.5,18613.75,344
03/26/2024,06:09:00,18613.5,18613.5,18606.25,18608.25,386
03/26/2024,06:12:00,18607.75,18611.25,18604.5,18605.75,301
03/26/2024,06:15:00,18606.0,18606.75,18603.75,18606.0,318
03/26/2024,06:18:00,18605.75,18608.25,18603.5,18606.25,327
03/26/2024,06:21:00,18605.75,18606.25,18598.75,18598.75,500
03/26/2024,06:24:00,18598.5,18606.25,18598.5,18601.5,440
03/26/2024,06:27:00,18601.75,18601.75,18593.0,18595.25,699
03/26/2024,06:30:00,18595.25,18600.25,18594.25,18599.25,412
03/26/2024,06:33:00,18600.0,18605.0,18598.25,18603.25,392
03/26/2024,06:36:00,18602.75,18608.75,18600.25,18607.25,451
03/26/2024,06:39:00,18608.0,18608.25,18603.0,18605.0,252
03/26/2024,06:42:00,18605.0,18609.25,18604.75,18606.5,442
03/26/2024,06:45:00,18606.25,18609.0,18605.25,18608.5,318
03/26/2024,06:48:00,18607.5,18607.5,18600.0,18601.75,337
03/26/2024,06:51:00,18601.5,18607.25,18600.0,18606.0,362
03/26/2024,06:54:00,18606.0,18611.25,18605.5,18609.0,407
03/26/2024,06:57:00,18609.5,18615.25,18609.5,18613.5,481
03/26/2024,07:00:00,18613.75,18616.75,18607.25,18608.75,755
03/26/2024,07:03:00,18609.0,18613.75,18607.5,18608.75,382
03/26/2024,07:06:00,18608.5,18609.5,18602.25,18602.75,510
03/26/2024,07:09:00,18603.0,18606.0,18601.25,18602.75,414
03/26/2024,07:12:00,18603.5,18604.75,18598.0,18602.5,517
03/26/2024,07:15:00,18602.5,18606.75,18602.0,18606.5,374
03/26/2024,07:18:00,18606.0,18607.0,18601.5,18603.75,354
03/26/2024,07:21:00,18603.5,18606.5,18601.5,18602.5,427
03/26/2024,07:24:00,18603.0,18604.75,18598.5,18599.25,524
03/26/2024,07:27:00,18599.25,18602.25,18597.5,18598.5,396
03/26/2024,07:30:00,18599.25,18603.0,18587.75,18599.25,1662
03/26/2024,07:33:00,18599.25,18599.75,18578.25,18586.25,1397
03/26/2024,07:36:00,18586.25,18594.5,18581.75,18591.75,1024
03/26/2024,07:39:00,18592.25,18596.0,18571.75,18577.0,1974
03/26/2024,07:42:00,18576.5,18578.5,18557.0,18564.0,3417
03/26/2024,07:45:00,18563.25,18577.5,18562.5,18569.25,1404
03/26/2024,07:48:00,18569.0,18574.0,18565.0,18567.0,904
03/26/2024,07:51:00,18566.5,18570.5,18561.0,18569.25,935
03/26/2024,07:54:00,18569.25,18573.0,18561.75,18566.0,962
03/26/2024,07:57:00,18566.0,18572.5,18565.5,18568.5,644
03/26/2024,08:00:00,18568.75,18569.5,18561.0,18566.5,944
03/26/2024,08:03:00,18566.5,18572.5,18564.75,18571.25,845
03/26/2024,08:06:00,18572.0,18575.25,18565.5,18567.25,835
03/26/2024,08:09:00,18567.0,18572.75,18566.75,18569.0,556
03/26/2024,08:12:00,18568.75,18571.5,18555.5,18559.5,935
03/26/2024,08:15:00,18559.5,18561.75,18552.5,18554.5,1567
03/26/2024,08:18:00,18554.25,18558.5,18553.25,18558.0,811
03/26/2024,08:21:00,18558.25,18561.75,18554.5,18558.75,857
03/26/2024,08:24:00,18558.5,18565.25,18558.25,18564.0,1163
03/26/2024,08:27:00,18564.0,18571.75,18562.25,18568.5,2113
03/26/2024,08:30:00,18568.75,18579.75,18550.0,18568.25,11387
03/26/2024,08:33:00,18568.0,18594.75,18558.5,18583.0,10143
03/26/2024,08:36:00,18582.75,18590.25,18568.5,18571.25,6390
03/26/2024,08:39:00,18570.75,18581.5,18568.25,18569.25,5165
03/26/2024,08:42:00,18569.25,18587.75,18565.25,18585.5,5304
03/26/2024,08:45:00,18585.5,18592.25,18578.25,18578.75,4435
03/26/2024,08:48:00,18578.75,18584.25,18575.25,18581.25,3296
03/26/2024,08:51:00,18581.75,18584.0,18569.75,18573.75,3459
03/26/2024,08:54:00,18574.0,18583.25,18567.5,18581.25,3472
03/26/2024,08:57:00,18581.75,18591.75,18577.0,18589.5,2768
03/26/2024,09:00:00,18589.5,18606.75,18586.0,18601.0,7541
03/26/2024,09:03:00,18601.5,18608.5,18597.75,18601.25,4390
03/26/2024,09:06:00,18601.5,18607.75,18594.0,18599.25,4011
03/26/2024,09:09:00,18599.0,18599.5,18571.75,18579.5,7291
03/26/2024,09:12:00,18580.0,18598.5,18579.5,18593.75,4460
03/26/2024,09:15:00,18594.0,18600.0,18587.5,18596.0,3423
03/26/2024,09:18:00,18596.0,18605.0,18595.0,18598.0,3457
03/26/2024,09:21:00,18598.5,18599.0,18584.25,18589.0,3575
03/26/2024,09:24:00,18589.25,18592.75,18578.25,18583.25,3665
03/26/2024,09:27:00,18583.5,18585.0,18548.0,18555.5,7490
03/26/2024,09:30:00,18555.75,18556.75,18534.0,18545.5,8488
03/26/2024,09:33:00,18545.75,18553.0,18540.5,18551.5,3844
03/26/2024,09:36:00,18551.75,18563.25,18539.5,18557.25,4400
03/26/2024,09:39:00,18557.25,18560.0,18543.0,18547.0,3797
03/26/2024,09:42:00,18546.5,18550.25,18535.0,18543.0,4585
03/26/2024,09:45:00,18543.0,18552.5,18536.75,18550.0,3763
03/26/2024,09:48:00,18550.0,18552.25,18537.0,18541.0,3935
03/26/2024,09:51:00,18541.25,18555.75,18541.25,18552.0,3233
03/26/2024,09:54:00,18552.0,18561.75,18548.25,18549.25,3136
03/26/2024,09:57:00,18549.0,18565.0,18547.25,18562.0,2876
03/26/2024,10:00:00,18561.5,18566.0,18555.75,18556.75,2771
03/26/2024,10:03:00,18556.75,18561.75,18549.75,18558.0,2401
03/26/2024,10:06:00,18558.5,18564.5,18557.25,18559.5,1812
03/26/2024,10:09:00,18559.5,18571.25,18558.75,18568.0,2884
03/26/2024,10:12:00,18568.25,18572.5,18562.5,18571.75,2417
03/26/2024,10:15:00,18571.25,18576.25,18565.0,18566.0,3236
03/26/2024,10:18:00,18566.5,18572.75,18559.5,18565.5,3041
03/26/2024,10:21:00,18565.25,18579.75,18562.25,18573.25,3434
03/26/2024,10:24:00,18573.75,18579.0,18569.25,18574.75,2274
03/26/2024,10:27:00,18575.25,18577.75,18568.0,18568.25,1588
03/26/2024,10:30:00,18568.75,18570.0,18558.25,18564.5,2923
03/26/2024,10:33:00,18564.75,18572.5,18563.75,18571.75,2042
03/26/2024,10:36:00,18571.25,18575.0,18562.0,18563.5,2334
03/26/2024,10:39:00,18563.75,18571.0,18558.75,18569.75,2614
03/26/2024,10:42:00,18569.25,18571.75,18560.25,18562.25,1982
03/26/2024,10:45:00,18561.75,18564.0,18555.75,18557.75,2153
03/26/2024,10:48:00,18557.5,18570.5,18554.25,18570.25,3230
03/26/2024,10:51:00,18570.25,18577.75,18568.75,18574.0,3224
03/26/2024,10:54:00,18573.75,18582.25,18571.25,18577.5,2852
03/26/2024,10:57:00,18577.25,18582.25,18572.75,18581.0,2401
03/26/2024,11:00:00,18580.25,18588.75,18579.75,18579.75,2968
03/26/2024,11:03:00,18579.75,18583.0,18576.25,18576.75,2054
03/26/2024,11:06:00,18577.0,18581.75,18571.5,18576.5,2466
03/26/2024,11:09:00,18576.75,18578.75,18572.5,18575.75,1361
03/26/2024,11:12:00,18575.25,18577.0,18569.5,18575.0,1575
03/26/2024,11:15:00,18575.0,18577.25,18563.75,18568.75,1880
03/26/2024,11:18:00,18569.0,18573.0,18556.75,18558.5,2013
03/26/2024,11:21:00,18558.5,18560.0,18548.75,18554.5,3456
03/26/2024,11:24:00,18554.75,18559.25,18546.5,18551.5,2396
03/26/2024,11:27:00,18551.5,18561.0,18546.5,18559.5,2223
03/26/2024,11:30:00,18559.75,18562.0,18554.5,18555.5,1827
03/26/2024,11:33:00,18555.25,18563.25,18551.0,18561.25,2023
03/26/2024,11:36:00,18561.0,18562.75,18551.5,18551.5,1399
03/26/2024,11:39:00,18551.75,18555.75,18546.5,18548.75,1786
03/26/2024,11:42:00,18548.5,18553.5,18545.25,18548.0,1914
03/26/2024,11:45:00,18547.5,18551.75,18543.75,18549.0,1932
03/26/2024,11:48:00,18549.0,18555.25,18547.25,18552.5,1517
03/26/2024,11:51:00,18551.75,18553.5,18539.5,18543.0,3010
03/26/2024,11:54:00,18542.75,18544.0,18535.75,18540.0,2247
03/26/2024,11:57:00,18540.25,18544.25,18535.25,18542.25,1965
03/26/2024,12:00:00,18542.5,18548.25,18529.5,18537.75,5223
03/26/2024,12:03:00,18537.25,18548.75,18537.0,18545.75,2375
03/26/2024,12:06:00,18546.25,18552.5,18545.25,18549.5,1691
03/26/2024,12:09:00,18549.75,18553.75,18546.25,18549.75,1430
03/26/2024,12:12:00,18550.0,18552.5,18546.0,18552.5,1137
03/26/2024,12:15:00,18552.0,18553.25,18542.5,18544.5,1566
03/26/2024,12:18:00,18544.5,18548.5,18542.25,18545.25,1032
03/26/2024,12:21:00,18545.0,18550.5,18541.25,18543.5,1394
03/26/2024,12:24:00,18543.5,18550.75,18541.75,18547.5,1297
03/26/2024,12:27:00,18547.75,18550.75,18541.5,18549.0,1199
03/26/2024,12:30:00,18549.0,18554.5,18548.25,18550.25,1720
03/26/2024,12:33:00,18550.75,18557.0,18550.75,18553.25,1491
03/26/2024,12:36:00,18553.5,18554.5,18548.25,18550.75,1191
03/26/2024,12:39:00,18550.25,18553.25,18543.5,18549.25,2155
03/26/2024,12:42:00,18549.0,18553.0,18539.25,18541.25,1849
03/26/2024,12:45:00,18541.0,18543.25,18531.0,18539.75,3034
03/26/2024,12:48:00,18540.0,18543.25,18534.5,18540.5,1294
03/26/2024,12:51:00,18540.0,18541.75,18535.25,18536.5,1140
03/26/2024,12:54:00,18536.0,18548.5,18535.5,18546.25,1833
03/26/2024,12:57:00,18546.0,18548.0,18537.5,18538.5,1389
03/26/2024,13:00:00,18538.25,18550.25,18537.25,18547.75,1867
03/26/2024,13:03:00,18548.0,18550.0,18546.0,18548.0,893
03/26/2024,13:06:00,18547.75,18556.0,18546.5,18553.25,1686
03/26/2024,13:09:00,18553.25,18554.0,18544.5,18547.25,1600
03/26/2024,13:12:00,18547.25,18549.25,18543.25,18547.25,1129
03/26/2024,13:15:00,18547.5,18553.75,18546.25,18550.0,1160
03/26/2024,13:18:00,18550.0,18555.0,18547.5,18548.0,1294
03/26/2024,13:21:00,18548.0,18554.75,18543.75,18553.5,1518
03/26/2024,13:24:00,18553.75,18557.75,18549.5,18554.75,1456
03/26/2024,13:27:00,18554.75,18561.5,18553.5,18559.0,1780
03/26/2024,13:30:00,18558.75,18561.25,18555.0,18558.0,1379
03/26/2024,13:33:00,18558.0,18562.0,18556.5,18557.5,1086
03/26/2024,13:36:00,18557.5,18562.75,18557.25,18557.75,1212
03/26/2024,13:39:00,18558.0,18558.75,18546.0,18547.75,2596
03/26/2024,13:42:00,18547.75,18549.0,18541.25,18542.75,1964
03/26/2024,13:45:00,18542.5,18547.75,18540.25,18545.0,1288
03/26/2024,13:48:00,18545.0,18546.0,18536.0,18541.0,1676
03/26/2024,13:51:00,18540.75,18553.0,18540.5,18551.25,2169
03/26/2024,13:54:00,18551.25,18557.5,18548.75,18556.0,2031
03/26/2024,13:57:00,18556.0,18558.0,18553.25,18554.5,1881
03/26/2024,14:00:00,18554.5,18555.5,18546.75,18549.75,2114
03/26/2024,14:03:00,18550.0,18550.25,18540.75,18543.0,2111
03/26/2024,14:06:00,18543.0,18546.0,18539.25,18544.5,1435
03/26/2024,14:09:00,18544.0,18549.5,18538.25,18538.75,2068
03/26/2024,14:12:00,18539.25,18540.25,18530.75,18532.5,2750
03/26/2024,14:15:00,18532.5,18536.75,18529.75,18533.25,2257
03/26/2024,14:18:00,18532.75,18533.25,18521.75,18524.0,3214
03/26/2024,14:21:00,18523.75,18528.0,18520.5,18523.25,2039
03/26/2024,14:24:00,18523.25,18530.0,18519.0,18529.5,2789
03/26/2024,14:27:00,18529.25,18530.75,18501.0,18512.0,6066
03/26/2024,14:30:00,18512.0,18513.75,18490.25,18492.5,6521
03/26/2024,14:33:00,18492.0,18494.0,18477.25,18491.75,6322
03/26/2024,14:36:00,18491.5,18495.0,18486.5,18488.0,3004
03/26/2024,14:39:00,18487.5,18498.5,18483.75,18490.25,3721
03/26/2024,14:42:00,18490.0,18491.0,18458.0,18460.0,6098
03/26/2024,14:45:00,18459.75,18476.75,18459.0,18472.5,4616
03/26/2024,14:48:00,18472.25,18478.5,18462.0,18477.25,5253
03/26/2024,14:51:00,18477.0,18480.5,18463.75,18470.25,4891
03/26/2024,14:54:00,18470.25,18474.5,18440.75,18440.75,9947
03/26/2024,14:57:00,18440.5,18454.5,18439.25,18450.25,15593
03/26/2024,15:00:00,18450.25,18473.0,18447.25,18463.75,7574
03/26/2024,15:03:00,18463.25,18467.25,18461.25,18466.25,1495
03/26/2024,15:06:00,18466.0,18469.25,18464.5,18467.0,1011
03/26/2024,15:09:00,18466.75,18468.75,18464.0,18467.5,799
03/26/2024,15:12:00,18468.0,18473.75,18467.5,18472.5,1105
03/26/2024,15:15:00,18472.75,18474.0,18469.5,18473.0,490
03/26/2024,15:18:00,18473.5,18476.75,18473.0,18473.5,393
03/26/2024,15:21:00,18473.5,18475.75,18473.25,18474.25,170
03/26/2024,15:24:00,18474.25,18475.25,18473.25,18474.0,209
03/26/2024,15:27:00,18474.25,18476.0,18474.0,18475.25,130
03/26/2024,15:30:00,18475.75,18478.0,18475.0,18477.75,385
03/26/2024,15:33:00,18477.75,18482.25,18477.0,18481.25,405
03/26/2024,15:36:00,18481.5,18484.25,18480.75,18483.0,275
03/26/2024,15:39:00,18482.75,18484.25,18481.5,18481.75,308
03/26/2024,15:42:00,18482.25,18483.0,18477.75,18480.0,482
03/26/2024,15:45:00,18480.0,18482.25,18478.5,18480.25,268
03/26/2024,15:48:00,18480.25,18480.75,18477.0,18477.5,240
03/26/2024,15:51:00,18478.0,18478.75,18475.25,18476.75,278
03/26/2024,15:54:00,18477.25,18482.75,18476.5,18482.25,353
03/26/2024,15:57:00,18482.25,18482.25,18477.5,18480.0,399
03/26/2024,17:00:00,18477.5,18480.0,18470.5,18478.25,579
03/26/2024,17:03:00,18478.75,18479.5,18474.0,18475.25,183
03/26/2024,17:06:00,18476.25,18478.25,18473.5,18474.25,205
03/26/2024,17:09:00,18474.5,18478.25,18474.5,18478.25,259
03/26/2024,17:12:00,18477.75,18478.0,18475.0,18478.0,135
03/26/2024,17:15:00,18477.75,18478.25,18476.0,18477.25,300
03/26/2024,17:18:00,18477.5,18478.25,18475.5,18476.0,122
03/26/2024,17:21:00,18476.0,18477.5,18475.25,18476.75,41
03/26/2024,17:24:00,18476.5,18477.0,18474.75,18475.5,59
03/26/2024,17:27:00,18475.5,18478.25,18475.0,18478.25,147
03/26/2024,17:30:00,18478.0,18478.25,18474.0,18475.0,124
03/26/2024,17:33:00,18475.0,18475.0,18470.75,18471.5,148
03/26/2024,17:36:00,18472.25,18474.0,18472.0,18472.5,148
03/26/2024,17:39:00,18472.5,18474.0,18470.75,18472.5,90
03/26/2024,17:42:00,18472.25,18472.25,18468.0,18469.0,221
03/26/2024,17:45:00,18469.0,18476.0,18469.0,18475.25,169
03/26/2024,17:48:00,18475.0,18475.75,18471.5,18473.75,124
03/26/2024,17:51:00,18474.25,18478.0,18473.75,18477.5,165
03/26/2024,17:54:00,18477.25,18478.25,18474.25,18475.5,129
03/26/2024,17:57:00,18475.25,18476.5,18473.75,18476.5,96
03/26/2024,18:00:00,18475.75,18476.25,18472.75,18474.25,125
03/26/2024,18:03:00,18473.5,18477.25,18473.25,18477.25,94
03/26/2024,18:06:00,18477.5,18478.25,18476.75,18477.5,202
03/26/2024,18:09:00,18477.25,18478.25,18476.0,18477.5,56
03/26/2024,18:12:00,18477.5,18480.75,18477.25,18479.5,121
03/26/2024,18:15:00,18479.0,18481.25,18478.25,18479.75,133
03/26/2024,18:18:00,18480.25,18481.25,18480.25,18480.5,57
03/26/2024,18:21:00,18480.25,18480.75,18480.0,18480.25,54
03/26/2024,18:24:00,18480.0,18482.75,18480.0,18482.75,104
03/26/2024,18:27:00,18482.75,18486.25,18481.25,18483.25,252
03/26/2024,18:30:00,18483.5,18486.5,18483.0,18485.5,264
03/26/2024,18:33:00,18485.25,18486.0,18483.75,18484.75,99
03/26/2024,18:36:00,18484.5,18486.25,18483.75,18486.25,93
03/26/2024,18:39:00,18486.0,18488.0,18484.25,18484.75,179
03/26/2024,18:42:00,18485.0,18487.0,18484.75,18485.0,55
03/26/2024,18:45:00,18484.75,18490.0,18484.25,18489.5,131
03/26/2024,18:48:00,18489.5,18493.25,18489.25,18491.25,326
03/26/2024,18:51:00,18490.75,18492.0,18489.5,18490.75,91
03/26/2024,18:54:00,18490.25,18490.5,18488.25,18489.25,173
03/26/2024,18:57:00,18489.0,18491.0,18488.75,18489.75,98
03/26/2024,19:00:00,18489.5,18491.75,18486.0,18487.75,222
03/26/2024,19:03:00,18487.75,18492.5,18487.25,18489.25,167
03/26/2024,19:06:00,18489.25,18489.75,18486.25,18487.0,120
03/26/2024,19:09:00,18487.25,18489.75,18486.25,18487.0,171
03/26/2024,19:12:00,18487.25,18489.0,18486.25,18488.0,87
03/26/2024,19:15:00,18488.0,18488.5,18487.25,18487.25,48
03/26/2024,19:18:00,18487.5,18490.0,18484.5,18489.0,188
03/26/2024,19:21:00,18489.0,18490.5,18487.25,18488.5,212
03/26/2024,19:24:00,18489.0,18491.0,18487.0,18490.5,128
03/26/2024,19:27:00,18490.25,18490.25,18488.0,18488.5,104
03/26/2024,19:30:00,18488.75,18490.0,18488.25,18489.5,70
03/26/2024,19:33:00,18489.0,18489.5,18486.75,18487.75,100
03/26/2024,19:36:00,18488.0,18488.25,18486.0,18487.25,69
03/26/2024,19:39:00,18487.25,18488.5,18485.5,18486.75,105
03/26/2024,19:42:00,18486.0,18486.5,18484.0,18484.25,144
03/26/2024,19:45:00,18484.5,18492.5,18483.5,18491.75,199
03/26/2024,19:48:00,18491.25,18494.25,18489.5,18493.0,219
03/26/2024,19:51:00,18492.75,18494.5,18492.5,18493.0,115
03/26/2024,19:54:00,18492.75,18496.0,18491.75,18495.5,227
03/26/2024,19:57:00,18495.25,18495.75,18490.25,18490.75,223
03/26/2024,20:00:00,18490.25,18492.5,18490.25,18491.25,132
03/26/2024,20:03:00,18491.0,18492.25,18490.0,18492.25,155
03/26/2024,20:06:00,18492.0,18492.5,18489.5,18490.0,168
03/26/2024,20:09:00,18489.75,18491.75,18489.0,18491.0,127
03/26/2024,20:12:00,18491.0,18493.5,18491.0,18491.5,178
03/26/2024,20:15:00,18491.25,18493.75,18489.25,18490.5,133
03/26/2024,20:18:00,18491.0,18491.25,18487.25,18488.0,164
03/26/2024,20:21:00,18487.75,18488.25,18483.5,18487.75,369
03/26/2024,20:24:00,18488.25,18493.5,18487.25,18492.25,360
03/26/2024,20:27:00,18491.75,18491.75,18489.0,18490.75,74
03/26/2024,20:30:00,18490.75,18492.25,18488.5,18488.75,88
03/26/2024,20:33:00,18488.75,18490.25,18488.25,18489.75,172
03/26/2024,20:36:00,18489.5,18489.75,18482.25,18483.0,245
03/26/2024,20:39:00,18483.25,18484.75,18481.75,18484.25,195
03/26/2024,20:42:00,18484.25,18487.5,18482.75,18486.0,259
03/26/2024,20:45:00,18485.5,18488.75,18484.5,18488.0,203
03/26/2024,20:48:00,18488.0,18489.75,18486.75,18488.0,104
03/26/2024,20:51:00,18487.0,18488.25,18486.0,18487.0,74
03/26/2024,20:54:00,18487.25,18493.25,18487.25,18492.75,172
03/26/2024,20:57:00,18492.5,18494.25,18491.75,18493.0,128
03/26/2024,21:00:00,18493.25,18494.25,18490.25,18490.5,114
03/26/2024,21:03:00,18490.75,18491.75,18489.75,18490.5,115
03/26/2024,21:06:00,18490.5,18491.0,18487.75,18490.0,98
03/26/2024,21:09:00,18489.25,18490.0,18488.25,18489.5,66
03/26/2024,21:12:00,18489.5,18491.25,18489.0,18489.5,100
03/26/2024,21:15:00,18489.5,18492.5,18489.0,18492.5,90
03/26/2024,21:18:00,18492.25,18493.25,18490.25,18491.25,110
03/26/2024,21:21:00,18491.5,18491.75,18489.75,18490.5,55
03/26/2024,21:24:00,18490.75,18495.75,18490.75,18493.5,174
03/26/2024,21:27:00,18494.0,18496.0,18493.25,18495.0,143
03/26/2024,21:30:00,18494.75,18498.5,18494.0,18497.25,301
03/26/2024,21:33:00,18496.5,18498.0,18494.5,18495.5,103
03/26/2024,21:36:00,18495.25,18496.5,18494.25,18495.0,51
03/26/2024,21:39:00,18495.0,18495.25,18492.75,18493.5,137
03/26/2024,21:42:00,18493.5,18493.5,18491.75,18492.0,70
03/26/2024,21:45:00,18492.25,18494.5,18491.5,18493.75,74
03/26/2024,21:48:00,18493.5,18494.0,18489.25,18490.25,122
03/26/2024,21:51:00,18490.25,18492.0,18488.75,18490.5,169
03/26/2024,21:54:00,18490.75,18492.0,18489.25,18492.0,103
03/26/2024,21:57:00,18491.25,18493.25,18490.5,18493.0,93
03/26/2024,22:00:00,18493.0,18495.5,18493.0,18494.0,98
03/26/2024,22:03:00,18494.0,18496.5,18494.0,18495.0,132
03/26/2024,22:06:00,18495.0,18498.0,18494.75,18498.0,135
03/26/2024,22:09:00,18497.5,18497.75,18495.75,18496.0,105
03/26/2024,22:12:00,18496.25,18496.5,18493.5,18495.25,111
03/26/2024,22:15:00,18495.5,18496.25,18494.0,18496.25,60
03/26/2024,22:18:00,18495.75,18497.25,18495.25,18495.75,70
03/26/2024,22:21:00,18495.5,18497.0,18495.25,18496.25,61
03/26/2024,22:24:00,18496.25,18500.25,18496.25,18499.75,278
03/26/2024,22:27:00,18499.75,18500.0,18498.5,18499.25,60
03/26/2024,22:30:00,18499.25,18500.0,18497.5,18498.5,92
03/26/2024,22:33:00,18498.5,18500.75,18497.25,18500.75,96
03/26/2024,22:36:00,18500.5,18502.0,18498.75,18499.0,124
03/26/2024,22:39:00,18499.25,18500.5,18497.5,18497.75,99
03/26/2024,22:42:00,18498.0,18499.25,18496.75,18498.75,64
03/26/2024,22:45:00,18498.25,18500.25,18496.75,18497.25,93
03/26/2024,22:48:00,18497.75,18498.0,18496.0,18497.25,102
03/26/2024,22:51:00,18497.25,18497.5,18496.5,18496.75,20
03/26/2024,22:54:00,18496.0,18497.75,18495.75,18497.0,51
03/26/2024,22:57:00,18496.75,18497.25,18496.25,18497.25,24
03/26/2024,23:00:00,18496.75,18498.0,18495.75,18497.75,94
03/26/2024,23:03:00,18497.5,18498.5,18497.5,18497.75,34
03/26/2024,23:06:00,18497.5,18504.75,18497.5,18503.5,174
03/26/2024,23:09:00,18503.25,18504.5,18501.25,18503.25,128
03/26/2024,23:12:00,18503.5,18507.0,18503.0,18503.0,180
03/26/2024,23:15:00,18503.25,18507.0,18503.25,18505.5,110
03/26/2024,23:18:00,18505.75,18507.75,18505.0,18505.75,115
03/26/2024,23:21:00,18505.75,18506.5,18504.5,18505.25,61
03/26/2024,23:24:00,18505.75,18507.0,18505.5,18507.0,73
03/26/2024,23:27:00,18507.0,18508.0,18506.0,18506.5,89
03/26/2024,23:30:00,18506.5,18509.75,18506.25,18508.75,211
03/26/2024,23:33:00,18507.75,18509.0,18507.0,18508.25,130
03/26/2024,23:36:00,18508.5,18512.75,18508.0,18510.25,352
03/26/2024,23:39:00,18510.75,18512.75,18509.75,18511.0,159
03/26/2024,23:42:00,18511.25,18512.5,18511.0,18512.25,94
03/26/2024,23:45:00,18512.25,18512.25,18510.25,18510.5,102
03/26/2024,23:48:00,18510.5,18511.0,18508.75,18510.5,125
03/26/2024,23:51:00,18510.25,18513.75,18510.0,18512.75,133
03/26/2024,23:54:00,18513.0,18515.75,18513.0,18515.0,235
03/26/2024,23:57:00,18515.5,18517.25,18514.75,18516.5,157
03/27/2024,00:00:00,18516.5,18520.0,18514.25,18515.75,524
03/27/2024,00:03:00,18516.0,18517.25,18514.0,18515.5,195
03/27/2024,00:06:00,18515.5,18519.75,18514.25,18518.5,198
03/27/2024,00:09:00,18519.0,18520.0,18516.25,18516.25,256
03/27/2024,00:12:00,18516.75,18521.0,18515.75,18516.25,321
03/27/2024,00:15:00,18516.25,18517.25,18512.25,18512.5,266
03/27/2024,00:18:00,18512.5,18516.5,18512.25,18516.5,96
03/27/2024,00:21:00,18516.75,18517.25,18512.5,18513.25,137
03/27/2024,00:24:00,18513.25,18514.25,18510.25,18511.0,128
03/27/2024,00:27:00,18511.0,18512.75,18509.5,18511.75,118
03/27/2024,00:30:00,18511.5,18515.0,18511.0,18512.75,144
03/27/2024,00:33:00,18512.25,18514.5,18509.5,18511.5,219
03/27/2024,00:36:00,18511.25,18512.25,18510.0,18512.25,73
03/27/2024,00:39:00,18512.0,18517.5,18511.5,18516.75,253
03/27/2024,00:42:00,18516.75,18521.75,18516.5,18518.5,426
03/27/2024,00:45:00,18518.75,18524.0,18518.25,18520.75,287
03/27/2024,00:48:00,18520.5,18522.5,18517.5,18518.5,137
03/27/2024,00:51:00,18518.0,18519.25,18513.0,18514.5,292
03/27/2024,00:54:00,18515.25,18515.25,18511.0,18512.0,81
03/27/2024,00:57:00,18512.75,18514.25,18508.0,18508.5,258
03/27/2024,01:00:00,18508.5,18511.0,18503.5,18510.0,582
03/27/2024,01:03:00,18509.75,18510.25,18506.5,18508.75,125
03/27/2024,01:06:00,18509.25,18509.75,18505.75,18506.75,109
03/27/2024,01:09:00,18507.25,18509.25,18503.75,18508.75,222
03/27/2024,01:12:00,18509.0,18510.5,18507.0,18507.25,270
03/27/2024,01:15:00,18507.5,18508.75,18507.25,18508.25,87
03/27/2024,01:18:00,18508.5,18508.75,18502.25,18504.0,210
03/27/2024,01:21:00,18503.5,18506.5,18503.0,18503.5,91
03/27/2024,01:24:00,18503.5,18506.75,18503.25,18504.75,85
03/27/2024,01:27:00,18504.75,18507.75,18504.75,18506.25,108
03/27/2024,01:30:00,18506.25,18506.75,18499.0,18503.0,330
03/27/2024,01:33:00,18503.0,18506.0,18502.0,18505.0,116
03/27/2024,01:36:00,18505.0,18507.5,18504.75,18506.75,113
03/27/2024,01:39:00,18506.25,18508.5,18505.5,18505.75,155
03/27/2024,01:42:00,18505.5,18506.0,18502.25,18504.25,134
03/27/2024,01:45:00,18504.25,18508.0,18504.25,18507.5,95
03/27/2024,01:48:00,18507.25,18511.25,18506.25,18507.75,206
03/27/2024,01:51:00,18507.25,18509.0,18506.5,18508.5,78
03/27/2024,01:54:00,18508.25,18510.0,18507.25,18508.0,108
03/27/2024,01:57:00,18507.75,18507.75,18497.75,18499.75,376
03/27/2024,02:00:00,18499.5,18503.0,18491.75,18491.75,691
03/27/2024,02:03:00,18491.5,18492.75,18486.75,18488.5,671
03/27/2024,02:06:00,18488.5,18492.25,18485.75,18485.75,479
03/27/2024,02:09:00,18486.0,18491.75,18485.75,18490.5,226
03/27/2024,02:12:00,18489.75,18489.75,18482.25,18483.25,381
03/27/2024,02:15:00,18483.25,18486.25,18479.75,18480.5,519
03/27/2024,02:18:00,18481.0,18482.75,18474.5,18478.25,724
03/27/2024,02:21:00,18478.25,18481.75,18476.0,18481.25,346
03/27/2024,02:24:00,18481.0,18484.5,18480.0,18483.0,292
03/27/2024,02:27:00,18483.5,18483.75,18478.5,18482.5,225
03/27/2024,02:30:00,18482.75,18483.25,18479.0,18480.75,228
03/27/2024,02:33:00,18480.5,18480.5,18473.75,18480.0,358
03/27/2024,02:36:00,18479.5,18482.75,18478.75,18481.5,244
03/27/2024,02:39:00,18481.25,18485.5,18481.25,18483.5,265
03/27/2024,02:42:00,18483.5,18485.75,18480.75,18483.5,160
03/27/2024,02:45:00,18483.75,18487.0,18478.75,18480.5,426
03/27/2024,02:48:00,18480.25,18480.75,18471.5,18474.75,373
03/27/2024,02:51:00,18475.0,18477.0,18470.5,18474.5,274
03/27/2024,02:54:00,18475.0,18478.5,18474.5,18477.5,214
03/27/2024,02:57:00,18477.5,18480.0,18476.75,18479.0,218
03/27/2024,03:00:00,18478.5,18490.75,18478.5,18489.75,973
03/27/2024,03:03:00,18489.5,18491.25,18485.0,18485.0,566
03/27/2024,03:06:00,18485.0,18491.0,18484.25,18489.25,390
03/27/2024,03:09:00,18489.5,18495.0,18485.25,18486.75,517
03/27/2024,03:12:00,18486.5,18493.25,18484.75,18491.0,424
03/27/2024,03:15:00,18491.25,18498.0,18490.5,18495.25,458
03/27/2024,03:18:00,18495.25,18504.25,18494.25,18501.5,674
03/27/2024,03:21:00,18501.5,18508.0,18499.5,18505.25,532
03/27/2024,03:24:00,18505.25,18511.25,18504.25,18506.25,554
03/27/2024,03:27:00,18506.0,18509.25,18504.0,18506.0,331
03/27/2024,03:30:00,18506.0,18512.75,18505.5,18511.25,418
03/27/2024,03:33:00,18511.5,18511.5,18506.25,18508.0,304
03/27/2024,03:36:00,18507.5,18507.5,18501.25,18503.25,528
03/27/2024,03:39:00,18503.0,18509.75,18502.25,18508.25,245
03/27/2024,03:42:00,18507.75,18511.25,18506.25,18508.0,259
03/27/2024,03:45:00,18507.75,18512.75,18507.5,18510.25,288
03/27/2024,03:48:00,18510.0,18518.0,18510.0,18514.0,664
03/27/2024,03:51:00,18513.5,18516.75,18512.0,18513.0,190
03/27/2024,03:54:00,18512.75,18521.0,18511.5,18519.25,684
03/27/2024,03:57:00,18519.25,18519.25,18509.75,18509.75,404
03/27/2024,04:00:00,18510.0,18517.25,18510.0,18514.0,521
03/27/2024,04:03:00,18514.25,18522.0,18513.75,18519.75,410
03/27/2024,04:06:00,18519.5,18519.5,18514.25,18516.5,273
03/27/2024,04:09:00,18516.5,18525.25,18516.5,18522.25,632
03/27/2024,04:12:00,18522.5,18523.5,18516.5,18516.5,219
03/27/2024,04:15:00,18515.75,18520.25,18515.5,18518.5,254
03/27/2024,04:18:00,18518.25,18519.25,18513.25,18513.5,261
03/27/2024,04:21:00,18513.75,18515.5,18509.0,18513.25,450
03/27/2024,04:24:00,18513.0,18513.75,18510.75,18512.0,200
03/27/2024,04:27:00,18512.5,18514.25,18506.5,18510.5,297
03/27/2024,04:30:00,18511.0,18513.25,18510.75,18511.75,186
03/27/2024,04:33:00,18511.75,18512.25,18506.75,18510.5,347
03/27/2024,04:36:00,18510.5,18512.75,18500.5,18506.25,622
03/27/2024,04:39:00,18506.5,18511.25,18502.0,18510.75,451
03/27/2024,04:42:00,18510.5,18520.25,18510.0,18517.0,799
03/27/2024,04:45:00,18517.25,18521.75,18516.25,18518.5,405
03/27/2024,04:48:00,18519.0,18519.0,18515.75,18516.0,259
03/27/2024,04:51:00,18516.0,18521.25,18514.25,18519.25,321
03/27/2024,04:54:00,18519.75,18520.75,18516.0,18516.5,214
03/27/2024,04:57:00,18517.25,18518.0,18515.0,18515.75,131
03/27/2024,05:00:00,18515.75,18519.75,18515.5,18519.5,249
03/27/2024,05:03:00,18520.0,18523.75,18518.25,18519.5,326
03/27/2024,05:06:00,18518.75,18519.5,18512.0,18512.5,299
03/27/2024,05:09:00,18513.25,18516.0,18510.5,18513.0,349
03/27/2024,05:12:00,18513.5,18517.5,18512.75,18515.5,240
03/27/2024,05:15:00,18515.5,18520.75,18514.5,18520.0,247
03/27/2024,05:18:00,18520.25,18534.0,18518.75,18531.5,1288
03/27/2024,05:21:00,18531.0,18531.75,18527.25,18528.25,643
03/27/2024,05:24:00,18527.5,18530.75,18526.5,18529.75,312
03/27/2024,05:27:00,18529.25,18536.0,18527.75,18535.25,543
03/27/2024,05:30:00,18535.0,18537.5,18532.25,18533.75,517
03/27/2024,05:33:00,18534.0,18534.5,18531.75,18533.5,186
03/27/2024,05:36:00,18533.5,18537.75,18533.0,18534.75,368
03/27/2024,05:39:00,18535.0,18535.0,18529.25,18530.25,367
03/27/2024,05:42:00,18530.25,18534.5,18529.25,18532.75,239
03/27/2024,05:45:00,18532.75,18536.5,18532.5,18535.0,213
03/27/2024,05:48:00,18535.0,18540.75,18534.0,18540.25,415
03/27/2024,05:51:00,18540.0,18541.75,18534.0,18534.75,445
03/27/2024,05:54:00,18534.75,18538.5,18533.25,18537.75,319
03/27/2024,05:57:00,18538.0,18539.75,18534.0,18536.25,208
03/27/2024,06:00:00,18536.0,18537.0,18531.5,18532.0,387
03/27/2024,06:03:00,18532.0,18533.25,18526.5,18527.25,464
03/27/2024,06:06:00,18527.5,18530.75,18527.0,18527.75,242
03/27/2024,06:09:00,18528.0,18532.75,18525.75,18530.0,283
03/27/2024,06:12:00,18529.5,18531.75,18526.5,18527.75,182
03/27/2024,06:15:00,18527.5,18533.75,18522.75,18533.0,612
03/27/2024,06:18:00,18533.25,18533.25,18526.75,18528.75,297
03/27/2024,06:21:00,18528.5,18531.5,18526.5,18528.5,387
03/27/2024,06:24:00,18528.75,18530.5,18526.75,18527.25,202
03/27/2024,06:27:00,18527.25,18534.0,18527.25,18530.75,372
03/27/2024,06:30:00,18530.25,18534.75,18530.25,18532.75,313
03/27/2024,06:33:00,18532.75,18534.0,18530.75,18532.25,293
03/27/2024,06:36:00,18532.0,18534.5,18526.5,18526.75,339
03/27/2024,06:39:00,18527.0,18528.5,18523.75,18524.5,369
03/27/2024,06:42:00,18525.0,18529.75,18524.5,18526.25,325
03/27/2024,06:45:00,18526.0,18529.75,18524.75,18527.5,229
03/27/2024,06:48:00,18527.5,18531.0,18527.25,18529.5,234
03/27/2024,06:51:00,18529.25,18530.0,18522.0,18524.5,349
03/27/2024,06:54:00,18524.5,18526.0,18521.25,18521.5,390
03/27/2024,06:57:00,18521.75,18524.25,18519.75,18521.75,411
03/27/2024,07:00:00,18521.75,18524.5,18515.0,18517.5,790
03/27/2024,07:03:00,18517.75,18522.5,18516.5,18521.0,407
03/27/2024,07:06:00,18521.0,18524.25,18517.5,18521.75,375
03/27/2024,07:09:00,18522.0,18524.0,18521.5,18523.25,214
03/27/2024,07:12:00,18523.5,18529.75,18521.0,18523.75,870
03/27/2024,07:15:00,18524.25,18525.5,18517.25,18518.0,479
03/27/2024,07:18:00,18517.75,18519.5,18515.0,18516.5,462
03/27/2024,07:21:00,18516.75,18521.75,18516.75,18519.0,436
03/27/2024,07:24:00,18519.25,18521.0,18517.5,18518.0,248
03/27/2024,07:27:00,18517.5,18518.0,18511.25,18514.0,576
03/27/2024,07:30:00,18514.25,18523.5,18514.25,18522.25,728
03/27/2024,07:33:00,18522.0,18528.25,18518.75,18527.75,741
03/27/2024,07:36:00,18527.75,18535.25,18527.5,18533.5,791
03/27/2024,07:39:00,18533.75,18540.75,18533.25,18535.0,908
03/27/2024,07:42:00,18535.5,18537.0,18532.5,18535.5,529
03/27/2024,07:45:00,18535.5,18540.0,18533.5,18540.0,621
03/27/2024,07:48:00,18540.0,18542.75,18536.25,18542.0,721
03/27/2024,07:51:00,18542.25,18543.5,18539.25,18541.75,520
03/27/2024,07:54:00,18541.75,18548.0,18539.25,18548.0,924
03/27/2024,07:57:00,18547.75,18549.75,18545.0,18548.25,678
03/27/2024,08:00:00,18548.5,18554.75,18547.75,18551.5,1459
03/27/2024,08:03:00,18551.75,18553.75,18550.25,18553.5,576
03/27/2024,08:06:00,18553.25,18555.0,18547.25,18550.0,754
03/27/2024,08:09:00,18550.25,18552.5,18547.25,18548.5,472
03/27/2024,08:12:00,18549.0,18552.5,18548.0,18552.25,504
03/27/2024,08:15:00,18552.75,18556.0,18551.25,18556.0,713
03/27/2024,08:18:00,18555.75,18559.25,18553.5,18558.5,825
03/27/2024,08:21:00,18558.5,18561.75,18555.25,18561.25,975
03/27/2024,08:24:00,18561.0,18563.0,18555.25,18556.25,1112
03/27/2024,08:27:00,18556.25,18571.75,18556.0,18567.25,2713
03/27/2024,08:30:00,18566.5,18571.75,18533.0,18536.0,13380
03/27/2024,08:33:00,18536.0,18539.75,18514.0,18515.75,11287
03/27/2024,08:36:00,18515.75,18515.75,18491.0,18501.5,12299
03/27/2024,08:39:00,18501.5,18508.0,18487.25,18493.5,7959
03/27/2024,08:42:00,18493.75,18507.0,18486.0,18492.5,6069
03/27/2024,08:45:00,18492.5,18513.5,18491.75,18507.0,6411
03/27/2024,08:48:00,18507.25,18512.75,18500.0,18509.25,5510
03/27/2024,08:51:00,18509.25,18514.0,18480.25,18486.0,7233
03/27/2024,08:54:00,18485.5,18486.0,18448.5,18455.25,12487
03/27/2024,08:57:00,18455.75,18462.5,18446.0,18450.5,7313
03/27/2024,09:00:00,18450.75,18458.0,18394.25,18400.25,16454
03/27/2024,09:03:00,18400.0,18420.5,18387.25,18411.5,10978
03/27/2024,09:06:00,18411.25,18421.25,18403.0,18417.0,6927
03/27/2024,09:09:00,18417.0,18419.75,18392.0,18397.5,7243
03/27/2024,09:12:00,18397.75,18417.25,18378.5,18411.25,9432
03/27/2024,09:15:00,18411.5,18429.25,18409.75,18426.0,6757
03/27/2024,09:18:00,18425.5,18436.25,18418.0,18428.5,4702
03/27/2024,09:21:00,18428.25,18431.25,18411.75,18418.25,5847
03/27/2024,09:24:00,18418.5,18424.5,18405.25,18416.75,4472
03/27/2024,09:27:00,18417.0,18419.75,18402.75,18415.25,3804
03/27/2024,09:30:00,18415.0,18430.5,18405.25,18419.75,6059
03/27/2024,09:33:00,18419.25,18435.5,18416.0,18427.25,4413
03/27/2024,09:36:00,18427.25,18440.75,18424.0,18435.75,3512
03/27/2024,09:39:00,18435.0,18443.25,18431.75,18442.75,2917
03/27/2024,09:42:00,18442.75,18443.75,18418.25,18420.75,5643
03/27/2024,09:45:00,18420.75,18434.75,18420.25,18422.25,3451
03/27/2024,09:48:00,18422.0,18426.5,18403.0,18413.0,5039
03/27/2024,09:51:00,18412.75,18421.5,18408.0,18414.25,3698
03/27/2024,09:54:00,18414.0,18424.5,18412.5,18420.5,3178
03/27/2024,09:57:00,18420.5,18428.25,18414.25,18419.75,3209
03/27/2024,10:00:00,18420.0,18428.5,18407.75,18409.5,3596
03/27/2024,10:03:00,18409.75,18418.5,18404.75,18413.75,3082
03/27/2024,10:06:00,18413.75,18423.75,18409.25,18416.75,2457
03/27/2024,10:09:00,18417.25,18425.0,18405.0,18410.0,2530
03/27/2024,10:12:00,18410.25,18422.25,18406.0,18421.0,2555
03/27/2024,10:15:00,18420.75,18430.25,18413.0,18427.75,2693
03/27/2024,10:18:00,18428.0,18429.25,18414.5,18419.0,2625
03/27/2024,10:21:00,18419.0,18423.0,18411.5,18420.5,1935
03/27/2024,10:24:00,18420.5,18421.0,18407.25,18416.0,2566
03/27/2024,10:27:00,18415.25,18421.25,18400.0,18400.75,3069
03/27/2024,10:30:00,18401.25,18407.0,18390.75,18392.25,6603
03/27/2024,10:33:00,18392.25,18409.0,18390.75,18409.0,3187
03/27/2024,10:36:00,18409.0,18417.5,18407.5,18413.0,3226
03/27/2024,10:39:00,18413.0,18421.0,18408.0,18420.75,2344
03/27/2024,10:42:00,18420.75,18427.5,18417.0,18422.5,2813
03/27/2024,10:45:00,18423.25,18426.25,18410.25,18420.5,2771
03/27/2024,10:48:00,18420.5,18422.5,18410.5,18415.25,1958
03/27/2024,10:51:00,18415.0,18421.5,18407.0,18410.0,2052
03/27/2024,10:54:00,18409.75,18418.25,18406.25,18418.25,1837
03/27/2024,10:57:00,18417.75,18419.0,18395.0,18395.75,3213
03/27/2024,11:00:00,18396.0,18417.75,18392.0,18410.25,5016
03/27/2024,11:03:00,18410.25,18414.5,18406.25,18412.0,1671
03/27/2024,11:06:00,18411.75,18421.0,18411.75,18414.0,2092
03/27/2024,11:09:00,18413.5,18417.25,18408.5,18411.25,1293
03/27/2024,11:12:00,18411.5,18412.75,18404.5,18411.5,1421
03/27/2024,11:15:00,18411.25,18417.5,18405.25,18417.5,1870
03/27/2024,11:18:00,18417.0,18426.25,18416.0,18425.25,2344
03/27/2024,11:21:00,18425.0,18431.75,18423.75,18428.0,2275
03/27/2024,11:24:00,18427.75,18435.75,18426.5,18429.75,2257
03/27/2024,11:27:00,18429.75,18439.0,18429.0,18435.75,1881
03/27/2024,11:30:00,18436.0,18451.5,18433.75,18444.25,3881
03/27/2024,11:33:00,18444.25,18447.5,18436.75,18439.0,2040
03/27/2024,11:36:00,18438.75,18441.25,18434.0,18438.0,1527
03/27/2024,11:39:00,18438.0,18442.0,18436.0,18438.25,1687
03/27/2024,11:42:00,18438.25,18444.75,18432.25,18434.25,2549
03/27/2024,11:45:00,18434.5,18444.75,18434.5,18442.75,1834
03/27/2024,11:48:00,18443.0,18453.5,18442.5,18444.25,2936
03/27/2024,11:51:00,18444.5,18444.75,18434.75,18439.5,2010
03/27/2024,11:54:00,18439.25,18443.75,18433.75,18440.25,1713
03/27/2024,11:57:00,18440.75,18444.75,18439.5,18440.75,1320
03/27/2024,12:00:00,18441.0,18447.0,18431.5,18441.5,3383
03/27/2024,12:03:00,18441.25,18444.5,18427.75,18429.75,2350
03/27/2024,12:06:00,18429.5,18429.75,18416.25,18418.25,3222
03/27/2024,12:09:00,18418.75,18421.0,18407.25,18412.0,3462
03/27/2024,12:12:00,18412.25,18424.25,18409.75,18424.25,2670
03/27/2024,12:15:00,18424.25,18429.75,18419.5,18428.5,1768
03/27/2024,12:18:00,18428.5,18436.25,18427.5,18433.75,2147
03/27/2024,12:21:00,18433.75,18439.25,18427.75,18431.5,2195
03/27/2024,12:24:00,18431.25,18432.75,18426.75,18427.5,1126
03/27/2024,12:27:00,18427.25,18429.5,18422.25,18427.5,1895
03/27/2024,12:30:00,18427.5,18434.75,18425.5,18432.5,1515
03/27/2024,12:33:00,18432.75,18433.0,18422.75,18423.75,1521
03/27/2024,12:36:00,18424.0,18433.5,18424.0,18429.75,1202
03/27/2024,12:39:00,18429.25,18429.75,18423.25,18427.5,1168
03/27/2024,12:42:00,18427.0,18433.75,18421.75,18429.25,1654
03/27/2024,12:45:00,18429.5,18435.75,18428.25,18433.25,1490
03/27/2024,12:48:00,18433.5,18438.75,18429.75,18432.25,1396
03/27/2024,12:51:00,18432.25,18434.5,18426.5,18431.0,1288
03/27/2024,12:54:00,18430.5,18436.25,18426.5,18433.5,1335
03/27/2024,12:57:00,18433.5,18434.25,18428.5,18430.25,776
03/27/2024,13:00:00,18430.5,18436.5,18425.5,18427.25,2048
03/27/2024,13:03:00,18427.5,18429.25,18422.25,18425.25,1570
03/27/2024,13:06:00,18425.0,18425.5,18415.75,18420.5,2041
03/27/2024,13:09:00,18421.0,18424.75,18414.75,18422.25,1740
03/27/2024,13:12:00,18422.5,18431.5,18417.0,18431.0,1729
03/27/2024,13:15:00,18431.0,18445.0,18427.0,18444.0,2801
03/27/2024,13:18:00,18444.0,18447.0,18440.0,18444.25,2357
03/27/2024,13:21:00,18444.0,18452.75,18443.5,18452.5,2478
03/27/2024,13:24:00,18452.5,18461.5,18449.25,18455.75,2785
03/27/2024,13:27:00,18455.0,18458.5,18451.25,18454.75,1573
03/27/2024,13:30:00,18454.75,18460.5,18449.0,18450.75,2575
03/27/2024,13:33:00,18450.75,18451.25,18436.25,18438.0,3569
03/27/2024,13:36:00,18438.0,18440.75,18432.5,18434.0,2567
03/27/2024,13:39:00,18433.5,18437.0,18427.5,18436.25,2420
03/27/2024,13:42:00,18436.25,18437.0,18428.5,18435.0,1900
03/27/2024,13:45:00,18434.5,18439.25,18432.75,18435.5,1362
03/27/2024,13:48:00,18435.75,18436.25,18418.5,18422.5,3489
03/27/2024,13:51:00,18423.0,18425.75,18418.5,18424.0,1477
03/27/2024,13:54:00,18423.75,18424.5,18412.75,18416.0,2603
03/27/2024,13:57:00,18415.75,18423.5,18415.5,18419.5,2009
03/27/2024,14:00:00,18419.75,18426.25,18417.25,18419.5,2353
03/27/2024,14:03:00,18419.5,18429.5,18419.25,18426.75,1973
03/27/2024,14:06:00,18427.0,18433.5,18426.25,18426.5,2174
03/27/2024,14:09:00,18426.75,18428.5,18401.5,18403.5,5126
03/27/2024,14:12:00,18403.75,18416.75,18400.5,18413.75,3148
03/27/2024,14:15:00,18413.75,18415.0,18403.0,18406.25,2385
03/27/2024,14:18:00,18406.5,18408.0,18397.0,18404.75,3719
03/27/2024,14:21:00,18404.75,18415.75,18402.75,18414.25,2898
03/27/2024,14:24:00,18414.0,18422.5,18411.75,18413.75,3172
03/27/2024,14:27:00,18414.5,18443.75,18413.25,18436.25,5418
03/27/2024,14:30:00,18436.25,18441.5,18427.5,18441.5,3814
03/27/2024,14:33:00,18441.75,18444.75,18435.75,18442.75,3126
03/27/2024,14:36:00,18443.25,18470.0,18443.0,18468.5,5711
03/27/2024,14:39:00,18468.0,18490.0,18466.0,18486.0,7810
03/27/2024,14:42:00,18486.25,18495.5,18480.75,18493.0,5276
03/27/2024,14:45:00,18492.75,18500.25,18482.25,18486.5,8217
03/27/2024,14:48:00,18486.75,18497.5,18479.0,18495.5,5069
03/27/2024,14:51:00,18495.5,18498.75,18485.5,18489.0,5453
03/27/2024,14:54:00,18488.5,18502.5,18486.75,18496.0,7118
03/27/2024,14:57:00,18495.75,18507.75,18492.75,18506.75,12385
03/27/2024,15:00:00,18506.75,18519.25,18500.25,18517.0,7050
03/27/2024,15:03:00,18517.0,18523.0,18515.75,18519.5,3048
03/27/2024,15:06:00,18519.5,18525.0,18516.25,18521.0,1824
03/27/2024,15:09:00,18521.25,18524.75,18519.5,18524.25,867
03/27/2024,15:12:00,18524.5,18526.25,18515.25,18516.25,1148
03/27/2024,15:15:00,18516.5,18523.25,18515.5,18518.75,536
03/27/2024,15:18:00,18518.0,18518.5,18515.25,18516.0,296
03/27/2024,15:21:00,18516.0,18516.25,18513.0,18515.75,331
03/27/2024,15:24:00,18516.0,18516.75,18510.75,18512.75,385
03/27/2024,15:27:00,18513.25,18516.25,18511.25,18511.75,263
03/27/2024,15:30:00,18511.5,18516.5,18511.5,18515.75,279
03/27/2024,15:33:00,18515.5,18516.25,18512.5,18512.75,185
03/27/2024,15:36:00,18512.75,18513.5,18510.5,18510.5,213
03/27/2024,15:39:00,18510.25,18514.75,18509.75,18512.25,286
03/27/2024,15:42:00,18512.25,18514.0,18511.5,18512.25,289
03/27/2024,15:45:00,18512.25,18513.25,18510.75,18512.5,244
03/27/2024,15:48:00,18512.25,18514.5,18511.5,18513.0,187
03/27/2024,15:51:00,18513.0,18513.5,18507.5,18509.25,324
03/27/2024,15:54:00,18509.5,18509.5,18505.0,18508.25,449
03/27/2024,15:57:00,18508.0,18508.5,18504.5,18505.5,812
03/27/2024,17:00:00,18505.0,18505.25,18482.25,18496.5,1524
03/27/2024,17:03:00,18496.75,18497.0,18486.0,18486.5,609
03/27/2024,17:06:00,18486.25,18490.75,18478.25,18488.5,1058
03/27/2024,17:09:00,18488.75,18490.5,18484.0,18485.0,234
03/27/2024,17:12:00,18485.75,18487.75,18483.75,18484.75,128
03/27/2024,17:15:00,18485.5,18490.25,18485.25,18486.75,212
03/27/2024,17:18:00,18486.25,18489.5,18481.25,18482.25,173
03/27/2024,17:21:00,18482.75,18487.25,18482.75,18484.25,91
03/27/2024,17:24:00,18485.0,18489.0,18484.75,18487.75,116
03/27/2024,17:27:00,18488.75,18489.5,18486.0,18488.25,111
03/27/2024,17:30:00,18488.0,18496.0,18487.25,18490.5,420
03/27/2024,17:33:00,18490.25,18492.5,18488.0,18488.5,113
03/27/2024,17:36:00,18488.5,18489.5,18486.25,18486.25,93
03/27/2024,17:39:00,18486.5,18487.0,18484.0,18487.0,137
03/27/2024,17:42:00,18486.5,18487.25,18483.25,18483.25,108
03/27/2024,17:45:00,18484.0,18486.25,18479.5,18479.5,251
03/27/2024,17:48:00,18479.25,18482.75,18476.75,18480.0,204
03/27/2024,17:51:00,18479.25,18482.5,18479.0,18482.5,73
03/27/2024,17:54:00,18482.25,18482.5,18480.75,18481.25,39
03/27/2024,17:57:00,18481.25,18483.25,18479.0,18482.0,168
03/27/2024,18:00:00,18482.5,18487.75,18480.25,18485.5,348
03/27/2024,18:03:00,18484.25,18487.75,18482.0,18485.25,200
03/27/2024,18:06:00,18485.0,18486.25,18484.0,18485.75,84
03/27/2024,18:09:00,18485.25,18486.0,18481.25,18485.25,160
03/27/2024,18:12:00,18485.5,18488.0,18485.0,18486.0,151
03/27/2024,18:15:00,18486.25,18488.0,18485.25,18486.0,88
03/27/2024,18:18:00,18486.25,18487.75,18485.0,18487.5,112
03/27/2024,18:21:00,18487.5,18488.75,18486.75,18488.25,61
03/27/2024,18:24:00,18489.0,18492.75,18488.75,18492.25,179
03/27/2024,18:27:00,18492.5,18493.0,18490.0,18490.5,152
03/27/2024,18:30:00,18490.75,18491.0,18486.0,18486.0,120
03/27/2024,18:33:00,18486.0,18487.75,18485.75,18486.0,47
03/27/2024,18:36:00,18485.75,18486.25,18483.0,18485.5,110
03/27/2024,18:39:00,18484.75,18485.75,18484.0,18484.0,54
03/27/2024,18:42:00,18484.5,18485.25,18483.0,18484.5,48
03/27/2024,18:45:00,18484.5,18485.25,18482.75,18483.25,60
03/27/2024,18:48:00,18483.25,18483.5,18480.0,18480.75,143
03/27/2024,18:51:00,18480.25,18480.75,18474.75,18476.75,435
03/27/2024,18:54:00,18477.0,18480.75,18476.25,18478.75,155
03/27/2024,18:57:00,18478.75,18480.5,18478.75,18480.25,53
03/27/2024,19:00:00,18480.25,18484.75,18479.5,18484.0,203
03/27/2024,19:03:00,18483.75,18488.0,18482.75,18486.75,179
03/27/2024,19:06:00,18487.5,18490.0,18486.75,18489.5,336
03/27/2024,19:09:00,18489.0,18491.75,18488.5,18490.5,134
03/27/2024,19:12:00,18490.5,18495.5,18488.75,18495.0,268
03/27/2024,19:15:00,18494.5,18499.5,18493.5,18496.5,495
03/27/2024,19:18:00,18496.5,18496.5,18492.5,18492.75,215
03/27/2024,19:21:00,18492.5,18502.25,18490.25,18500.75,507
03/27/2024,19:24:00,18500.25,18501.75,18498.0,18500.5,152
03/27/2024,19:27:00,18500.75,18503.75,18499.75,18502.0,198
03/27/2024,19:30:00,18502.25,18503.5,18500.0,18501.5,234
03/27/2024,19:33:00,18501.0,18502.0,18498.0,18500.75,350
03/27/2024,19:36:00,18500.5,18501.0,18495.0,18496.75,216
03/27/2024,19:39:00,18497.5,18501.0,18497.0,18498.5,94
03/27/2024,19:42:00,18498.25,18498.75,18494.5,18497.25,152
03/27/2024,19:45:00,18497.5,18498.25,18495.75,18496.75,68
03/27/2024,19:48:00,18496.0,18497.5,18494.5,18496.5,124
03/27/2024,19:51:00,18497.0,18498.0,18496.0,18497.0,58
03/27/2024,19:54:00,18496.25,18500.25,18496.0,18499.75,147
03/27/2024,19:57:00,18499.5,18501.25,18497.75,18501.25,88
03/27/2024,20:00:00,18501.25,18505.25,18501.25,18503.0,545
03/27/2024,20:03:00,18501.75,18503.5,18493.0,18493.25,435
03/27/2024,20:06:00,18493.25,18497.25,18492.25,18493.25,268
03/27/2024,20:09:00,18492.5,18493.75,18490.5,18493.75,186
03/27/2024,20:12:00,18493.5,18495.5,18493.0,18494.75,82
03/27/2024,20:15:00,18494.75,18496.25,18494.0,18495.5,115
03/27/2024,20:18:00,18495.5,18495.75,18493.5,18494.0,89
03/27/2024,20:21:00,18494.5,18501.25,18494.0,18498.0,258
03/27/2024,20:24:00,18498.25,18499.0,18496.25,18496.25,156
03/27/2024,20:27:00,18496.25,18497.5,18489.25,18494.0,261
03/27/2024,20:30:00,18494.5,18496.5,18488.5,18489.75,238
03/27/2024,20:33:00,18490.0,18493.5,18489.0,18490.0,171
03/27/2024,20:36:00,18491.0,18491.25,18488.0,18488.75,132
03/27/2024,20:39:00,18488.5,18489.25,18485.25,18487.0,262
03/27/2024,20:42:00,18486.5,18488.0,18484.5,18488.0,156
03/27/2024,20:45:00,18488.25,18491.5,18486.75,18488.0,247
03/27/2024,20:48:00,18488.5,18492.5,18487.25,18490.75,176
03/27/2024,20:51:00,18491.25,18491.75,18489.0,18489.25,76
03/27/2024,20:54:00,18490.0,18490.75,18487.5,18487.75,69
03/27/2024,20:57:00,18487.5,18490.0,18485.5,18486.0,208
03/27/2024,21:00:00,18486.25,18488.75,18484.0,18487.75,214
03/27/2024,21:03:00,18487.25,18488.75,18486.75,18487.5,120
03/27/2024,21:06:00,18487.5,18490.75,18486.75,18488.5,78
03/27/2024,21:09:00,18488.25,18489.75,18486.5,18488.25,71
03/27/2024,21:12:00,18489.0,18491.75,18487.75,18491.75,75
03/27/2024,21:15:00,18491.5,18493.5,18490.5,18491.75,220
03/27/2024,21:18:00,18492.0,18494.5,18491.25,18493.75,120
03/27/2024,21:21:00,18493.5,18493.5,18487.0,18490.0,240
03/27/2024,21:24:00,18489.5,18491.25,18488.5,18490.0,79
03/27/2024,21:27:00,18490.0,18492.25,18489.25,18491.5,112
03/27/2024,21:30:00,18491.5,18491.75,18489.5,18489.75,53
03/27/2024,21:33:00,18490.0,18490.25,18485.75,18488.0,256
03/27/2024,21:36:00,18488.25,18488.75,18487.25,18488.0,63
03/27/2024,21:39:00,18487.25,18491.0,18486.25,18490.0,149
03/27/2024,21:42:00,18490.25,18491.0,18489.25,18490.0,67
03/27/2024,21:45:00,18489.75,18490.5,18488.25,18490.0,84
03/27/2024,21:48:00,18490.25,18490.25,18489.25,18489.75,25
03/27/2024,21:51:00,18490.5,18490.5,18488.25,18488.25,47
03/27/2024,21:54:00,18488.25,18490.25,18487.0,18487.0,89
03/27/2024,21:57:00,18487.5,18488.5,18486.5,18488.0,75
03/27/2024,22:00:00,18487.75,18492.75,18486.75,18491.5,156
03/27/2024,22:03:00,18492.0,18492.0,18488.75,18488.75,131
03/27/2024,22:06:00,18488.25,18491.75,18488.25,18490.5,104
03/27/2024,22:09:00,18491.25,18491.75,18489.5,18490.0,63
03/27/2024,22:12:00,18490.0,18491.25,18489.5,18490.25,59
03/27/2024,22:15:00,18490.25,18492.5,18490.25,18491.25,100
03/27/2024,22:18:00,18491.0,18492.5,18489.75,18491.75,37
03/27/2024,22:21:00,18492.25,18493.25,18491.75,18492.25,62
03/27/2024,22:24:00,18493.0,18495.5,18492.75,18495.25,83
03/27/2024,22:27:00,18495.5,18496.25,18493.75,18495.75,66
03/27/2024,22:30:00,18496.0,18497.75,18495.0,18497.25,139
03/27/2024,22:33:00,18497.75,18498.0,18494.5,18496.25,134
03/27/2024,22:36:00,18496.25,18498.0,18495.0,18496.75,59
03/27/2024,22:39:00,18496.5,18498.0,18495.75,18497.0,88
03/27/2024,22:42:00,18497.25,18497.25,18494.75,18495.5,56
03/27/2024,22:45:00,18495.0,18495.0,18491.75,18492.5,113
03/27/2024,22:48:00,18492.75,18494.0,18490.5,18492.75,92
03/27/2024,22:51:00,18492.75,18493.25,18490.5,18491.75,67
03/27/2024,22:54:00,18492.0,18493.0,18491.5,18491.75,32
03/27/2024,22:57:00,18492.5,18495.0,18492.25,18494.5,68
03/27/2024,23:00:00,18493.75,18494.5,18493.0,18494.25,50
03/27/2024,23:03:00,18494.25,18494.5,18492.5,18492.5,43
03/27/2024,23:06:00,18492.5,18496.0,18492.5,18495.5,80
03/27/2024,23:09:00,18496.25,18496.25,18494.75,18495.5,50
03/27/2024,23:12:00,18495.0,18495.75,18494.25,18495.5,27
03/27/2024,23:15:00,18494.75,18497.25,18494.0,18497.25,77
03/27/2024,23:18:00,18496.75,18499.75,18496.5,18499.25,113
03/27/2024,23:21:00,18499.0,18500.75,18498.0,18498.0,111
03/27/2024,23:24:00,18498.25,18499.5,18498.0,18498.5,31
03/27/2024,23:27:00,18498.75,18499.0,18497.5,18498.5,37
03/27/2024,23:30:00,18498.75,18499.25,18498.0,18499.0,35
03/27/2024,23:33:00,18499.0,18499.5,18497.5,18499.5,45
03/27/2024,23:36:00,18499.25,18499.75,18498.75,18499.5,71
03/27/2024,23:39:00,18499.5,18500.5,18498.5,18499.25,67
03/27/2024,23:42:00,18499.75,18502.25,18499.75,18502.0,78
03/27/2024,23:45:00,18502.25,18505.25,18501.25,18502.25,249
03/27/2024,23:48:00,18502.5,18503.5,18501.5,18502.25,54
03/27/2024,23:51:00,18501.75,18503.5,18500.75,18501.75,138
03/27/2024,23:54:00,18501.5,18502.0,18501.25,18501.5,11
03/27/2024,23:57:00,18501.5,18502.75,18501.0,18501.0,45
03/28/2024,00:00:00,18501.0,18504.0,18501.0,18502.75,76
03/28/2024,00:03:00,18502.25,18509.5,18502.25,18506.25,352
03/28/2024,00:06:00,18505.75,18508.25,18505.75,18506.75,75
03/28/2024,00:09:00,18507.0,18507.25,18502.75,18503.75,219
03/28/2024,00:12:00,18503.25,18503.25,18499.5,18501.0,111
03/28/2024,00:15:00,18501.0,18501.75,18499.25,18500.25,88
03/28/2024,00:18:00,18499.5,18500.0,18497.5,18498.0,96
03/28/2024,00:21:00,18497.5,18497.5,18494.75,18497.0,139
03/28/2024,00:24:00,18496.5,18497.0,18495.25,18496.5,52
03/28/2024,00:27:00,18496.75,18498.5,18495.75,18497.75,73
03/28/2024,00:30:00,18498.0,18501.0,18497.25,18499.25,112
03/28/2024,00:33:00,18499.5,18500.5,18497.0,18499.0,121
03/28/2024,00:36:00,18499.5,18502.75,18499.5,18502.25,65
03/28/2024,00:39:00,18502.0,18503.5,18499.0,18500.5,286
03/28/2024,00:42:00,18500.25,18505.25,18499.5,18504.0,102
03/28/2024,00:45:00,18504.25,18504.75,18500.75,18503.25,99
03/28/2024,00:48:00,18503.25,18505.75,18501.75,18505.25,116
03/28/2024,00:51:00,18505.25,18506.25,18501.75,18502.0,128
03/28/2024,00:54:00,18502.5,18505.25,18501.5,18504.5,59
03/28/2024,00:57:00,18505.25,18505.75,18502.5,18503.5,99
03/28/2024,01:00:00,18504.5,18504.5,18500.25,18500.5,154
03/28/2024,01:03:00,18500.75,18504.5,18500.25,18503.0,149
03/28/2024,01:06:00,18503.0,18503.75,18500.0,18501.25,93
03/28/2024,01:09:00,18501.0,18502.75,18498.5,18502.75,100
03/28/2024,01:12:00,18502.25,18503.25,18498.0,18499.0,106
03/28/2024,01:15:00,18498.75,18498.75,18495.5,18498.0,123
03/28/2024,01:18:00,18497.75,18501.0,18497.25,18500.25,84
03/28/2024,01:21:00,18501.0,18502.25,18497.0,18497.25,129
03/28/2024,01:24:00,18497.75,18498.75,18492.25,18493.75,184
03/28/2024,01:27:00,18494.25,18497.0,18493.0,18494.5,213
03/28/2024,01:30:00,18494.5,18495.0,18489.25,18490.0,283
03/28/2024,01:33:00,18489.75,18490.0,18487.25,18489.0,232
03/28/2024,01:36:00,18488.75,18491.0,18487.75,18491.0,218
03/28/2024,01:39:00,18490.75,18490.75,18488.5,18489.25,61
03/28/2024,01:42:00,18489.0,18490.75,18488.75,18489.75,61
03/28/2024,01:45:00,18489.5,18492.25,18489.5,18492.0,65
03/28/2024,01:48:00,18491.5,18492.75,18490.75,18491.25,69
03/28/2024,01:51:00,18491.0,18495.5,18490.75,18495.0,89
03/28/2024,01:54:00,18495.5,18495.5,18494.25,18494.75,47
03/28/2024,01:57:00,18494.5,18497.0,18494.0,18495.75,106
03/28/2024,02:00:00,18495.25,18497.0,18488.0,18490.75,269
03/28/2024,02:03:00,18490.75,18491.5,18489.75,18490.0,122
03/28/2024,02:06:00,18489.75,18489.75,18482.75,18486.5,431
03/28/2024,02:09:00,18486.25,18490.25,18484.25,18486.0,210
03/28/2024,02:12:00,18486.5,18489.0,18485.5,18488.5,151
03/28/2024,02:15:00,18488.75,18491.75,18486.0,18490.25,234
03/28/2024,02:18:00,18490.0,18491.75,18486.25,18489.75,165
03/28/2024,02:21:00,18489.25,18489.25,18486.75,18487.75,101
03/28/2024,02:24:00,18487.0,18490.0,18486.75,18488.75,113
03/28/2024,02:27:00,18488.25,18491.5,18486.0,18490.0,136
03/28/2024,02:30:00,18490.25,18491.75,18488.75,18491.0,131
03/28/2024,02:33:00,18491.5,18493.5,18489.5,18493.5,140
03/28/2024,02:36:00,18493.25,18499.75,18493.25,18498.25,340
03/28/2024,02:39:00,18497.75,18501.75,18496.75,18498.75,283
03/28/2024,02:42:00,18498.75,18508.0,18498.5,18508.0,487
03/28/2024,02:45:00,18507.5,18509.5,18501.0,18501.25,535
03/28/2024,02:48:00,18501.0,18505.0,18500.75,18503.5,150
03/28/2024,02:51:00,18503.5,18503.75,18501.5,18502.75,119
03/28/2024,02:54:00,18502.5,18504.0,18500.75,18503.75,119
03/28/2024,02:57:00,18503.75,18507.5,18502.5,18505.0,239
03/28/2024,03:00:00,18505.5,18514.75,18505.0,18509.5,901
03/28/2024,03:03:00,18509.75,18510.0,18489.5,18492.0,912
03/28/2024,03:06:00,18492.0,18497.5,18489.5,18489.5,501
03/28/2024,03:09:00,18489.5,18497.0,18489.5,18493.5,466
03/28/2024,03:12:00,18494.25,18498.5,18493.0,18496.0,286
03/28/2024,03:15:00,18496.0,18497.75,18489.75,18490.75,234
03/28/2024,03:18:00,18491.0,18492.5,18489.0,18490.75,324
03/28/2024,03:21:00,18491.0,18493.25,18488.5,18490.75,265
03/28/2024,03:24:00,18490.75,18492.75,18489.25,18489.75,231
03/28/2024,03:27:00,18490.0,18500.5,18490.0,18496.25,338
03/28/2024,03:30:00,18496.75,18499.25,18493.75,18494.5,224
03/28/2024,03:33:00,18494.0,18494.0,18486.75,18492.0,489
03/28/2024,03:36:00,18491.75,18496.75,18490.5,18495.0,321
03/28/2024,03:39:00,18495.5,18498.75,18495.5,18498.5,244
03/28/2024,03:42:00,18498.25,18499.25,18496.0,18496.25,203
03/28/2024,03:45:00,18496.0,18498.0,18489.75,18490.5,377
03/28/2024,03:48:00,18490.25,18492.25,18489.5,18489.5,171
03/28/2024,03:51:00,18489.75,18492.0,18489.0,18490.5,161
03/28/2024,03:54:00,18490.0,18490.75,18484.0,18485.0,319
03/28/2024,03:57:00,18485.0,18485.25,18478.5,18482.0,606
03/28/2024,04:00:00,18481.5,18486.5,18481.0,18484.75,341
03/28/2024,04:03:00,18484.75,18485.5,18481.75,18484.0,171
03/28/2024,04:06:00,18484.25,18493.0,18484.25,18486.75,402
03/28/2024,04:09:00,18487.5,18491.75,18486.75,18491.0,159
03/28/2024,04:12:00,18491.0,18491.25,18484.75,18486.0,172
03/28/2024,04:15:00,18485.0,18486.0,18474.25,18475.5,684
03/28/2024,04:18:00,18475.25,18477.5,18468.25,18469.25,774
03/28/2024,04:21:00,18468.5,18470.25,18466.5,18470.0,406
03/28/2024,04:24:00,18469.5,18471.0,18466.5,18470.25,312
03/28/2024,04:27:00,18470.25,18470.75,18464.0,18464.25,405
03/28/2024,04:30:00,18464.5,18466.5,18460.5,18463.25,777
03/28/2024,04:33:00,18462.75,18467.25,18459.25,18467.0,596
03/28/2024,04:36:00,18467.25,18473.0,18467.0,18472.75,365
03/28/2024,04:39:00,18472.25,18472.5,18466.0,18467.0,276
03/28/2024,04:42:00,18466.75,18468.0,18462.0,18467.75,351
03/28/2024,04:45:00,18467.75,18470.75,18465.0,18469.75,311
03/28/2024,04:48:00,18470.0,18471.0,18468.25,18469.75,141
03/28/2024,04:51:00,18470.25,18472.25,18470.25,18472.25,118
03/28/2024,04:54:00,18472.75,18477.5,18472.25,18477.25,356
03/28/2024,04:57:00,18477.0,18480.75,18476.75,18479.0,300
03/28/2024,05:00:00,18479.0,18484.5,18478.25,18483.25,361
03/28/2024,05:03:00,18483.0,18486.75,18482.5,18486.75,328
03/28/2024,05:06:00,18486.5,18488.0,18483.25,18485.5,221
03/28/2024,05:09:00,18485.25,18488.5,18484.75,18487.5,210
03/28/2024,05:12:00,18487.25,18494.0,18487.25,18491.0,345
03/28/2024,05:15:00,18490.75,18493.25,18488.25,18490.0,241
03/28/2024,05:18:00,18490.0,18493.25,18487.5,18489.25,301
03/28/2024,05:21:00,18490.0,18491.0,18485.0,18489.75,249
03/28/2024,05:24:00,18490.25,18499.0,18488.5,18498.75,463
03/28/2024,05:27:00,18499.0,18502.25,18498.0,18502.0,398
03/28/2024,05:30:00,18502.0,18506.5,18499.25,18504.75,434
03/28/2024,05:33:00,18505.0,18506.5,18497.75,18497.75,396
03/28/2024,05:36:00,18497.5,18498.75,18494.25,18495.75,308
03/28/2024,05:39:00,18495.25,18497.25,18490.25,18494.5,376
03/28/2024,05:42:00,18494.0,18497.5,18492.5,18493.0,184
03/28/2024,05:45:00,18493.25,18494.5,18490.75,18492.5,237
03/28/2024,05:48:00,18492.75,18500.75,18492.5,18500.75,433
03/28/2024,05:51:00,18500.0,18502.0,18494.25,18500.75,425
03/28/2024,05:54:00,18500.5,18501.75,18494.0,18496.75,341
03/28/2024,05:57:00,18496.25,18497.25,18487.0,18488.75,421
03/28/2024,06:00:00,18488.5,18497.0,18488.0,18496.25,433
03/28/2024,06:03:00,18496.75,18501.25,18496.0,18499.0,316
03/28/2024,06:06:00,18499.25,18502.75,18498.5,18499.75,233
03/28/2024,06:09:00,18499.75,18501.25,18498.5,18499.0,172
03/28/2024,06:12:00,18499.0,18499.25,18491.0,18493.25,330
03/28/2024,06:15:00,18493.5,18496.0,18489.75,18492.0,257
03/28/2024,06:18:00,18492.5,18494.0,18488.0,18493.0,233
03/28/2024,06:21:00,18493.0,18498.5,18492.5,18497.0,335
03/28/2024,06:24:00,18497.0,18499.5,18496.75,18497.5,193
03/28/2024,06:27:00,18497.25,18497.5,18493.5,18493.75,221
03/28/2024,06:30:00,18494.5,18494.5,18479.0,18481.25,773
03/28/2024,06:33:00,18481.0,18482.5,18476.75,18478.5,523
03/28/2024,06:36:00,18479.0,18481.0,18475.0,18480.5,416
03/28/2024,06:39:00,18480.75,18483.5,18477.5,18479.75,361
03/28/2024,06:42:00,18480.0,18481.5,18478.0,18479.75,158
03/28/2024,06:45:00,18480.0,18482.25,18474.5,18481.0,498
03/28/2024,06:48:00,18481.5,18483.75,18478.5,18481.75,223
03/28/2024,06:51:00,18481.0,18488.25,18480.5,18484.75,290
03/28/2024,06:54:00,18484.75,18491.25,18484.5,18489.75,392
03/28/2024,06:57:00,18490.0,18492.75,18485.25,18491.25,278
03/28/2024,07:00:00,18491.75,18502.0,18489.5,18501.0,716
03/28/2024,07:03:00,18501.75,18506.25,18500.5,18504.25,527
03/28/2024,07:06:00,18503.75,18504.0,18497.75,18502.75,567
03/28/2024,07:09:00,18502.75,18502.75,18496.75,18497.5,316
03/28/2024,07:12:00,18497.0,18500.75,18493.75,18500.0,403
03/28/2024,07:15:00,18499.5,18500.0,18492.25,18498.0,365
03/28/2024,07:18:00,18498.75,18499.0,18493.5,18497.5,248
03/28/2024,07:21:00,18497.0,18501.75,18496.25,18501.0,255
03/28/2024,07:24:00,18500.75,18501.75,18498.0,18501.0,214
03/28/2024,07:27:00,18501.75,18501.75,18494.0,18500.5,369
03/28/2024,07:30:00,18500.0,18527.75,18494.0,18506.5,4354
03/28/2024,07:33:00,18505.75,18510.0,18487.0,18497.75,2768
03/28/2024,07:36:00,18497.25,18497.25,18483.0,18494.5,1939
03/28/2024,07:39:00,18494.5,18496.0,18487.25,18488.75,823
03/28/2024,07:42:00,18488.5,18489.25,18479.75,18482.75,1356
03/28/2024,07:45:00,18483.0,18487.25,18474.0,18479.5,1390
03/28/2024,07:48:00,18479.75,18488.25,18477.5,18483.0,997
03/28/2024,07:51:00,18482.5,18495.25,18482.0,18491.0,1133
03/28/2024,07:54:00,18491.0,18493.75,18483.25,18492.75,790
03/28/2024,07:57:00,18492.75,18500.75,18491.5,18499.25,1047
03/28/2024,08:00:00,18499.25,18507.0,18498.25,18502.0,1589
03/28/2024,08:03:00,18502.0,18508.0,18501.5,18505.75,994
03/28/2024,08:06:00,18505.5,18507.5,18496.0,18498.25,988
03/28/2024,08:09:00,18498.0,18504.25,18497.75,18499.25,726
03/28/2024,08:12:00,18499.25,18507.75,18498.5,18507.75,745
03/28/2024,08:15:00,18507.75,18512.0,18505.75,18507.0,1321
03/28/2024,08:18:00,18506.25,18506.5,18500.25,18501.25,637
03/28/2024,08:21:00,18501.0,18504.75,18499.5,18500.25,534
03/28/2024,08:24:00,18500.0,18508.0,18497.5,18502.0,1447
03/28/2024,08:27:00,18502.0,18506.25,18495.25,18500.25,2329
03/28/2024,08:30:00,18500.0,18504.5,18457.25,18467.25,14273
03/28/2024,08:33:00,18467.5,18482.75,18460.75,18481.0,7628
03/28/2024,08:36:00,18481.25,18501.75,18473.5,18497.75,7729
03/28/2024,08:39:00,18498.5,18509.5,18487.0,18502.25,6459
03/28/2024,08:42:00,18502.5,18509.0,18497.25,18505.75,3963
03/28/2024,08:45:00,18506.25,18523.5,18499.75,18521.5,9029
03/28/2024,08:48:00,18521.25,18529.75,18507.75,18526.25,6461
03/28/2024,08:51:00,18527.0,18532.75,18523.5,18528.0,5915
03/28/2024,08:54:00,18528.5,18537.0,18524.25,18526.0,4731
03/28/2024,08:57:00,18526.0,18527.5,18510.5,18513.0,3970
03/28/2024,09:00:00,18514.0,18536.25,18513.25,18525.75,6041
03/28/2024,09:03:00,18525.75,18538.75,18517.75,18519.25,4470
03/28/2024,09:06:00,18519.25,18522.75,18501.0,18505.25,4985
03/28/2024,09:09:00,18504.5,18506.25,18492.25,18495.0,5043
03/28/2024,09:12:00,18495.0,18501.75,18480.25,18491.0,5920
03/28/2024,09:15:00,18491.0,18495.5,18478.5,18492.0,4825
03/28/2024,09:18:00,18491.75,18498.5,18486.75,18491.0,3333
03/28/2024,09:21:00,18490.75,18496.75,18476.5,18479.75,4811
03/28/2024,09:24:00,18479.75,18493.5,18479.25,18488.0,2550
03/28/2024,09:27:00,18487.75,18498.25,18484.25,18490.25,3065
03/28/2024,09:30:00,18490.5,18497.75,18484.5,18489.5,3174
03/28/2024,09:33:00,18489.75,18508.0,18489.25,18506.0,3822
03/28/2024,09:36:00,18506.0,18515.25,18500.5,18505.25,3918
03/28/2024,09:39:00,18505.25,18508.75,18491.5,18497.75,3000
03/28/2024,09:42:00,18498.0,18514.75,18496.5,18512.0,3245
03/28/2024,09:45:00,18512.5,18514.5,18500.25,18507.0,3693
03/28/2024,09:48:00,18506.5,18516.0,18505.25,18512.0,3093
03/28/2024,09:51:00,18512.5,18516.5,18498.0,18500.5,2888
03/28/2024,09:54:00,18500.75,18510.75,18500.25,18506.75,2027
03/28/2024,09:57:00,18507.0,18508.25,18499.0,18505.75,1716
03/28/2024,10:00:00,18506.0,18510.5,18502.0,18502.75,2087
03/28/2024,10:03:00,18503.25,18515.75,18494.75,18513.75,3404
03/28/2024,10:06:00,18514.5,18516.75,18488.75,18494.5,4327
03/28/2024,10:09:00,18494.25,18500.25,18491.0,18491.5,2120
03/28/2024,10:12:00,18491.0,18501.25,18488.5,18499.75,2484
03/28/2024,10:15:00,18500.0,18507.75,18495.25,18507.0,2898
03/28/2024,10:18:00,18507.0,18509.75,18501.75,18505.0,1934
03/28/2024,10:21:00,18504.75,18511.0,18500.0,18509.0,1893
03/28/2024,10:24:00,18509.5,18512.5,18507.0,18508.25,1633
03/28/2024,10:27:00,18508.0,18512.25,18502.25,18510.0,1805
03/28/2024,10:30:00,18510.0,18518.5,18510.0,18510.75,2592
03/28/2024,10:33:00,18511.25,18511.5,18499.25,18500.5,3198
03/28/2024,10:36:00,18501.0,18504.75,18496.0,18498.25,2141
03/28/2024,10:39:00,18498.5,18499.5,18491.25,18499.0,2397
03/28/2024,10:42:00,18499.0,18500.5,18489.75,18490.25,1798
03/28/2024,10:45:00,18490.0,18497.5,18488.0,18495.5,2114
03/28/2024,10:48:00,18495.5,18511.5,18494.0,18508.25,3905
03/28/2024,10:51:00,18508.25,18513.0,18507.0,18511.25,2054
03/28/2024,10:54:00,18511.25,18516.5,18510.25,18511.25,2335
03/28/2024,10:57:00,18510.75,18519.0,18509.5,18516.5,2389
03/28/2024,11:00:00,18516.75,18518.0,18506.75,18508.0,2067
03/28/2024,11:03:00,18508.5,18509.0,18494.0,18496.25,2239
03/28/2024,11:06:00,18497.0,18498.5,18479.75,18487.25,4905
03/28/2024,11:09:00,18487.75,18492.75,18486.5,18489.75,2552
03/28/2024,11:12:00,18489.75,18493.0,18484.5,18487.5,1819
03/28/2024,11:15:00,18487.75,18492.5,18481.5,18490.75,2304
03/28/2024,11:18:00,18490.75,18490.75,18480.5,18486.75,1771
03/28/2024,11:21:00,18486.25,18487.0,18472.25,18475.75,2776
03/28/2024,11:24:00,18476.25,18487.75,18473.5,18484.75,2793
03/28/2024,11:27:00,18485.25,18494.25,18484.5,18493.25,2116
03/28/2024,11:30:00,18493.25,18494.5,18476.75,18482.0,2692
03/28/2024,11:33:00,18482.25,18487.0,18480.0,18480.75,1629
03/28/2024,11:36:00,18481.5,18489.75,18480.0,18482.0,2170
03/28/2024,11:39:00,18481.75,18485.5,18475.75,18481.75,1665
03/28/2024,11:42:00,18481.5,18486.75,18477.75,18478.75,1299
03/28/2024,11:45:00,18479.0,18486.75,18475.25,18485.25,2197
03/28/2024,11:48:00,18485.5,18486.0,18475.25,18482.75,2311
03/28/2024,11:51:00,18483.0,18486.25,18477.5,18481.0,1522
03/28/2024,11:54:00,18481.25,18485.0,18475.75,18478.5,2013
03/28/2024,11:57:00,18479.25,18482.5,18472.75,18482.25,2172
03/28/2024,12:00:00,18482.25,18482.5,18463.5,18470.25,3204
03/28/2024,12:03:00,18470.25,18480.0,18469.0,18480.0,1962
03/28/2024,12:06:00,18479.75,18482.25,18476.5,18481.0,1452
03/28/2024,12:09:00,18481.25,18483.5,18462.75,18464.0,2381
03/28/2024,12:12:00,18463.75,18468.0,18458.75,18465.5,2561
03/28/2024,12:15:00,18465.25,18469.25,18456.25,18456.75,2362
03/28/2024,12:18:00,18456.75,18470.0,18454.0,18465.5,2429
03/28/2024,12:21:00,18465.5,18465.75,18458.0,18464.0,1550
03/28/2024,12:24:00,18464.25,18467.25,18461.0,18465.0,974
03/28/2024,12:27:00,18464.5,18468.0,18458.5,18464.0,1050
03/28/2024,12:30:00,18464.5,18465.25,18457.75,18462.5,1306
03/28/2024,12:33:00,18462.5,18464.5,18457.0,18458.0,1161
03/28/2024,12:36:00,18458.0,18471.25,18457.25,18471.0,1802
03/28/2024,12:39:00,18470.5,18474.75,18467.75,18469.0,1943
03/28/2024,12:42:00,18468.75,18473.5,18465.0,18472.25,1735
03/28/2024,12:45:00,18472.25,18480.75,18468.25,18475.75,2289
03/28/2024,12:48:00,18475.75,18479.75,18474.25,18476.5,1041
03/28/2024,12:51:00,18476.5,18480.75,18469.25,18469.75,1734
03/28/2024,12:54:00,18470.0,18473.5,18465.0,18473.0,1520
03/28/2024,12:57:00,18472.75,18474.75,18467.5,18469.5,1154
03/28/2024,13:00:00,18469.25,18469.75,18448.75,18456.75,4228
03/28/2024,13:03:00,18456.75,18467.25,18455.0,18466.25,2128
03/28/2024,13:06:00,18466.25,18477.5,18465.75,18474.25,2396
03/28/2024,13:09:00,18474.0,18475.75,18469.25,18475.5,1554
03/28/2024,13:12:00,18475.75,18478.5,18473.75,18475.25,1315
03/28/2024,13:15:00,18475.5,18478.75,18468.5,18471.5,1606
03/28/2024,13:18:00,18471.5,18473.75,18464.75,18473.0,1800
03/28/2024,13:21:00,18473.0,18475.0,18466.75,18467.75,1022
03/28/2024,13:24:00,18467.75,18472.0,18465.25,18467.75,996
03/28/2024,13:27:00,18468.0,18475.25,18467.5,18473.5,1147
03/28/2024,13:30:00,18474.0,18477.0,18470.5,18474.25,1320
03/28/2024,13:33:00,18474.0,18475.25,18468.0,18472.0,1121
03/28/2024,13:36:00,18472.0,18473.0,18466.75,18468.25,1483
03/28/2024,13:39:00,18468.75,18471.0,18459.5,18462.0,2134
03/28/2024,13:42:00,18462.0,18462.5,18449.25,18455.25,3015
03/28/2024,13:45:00,18455.75,18469.25,18451.25,18467.5,2847
03/28/2024,13:48:00,18467.75,18475.0,18467.0,18471.25,2186
03/28/2024,13:51:00,18471.0,18478.5,18469.25,18477.75,1648
03/28/2024,13:54:00,18477.5,18491.0,18475.75,18490.25,3048
03/28/2024,13:57:00,18490.0,18506.25,18488.0,18498.75,5027
03/28/2024,14:00:00,18498.75,18510.75,18498.5,18504.5,4503
03/28/2024,14:03:00,18504.75,18506.5,18481.75,18486.0,4146
03/28/2024,14:06:00,18486.0,18487.75,18473.75,18485.25,3161
03/28/2024,14:09:00,18485.75,18500.0,18484.25,18487.75,3440
03/28/2024,14:12:00,18487.5,18498.25,18486.75,18490.25,2147
03/28/2024,14:15:00,18490.5,18499.75,18488.25,18496.75,1606
03/28/2024,14:18:00,18496.75,18503.0,18496.25,18499.0,1642
03/28/2024,14:21:00,18499.5,18500.5,18493.5,18494.25,1567
03/28/2024,14:24:00,18494.5,18508.25,18494.25,18507.75,2720
03/28/2024,14:27:00,18507.5,18509.5,18495.5,18500.0,2625
03/28/2024,14:30:00,18500.25,18508.0,18489.0,18496.5,4634
03/28/2024,14:33:00,18496.25,18502.75,18488.25,18493.25,2660
03/28/2024,14:36:00,18493.5,18497.25,18478.5,18481.0,3371
03/28/2024,14:39:00,18481.5,18494.5,18481.25,18489.25,2672
03/28/2024,14:42:00,18489.5,18492.5,18480.25,18491.25,2957
03/28/2024,14:45:00,18491.25,18493.25,18479.5,18481.5,2638
03/28/2024,14:48:00,18481.75,18488.5,18473.0,18478.75,4433
03/28/2024,14:51:00,18478.25,18494.75,18477.75,18481.5,4341
03/28/2024,14:54:00,18481.75,18493.0,18475.75,18488.5,6152
03/28/2024,14:57:00,18488.25,18496.5,18457.75,18463.0,15077
03/28/2024,15:00:00,18462.5,18471.75,18447.5,18464.25,9574
03/28/2024,15:03:00,18464.0,18467.75,18458.5,18465.0,2081
03/28/2024,15:06:00,18464.75,18468.75,18463.5,18468.0,955
03/28/2024,15:09:00,18468.0,18475.25,18467.75,18473.0,1074
03/28/2024,15:12:00,18472.75,18472.75,18466.5,18467.25,690
03/28/2024,15:15:00,18467.25,18476.25,18466.25,18467.5,495
03/28/2024,15:18:00,18467.5,18469.75,18464.0,18468.25,382
03/28/2024,15:21:00,18468.0,18468.0,18464.5,18465.25,204
03/28/2024,15:24:00,18465.75,18467.5,18464.75,18464.75,112
03/28/2024,15:27:00,18465.5,18465.5,18460.25,18461.0,355
03/28/2024,15:30:00,18460.75,18466.0,18460.0,18461.0,378
03/28/2024,15:33:00,18461.0,18463.25,18460.5,18460.75,197
03/28/2024,15:36:00,18460.75,18461.25,18456.75,18458.0,249
03/28/2024,15:39:00,18458.0,18459.5,18454.75,18458.25,367
03/28/2024,15:42:00,18458.5,18459.0,18455.25,18458.25,335
03/28/2024,15:45:00,18458.75,18461.0,18457.75,18458.25,377
03/28/2024,15:48:00,18458.0,18461.0,18457.0,18460.75,363
03/28/2024,15:51:00,18460.5,18462.25,18458.75,18461.75,214
03/28/2024,15:54:00,18462.0,18463.0,18460.0,18461.0,212
03/28/2024,15:57:00,18461.0,18465.75,18460.25,18465.0,462
03/31/2024,17:00:00,18503.0,18549.75,18500.5,18537.0,2163
03/31/2024,17:03:00,18537.75,18567.25,18535.75,18566.5,1515
03/31/2024,17:06:00,18567.0,18578.25,18564.5,18577.75,987
03/31/2024,17:09:00,18578.5,18585.25,18576.25,18582.0,687
03/31/2024,17:12:00,18581.75,18586.25,18576.25,18583.75,728
03/31/2024,17:15:00,18583.5,18585.25,18575.75,18575.75,422
03/31/2024,17:18:00,18575.5,18577.75,18568.25,18570.25,640
03/31/2024,17:21:00,18570.0,18575.75,18568.5,18569.5,526
03/31/2024,17:24:00,18569.5,18571.75,18566.75,18568.25,346
03/31/2024,17:27:00,18568.75,18572.0,18568.75,18570.0,146
03/31/2024,17:30:00,18571.0,18574.5,18569.75,18571.75,222
03/31/2024,17:33:00,18571.75,18571.75,18567.0,18570.25,251
03/31/2024,17:36:00,18570.5,18572.25,18568.75,18569.25,134
03/31/2024,17:39:00,18569.75,18570.25,18566.25,18566.25,158
03/31/2024,17:42:00,18567.0,18573.0,18564.25,18572.5,296
03/31/2024,17:45:00,18572.75,18573.25,18568.5,18571.0,161
03/31/2024,17:48:00,18570.75,18572.5,18569.75,18570.25,91
03/31/2024,17:51:00,18570.75,18573.0,18569.25,18571.0,103
03/31/2024,17:54:00,18571.5,18572.75,18569.0,18572.0,98
03/31/2024,17:57:00,18572.0,18574.25,18570.75,18572.0,168
03/31/2024,18:00:00,18571.75,18577.25,18571.25,18574.0,405
03/31/2024,18:03:00,18574.5,18575.5,18571.5,18574.0,114
03/31/2024,18:06:00,18574.0,18581.25,18574.0,18580.75,348
03/31/2024,18:09:00,18581.0,18581.25,18578.0,18579.0,176
03/31/2024,18:12:00,18579.5,18579.75,18577.5,18578.0,106
03/31/2024,18:15:00,18578.0,18578.5,18576.0,18577.0,115
03/31/2024,18:18:00,18577.25,18579.25,18577.25,18578.75,73
03/31/2024,18:21:00,18578.5,18584.25,18578.0,18582.0,292
03/31/2024,18:24:00,18582.0,18589.5,18581.5,18588.5,511
03/31/2024,18:27:00,18588.0,18597.25,18586.5,18596.0,879
03/31/2024,18:30:00,18595.75,18600.0,18595.25,18599.5,470
03/31/2024,18:33:00,18599.5,18605.0,18598.0,18603.0,728
03/31/2024,18:36:00,18602.25,18608.5,18601.25,18606.25,425
03/31/2024,18:39:00,18606.5,18607.75,18603.0,18604.5,383
03/31/2024,18:42:00,18604.0,18610.0,18602.75,18607.25,362
03/31/2024,18:45:00,18607.5,18612.0,18604.75,18605.0,352
03/31/2024,18:48:00,18605.5,18607.75,18603.0,18603.75,230
03/31/2024,18:51:00,18604.0,18607.0,18603.75,18604.5,157
03/31/2024,18:54:00,18604.5,18607.5,18603.25,18607.5,233
03/31/2024,18:57:00,18607.25,18609.75,18605.75,18608.5,228
03/31/2024,19:00:00,18608.75,18610.25,18604.0,18605.5,489
03/31/2024,19:03:00,18606.0,18611.0,18605.75,18608.0,378
03/31/2024,19:06:00,18608.0,18608.25,18605.0,18607.25,166
03/31/2024,19:09:00,18607.0,18607.0,18600.25,18600.75,472
03/31/2024,19:12:00,18600.25,18600.75,18591.5,18593.5,534
03/31/2024,19:15:00,18593.0,18596.25,18589.75,18594.0,530
03/31/2024,19:18:00,18594.0,18595.0,18590.5,18591.0,275
03/31/2024,19:21:00,18591.5,18596.25,18590.25,18594.25,356
03/31/2024,19:24:00,18595.0,18597.75,18593.5,18597.25,313
03/31/2024,19:27:00,18596.75,18599.25,18595.25,18596.0,164
03/31/2024,19:30:00,18596.0,18597.5,18595.5,18596.5,89
03/31/2024,19:33:00,18596.75,18598.5,18593.75,18594.0,146
03/31/2024,19:36:00,18594.0,18597.0,18593.5,18595.0,147
03/31/2024,19:39:00,18595.25,18602.0,18594.5,18601.75,413
03/31/2024,19:42:00,18601.25,18604.0,18601.0,18601.0,217
03/31/2024,19:45:00,18601.5,18602.75,18600.25,18600.75,135
03/31/2024,19:48:00,18600.75,18602.25,18598.25,18600.75,194
03/31/2024,19:51:00,18600.75,18601.5,18597.5,18598.0,217
03/31/2024,19:54:00,18598.0,18601.5,18598.0,18599.5,150
03/31/2024,19:57:00,18599.5,18599.75,18593.0,18594.0,241
03/31/2024,20:00:00,18595.5,18596.5,18591.5,18591.5,210
03/31/2024,20:03:00,18591.75,18596.75,18591.0,18595.25,161
03/31/2024,20:06:00,18594.25,18596.0,18593.75,18594.5,121
03/31/2024,20:09:00,18594.0,18595.25,18593.0,18594.25,106
03/31/2024,20:12:00,18594.5,18594.75,18590.0,18593.75,315
03/31/2024,20:15:00,18593.5,18594.25,18591.5,18594.0,140
03/31/2024,20:18:00,18593.75,18594.25,18589.5,18590.75,355
03/31/2024,20:21:00,18590.5,18593.75,18590.25,18593.25,142
03/31/2024,20:24:00,18592.75,18594.75,18590.0,18590.25,195
03/31/2024,20:27:00,18590.75,18592.25,18589.75,18591.0,114
03/31/2024,20:30:00,18591.0,18594.75,18591.0,18594.75,146
03/31/2024,20:33:00,18594.75,18594.75,18586.0,18586.5,389
03/31/2024,20:36:00,18585.75,18588.75,18584.25,18586.0,225
03/31/2024,20:39:00,18586.75,18589.0,18586.25,18588.25,122
03/31/2024,20:42:00,18588.0,18588.0,18585.0,18586.25,201
03/31/2024,20:45:00,18586.0,18588.5,18584.75,18588.0,172
03/31/2024,20:48:00,18588.0,18588.75,18585.0,18586.5,187
03/31/2024,20:51:00,18586.25,18587.25,18584.5,18585.25,183
03/31/2024,20:54:00,18585.0,18587.0,18585.0,18585.75,185
03/31/2024,20:57:00,18585.5,18586.5,18584.25,18585.5,168
03/31/2024,21:00:00,18586.0,18587.0,18583.25,18584.5,249
03/31/2024,21:03:00,18584.5,18584.75,18577.75,18580.25,388
03/31/2024,21:06:00,18580.25,18580.75,18576.5,18578.25,250
03/31/2024,21:09:00,18578.25,18584.0,18577.75,18583.5,307
03/31/2024,21:12:00,18583.25,18584.0,18581.25,18583.25,94
03/31/2024,21:15:00,18582.5,18582.75,18579.0,18579.25,133
03/31/2024,21:18:00,18579.75,18580.75,18577.75,18579.5,132
03/31/2024,21:21:00,18579.5,18582.0,18579.5,18581.0,88
03/31/2024,21:24:00,18580.75,18581.25,18576.25,18580.75,260
03/31/2024,21:27:00,18580.5,18582.5,18578.0,18580.0,277
03/31/2024,21:30:00,18578.75,18579.5,18577.5,18577.5,70
03/31/2024,21:33:00,18577.5,18578.25,18572.0,18573.5,320
03/31/2024,21:36:00,18573.0,18574.25,18570.5,18571.5,230
03/31/2024,21:39:00,18571.0,18573.75,18566.75,18573.0,558
03/31/2024,21:42:00,18572.5,18573.5,18567.25,18572.75,282
03/31/2024,21:45:00,18572.75,18574.75,18569.25,18573.5,250
03/31/2024,21:48:00,18574.0,18576.75,18573.0,18573.75,204
03/31/2024,21:51:00,18574.0,18575.5,18571.0,18574.0,257
03/31/2024,21:54:00,18574.0,18574.0,18571.75,18573.5,113
03/31/2024,21:57:00,18573.5,18574.0,18572.75,18573.0,53
03/31/2024,22:00:00,18573.0,18574.0,18571.5,18572.25,168
03/31/2024,22:03:00,18572.75,18572.75,18570.5,18571.75,175
03/31/2024,22:06:00,18571.25,18571.25,18567.75,18568.25,156
03/31/2024,22:09:00,18568.0,18569.75,18565.75,18567.75,224
03/31/2024,22:12:00,18567.75,18570.75,18566.5,18567.5,136
03/31/2024,22:15:00,18567.0,18567.75,18563.25,18565.5,308
03/31/2024,22:18:00,18565.5,18567.5,18564.0,18565.0,112
03/31/2024,22:21:00,18565.25,18568.0,18565.0,18567.25,97
03/31/2024,22:24:00,18566.5,18567.5,18565.25,18567.25,92
03/31/2024,22:27:00,18566.5,18571.5,18565.75,18571.0,344
03/31/2024,22:30:00,18571.5,18577.25,18571.25,18576.0,573
03/31/2024,22:33:00,18576.5,18577.25,18572.25,18573.25,341
03/31/2024,22:36:00,18573.0,18574.5,18571.25,18573.75,126
03/31/2024,22:39:00,18573.75,18579.0,18573.25,18578.5,205
03/31/2024,22:42:00,18578.25,18583.0,18578.25,18580.5,379
03/31/2024,22:45:00,18581.0,18583.25,18579.5,18582.0,153
03/31/2024,22:48:00,18581.5,18584.0,18581.25,18582.75,89
03/31/2024,22:51:00,18582.75,18585.0,18581.0,18581.75,237
03/31/2024,22:54:00,18582.0,18583.0,18580.5,18581.5,83
03/31/2024,22:57:00,18581.5,18585.75,18581.5,18584.5,198
03/31/2024,23:00:00,18584.5,18587.25,18584.5,18586.5,265
03/31/2024,23:03:00,18586.75,18588.25,18585.75,18587.0,159
03/31/2024,23:06:00,18587.25,18587.25,18583.75,18584.75,223
03/31/2024,23:09:00,18585.0,18585.75,18582.75,18583.5,121
03/31/2024,23:12:00,18583.5,18583.5,18582.0,18583.5,117
03/31/2024,23:15:00,18583.75,18585.0,18583.0,18585.0,116
03/31/2024,23:18:00,18585.0,18586.0,18581.0,18581.25,208
03/31/2024,23:21:00,18581.25,18582.25,18580.75,18581.75,71
03/31/2024,23:24:00,18581.75,18583.25,18580.5,18581.75,93
03/31/2024,23:27:00,18581.5,18586.5,18581.5,18586.0,216
03/31/2024,23:30:00,18586.0,18587.0,18585.25,18585.75,117
03/31/2024,23:33:00,18585.75,18587.25,18585.25,18585.75,115
03/31/2024,23:36:00,18585.75,18586.25,18582.25,18584.75,144
03/31/2024,23:39:00,18584.25,18586.75,18583.25,18585.5,81
03/31/2024,23:42:00,18586.0,18587.0,18585.5,18586.5,84
03/31/2024,23:45:00,18586.5,18591.0,18586.0,18588.5,263
03/31/2024,23:48:00,18588.25,18589.75,18586.75,18588.5,96
03/31/2024,23:51:00,18588.25,18589.75,18587.5,18588.5,89
03/31/2024,23:54:00,18588.5,18589.75,18587.75,18589.0,52
03/31/2024,23:57:00,18588.75,18590.0,18588.5,18589.5,46
